0 verbose cli /usr/local/bin/node /usr/local/bin/npm
1 info using npm@11.16.0
2 info using node@v24.18.0
3 silly config load:file:/usr/local/lib/node_modules/npm/npmrc
4 silly config load:file:/Users/mushfiq/Desktop/football-auction2/football-auction-backend/.npmrc
5 silly config load:file:/Users/mushfiq/.npmrc
6 silly config load:file:/usr/local/etc/npmrc
7 verbose title npm install typescript prisma @types/node @types/express @types/cors @types/bcryptjs @types/jsonwebtoken @types/multer ts-node-dev
8 verbose argv "install" "--save-dev" "typescript" "prisma" "@types/node" "@types/express" "@types/cors" "@types/bcryptjs" "@types/jsonwebtoken" "@types/multer" "ts-node-dev" "--cache" "/Users/mushfiq/Desktop/football-auction2/.npm-cache"
9 verbose logfile logs-max:10 dir:/Users/mushfiq/Desktop/football-auction2/.npm-cache/_logs/2026-08-04T17_02_33_087Z-
10 verbose logfile /Users/mushfiq/Desktop/football-auction2/.npm-cache/_logs/2026-08-04T17_02_33_087Z-debug-0.log
11 silly logfile done cleaning log files
12 silly packumentCache heap:2348810240 maxSize:587202560 maxEntrySize:293601280
13 silly idealTree buildDeps
14 silly fetch manifest typescript@*
15 silly packumentCache full:https://registry.npmjs.org/typescript cache-miss
16 http cache https://registry.npmjs.org/typescript 33ms (cache hit)
17 silly packumentCache full:https://registry.npmjs.org/typescript set size:15513951 disposed:false
18 silly fetch manifest prisma@*
19 silly packumentCache full:https://registry.npmjs.org/prisma cache-miss
20 http cache https://registry.npmjs.org/prisma 58ms (cache hit)
21 silly packumentCache full:https://registry.npmjs.org/prisma set size:43649502 disposed:false
22 silly fetch manifest better-sqlite3@>=9.0.0
23 silly packumentCache full:https://registry.npmjs.org/better-sqlite3 cache-miss
24 http cache https://registry.npmjs.org/better-sqlite3 2ms (cache hit)
25 silly packumentCache full:https://registry.npmjs.org/better-sqlite3 set size:390485 disposed:false
26 silly fetch manifest @types/node@*
27 silly packumentCache full:https://registry.npmjs.org/@types%2fnode cache-miss
28 http cache https://registry.npmjs.org/@types%2fnode 15ms (cache hit)
29 silly packumentCache full:https://registry.npmjs.org/@types%2fnode set size:11084776 disposed:false
30 silly fetch manifest @types/express@*
31 silly packumentCache full:https://registry.npmjs.org/@types%2fexpress cache-miss
32 http fetch GET 200 https://registry.npmjs.org/@types%2fexpress 548ms (cache miss)
33 silly packumentCache full:https://registry.npmjs.org/@types%2fexpress set size:undefined disposed:false
34 silly fetch manifest @types/cors@*
35 silly packumentCache full:https://registry.npmjs.org/@types%2fcors cache-miss
36 http cache https://registry.npmjs.org/@types%2fcors 2ms (cache hit)
37 silly packumentCache full:https://registry.npmjs.org/@types%2fcors set size:56991 disposed:false
38 silly fetch manifest @types/bcryptjs@*
39 silly packumentCache full:https://registry.npmjs.org/@types%2fbcryptjs cache-miss
40 http fetch GET 200 https://registry.npmjs.org/@types%2fbcryptjs 472ms (cache miss)
41 silly packumentCache full:https://registry.npmjs.org/@types%2fbcryptjs set size:undefined disposed:false
42 silly fetch manifest @types/jsonwebtoken@*
43 silly packumentCache full:https://registry.npmjs.org/@types%2fjsonwebtoken cache-miss
44 http fetch GET 200 https://registry.npmjs.org/@types%2fjsonwebtoken 459ms (cache miss)
45 silly packumentCache full:https://registry.npmjs.org/@types%2fjsonwebtoken set size:undefined disposed:false
46 silly fetch manifest @types/multer@*
47 silly packumentCache full:https://registry.npmjs.org/@types%2fmulter cache-miss
48 http fetch GET 200 https://registry.npmjs.org/@types%2fmulter 476ms (cache miss)
49 silly packumentCache full:https://registry.npmjs.org/@types%2fmulter set size:undefined disposed:false
50 silly fetch manifest ts-node-dev@*
51 silly packumentCache full:https://registry.npmjs.org/ts-node-dev cache-miss
52 http fetch GET 200 https://registry.npmjs.org/ts-node-dev 287ms (cache miss)
53 silly packumentCache full:https://registry.npmjs.org/ts-node-dev set size:undefined disposed:false
54 silly fetch manifest node-notifier@*
55 silly packumentCache full:https://registry.npmjs.org/node-notifier cache-miss
56 http fetch GET 200 https://registry.npmjs.org/node-notifier 256ms (cache miss)
57 silly packumentCache full:https://registry.npmjs.org/node-notifier set size:undefined disposed:false
58 silly placeDep ROOT @types/bcryptjs@2.4.6 OK for: football-auction-backend@1.0.0 want: *
59 silly placeDep ROOT @types/cors@2.8.19 REPLACE for: football-auction-backend@1.0.0 want: *
60 silly placeDep ROOT @types/express@5.0.6 OK for: football-auction-backend@1.0.0 want: *
61 silly placeDep ROOT @types/jsonwebtoken@9.0.10 OK for: football-auction-backend@1.0.0 want: *
62 silly placeDep ROOT @types/multer@2.2.0 OK for: football-auction-backend@1.0.0 want: *
63 silly placeDep ROOT @types/node@26.1.2 REPLACE for: football-auction-backend@1.0.0 want: *
64 silly placeDep ROOT prisma@7.9.1 OK for: football-auction-backend@1.0.0 want: *
65 silly placeDep ROOT ts-node-dev@2.0.0 OK for: football-auction-backend@1.0.0 want: *
66 silly placeDep ROOT typescript@7.0.2 OK for: ts-node-dev@2.0.0 want: *
67 silly placeDep ROOT typescript@7.0.2 REPLACE for: football-auction-backend@1.0.0 want: *
68 silly fetch manifest @types/body-parser@*
69 silly packumentCache full:https://registry.npmjs.org/@types%2fbody-parser cache-miss
70 silly fetch manifest @types/serve-static@^2
71 silly packumentCache full:https://registry.npmjs.org/@types%2fserve-static cache-miss
72 silly fetch manifest @types/express-serve-static-core@^5.0.0
73 silly packumentCache full:https://registry.npmjs.org/@types%2fexpress-serve-static-core cache-miss
74 silly fetch manifest @types/ms@*
75 silly packumentCache full:https://registry.npmjs.org/@types%2fms cache-miss
76 silly fetch manifest mysql2@3.15.3
77 silly packumentCache full:https://registry.npmjs.org/mysql2 cache-miss
78 silly fetch manifest postgres@3.4.7
79 silly packumentCache full:https://registry.npmjs.org/postgres cache-miss
80 silly fetch manifest @prisma/dev@0.24.17
81 silly packumentCache full:https://registry.npmjs.org/@prisma%2fdev cache-miss
82 http fetch GET 200 https://registry.npmjs.org/postgres 318ms (cache miss)
83 silly packumentCache full:https://registry.npmjs.org/postgres set size:undefined disposed:false
84 silly fetch manifest @prisma/config@7.9.1
85 silly packumentCache full:https://registry.npmjs.org/@prisma%2fconfig cache-miss
86 http fetch GET 200 https://registry.npmjs.org/mysql2 325ms (cache miss)
87 silly packumentCache full:https://registry.npmjs.org/mysql2 set size:undefined disposed:false
88 silly fetch manifest @prisma/engines@7.9.1
89 silly packumentCache full:https://registry.npmjs.org/@prisma%2fengines cache-miss
90 http fetch GET 200 https://registry.npmjs.org/@types%2fbody-parser 478ms (cache miss)
91 silly packumentCache full:https://registry.npmjs.org/@types%2fbody-parser set size:undefined disposed:false
92 silly fetch manifest @prisma/studio-core@0.33.0
93 silly packumentCache full:https://registry.npmjs.org/@prisma%2fstudio-core cache-miss
94 http fetch GET 200 https://registry.npmjs.org/@types%2fserve-static 496ms (cache miss)
95 silly packumentCache full:https://registry.npmjs.org/@types%2fserve-static set size:undefined disposed:false
96 silly fetch manifest chokidar@^3.5.1
97 silly packumentCache full:https://registry.npmjs.org/chokidar cache-miss
98 http fetch GET 200 https://registry.npmjs.org/@types%2fms 500ms (cache miss)
99 silly packumentCache full:https://registry.npmjs.org/@types%2fms set size:undefined disposed:false
100 silly fetch manifest dynamic-dedupe@^0.3.0
101 silly packumentCache full:https://registry.npmjs.org/dynamic-dedupe cache-miss
102 http fetch GET 200 https://registry.npmjs.org/@types%2fexpress-serve-static-core 518ms (cache miss)
103 silly packumentCache full:https://registry.npmjs.org/@types%2fexpress-serve-static-core set size:undefined disposed:false
104 silly fetch manifest minimist@^1.2.6
105 silly packumentCache full:https://registry.npmjs.org/minimist cache-miss
106 http fetch GET 200 https://registry.npmjs.org/chokidar 43ms (cache miss)
107 silly packumentCache full:https://registry.npmjs.org/chokidar set size:undefined disposed:false
108 silly fetch manifest mkdirp@^1.0.4
109 silly packumentCache full:https://registry.npmjs.org/mkdirp cache-miss
110 http fetch GET 200 https://registry.npmjs.org/minimist 26ms (cache miss)
111 silly packumentCache full:https://registry.npmjs.org/minimist set size:undefined disposed:false
112 silly fetch manifest resolve@^1.0.0
113 silly packumentCache full:https://registry.npmjs.org/resolve cache-miss
114 http fetch GET 200 https://registry.npmjs.org/resolve 272ms (cache miss)
115 silly packumentCache full:https://registry.npmjs.org/resolve set size:undefined disposed:false
116 silly fetch manifest rimraf@^2.6.1
117 silly packumentCache full:https://registry.npmjs.org/rimraf cache-miss
118 http fetch GET 200 https://registry.npmjs.org/mkdirp 282ms (cache miss)
119 silly packumentCache full:https://registry.npmjs.org/mkdirp set size:undefined disposed:false
120 silly fetch manifest source-map-support@^0.5.12
121 silly packumentCache full:https://registry.npmjs.org/source-map-support cache-miss
122 http fetch GET 200 https://registry.npmjs.org/@prisma%2fdev 1003ms (cache miss)
123 silly packumentCache full:https://registry.npmjs.org/@prisma%2fdev set size:undefined disposed:false
124 silly fetch manifest tree-kill@^1.2.2
125 silly packumentCache full:https://registry.npmjs.org/tree-kill cache-miss
126 http fetch GET 200 https://registry.npmjs.org/dynamic-dedupe 522ms (cache miss)
127 silly packumentCache full:https://registry.npmjs.org/dynamic-dedupe set size:undefined disposed:false
128 silly fetch manifest ts-node@^10.4.0
129 silly packumentCache full:https://registry.npmjs.org/ts-node cache-miss
130 http fetch GET 200 https://registry.npmjs.org/source-map-support 236ms (cache miss)
131 silly packumentCache full:https://registry.npmjs.org/source-map-support set size:undefined disposed:false
132 silly fetch manifest tsconfig@^7.0.0
133 silly packumentCache full:https://registry.npmjs.org/tsconfig cache-miss
134 http fetch GET 200 https://registry.npmjs.org/rimraf 282ms (cache miss)
135 silly packumentCache full:https://registry.npmjs.org/rimraf set size:undefined disposed:false
136 silly fetch manifest @typescript/typescript-aix-ppc64@7.0.2
137 silly packumentCache full:https://registry.npmjs.org/@typescript%2ftypescript-aix-ppc64 cache-miss
138 http fetch GET 200 https://registry.npmjs.org/tree-kill 237ms (cache miss)
139 silly packumentCache full:https://registry.npmjs.org/tree-kill set size:undefined disposed:false
140 silly fetch manifest @typescript/typescript-linux-arm@7.0.2
141 silly packumentCache full:https://registry.npmjs.org/@typescript%2ftypescript-linux-arm cache-miss
142 http fetch GET 200 https://registry.npmjs.org/tsconfig 249ms (cache miss)
143 silly packumentCache full:https://registry.npmjs.org/tsconfig set size:undefined disposed:false
144 silly fetch manifest @typescript/typescript-linux-x64@7.0.2
145 silly packumentCache full:https://registry.npmjs.org/@typescript%2ftypescript-linux-x64 cache-miss
146 http fetch GET 200 https://registry.npmjs.org/ts-node 567ms (cache miss)
147 silly packumentCache full:https://registry.npmjs.org/ts-node set size:undefined disposed:false
148 silly fetch manifest @typescript/typescript-sunos-x64@7.0.2
149 silly packumentCache full:https://registry.npmjs.org/@typescript%2ftypescript-sunos-x64 cache-miss
150 http fetch GET 200 https://registry.npmjs.org/@prisma%2fconfig 1404ms (cache miss)
151 silly packumentCache full:https://registry.npmjs.org/@prisma%2fconfig set size:undefined disposed:false
152 silly fetch manifest @typescript/typescript-win32-x64@7.0.2
153 silly packumentCache full:https://registry.npmjs.org/@typescript%2ftypescript-win32-x64 cache-miss
154 http fetch GET 200 https://registry.npmjs.org/@typescript%2ftypescript-aix-ppc64 772ms (cache miss)
155 silly packumentCache full:https://registry.npmjs.org/@typescript%2ftypescript-aix-ppc64 set size:undefined disposed:false
156 silly fetch manifest @typescript/typescript-darwin-x64@7.0.2
157 silly packumentCache full:https://registry.npmjs.org/@typescript%2ftypescript-darwin-x64 cache-miss
158 http fetch GET 200 https://registry.npmjs.org/@prisma%2fengines 2001ms (cache miss)
159 silly packumentCache full:https://registry.npmjs.org/@prisma%2fengines set size:undefined disposed:false
160 silly fetch manifest @typescript/typescript-netbsd-x64@7.0.2
161 silly packumentCache full:https://registry.npmjs.org/@typescript%2ftypescript-netbsd-x64 cache-miss
162 http fetch GET 200 https://registry.npmjs.org/@typescript%2ftypescript-linux-arm 1169ms (cache miss)
163 silly packumentCache full:https://registry.npmjs.org/@typescript%2ftypescript-linux-arm set size:undefined disposed:false
164 silly fetch manifest @typescript/typescript-freebsd-x64@7.0.2
165 silly packumentCache full:https://registry.npmjs.org/@typescript%2ftypescript-freebsd-x64 cache-miss
166 http fetch GET 200 https://registry.npmjs.org/@prisma%2fstudio-core 1965ms (cache miss)
167 silly packumentCache full:https://registry.npmjs.org/@prisma%2fstudio-core set size:undefined disposed:false
168 silly fetch manifest @typescript/typescript-linux-arm64@7.0.2
169 silly packumentCache full:https://registry.npmjs.org/@typescript%2ftypescript-linux-arm64 cache-miss
170 http fetch GET 200 https://registry.npmjs.org/@typescript%2ftypescript-sunos-x64 1196ms (cache miss)
171 silly packumentCache full:https://registry.npmjs.org/@typescript%2ftypescript-sunos-x64 set size:undefined disposed:false
172 silly fetch manifest @typescript/typescript-linux-ppc64@7.0.2
173 silly packumentCache full:https://registry.npmjs.org/@typescript%2ftypescript-linux-ppc64 cache-miss
174 http fetch GET 200 https://registry.npmjs.org/@typescript%2ftypescript-win32-x64 1826ms (cache miss)
175 silly packumentCache full:https://registry.npmjs.org/@typescript%2ftypescript-win32-x64 set size:undefined disposed:false
176 silly fetch manifest @typescript/typescript-linux-s390x@7.0.2
177 silly packumentCache full:https://registry.npmjs.org/@typescript%2ftypescript-linux-s390x cache-miss
178 http fetch GET 200 https://registry.npmjs.org/@typescript%2ftypescript-linux-ppc64 929ms (cache miss)
179 silly packumentCache full:https://registry.npmjs.org/@typescript%2ftypescript-linux-ppc64 set size:undefined disposed:false
180 silly fetch manifest @typescript/typescript-openbsd-x64@7.0.2
181 silly packumentCache full:https://registry.npmjs.org/@typescript%2ftypescript-openbsd-x64 cache-miss
182 http fetch GET 200 https://registry.npmjs.org/@typescript%2ftypescript-darwin-x64 2184ms (cache miss)
183 silly packumentCache full:https://registry.npmjs.org/@typescript%2ftypescript-darwin-x64 set size:undefined disposed:false
184 silly fetch manifest @typescript/typescript-win32-arm64@7.0.2
185 silly packumentCache full:https://registry.npmjs.org/@typescript%2ftypescript-win32-arm64 cache-miss
186 http fetch GET 200 https://registry.npmjs.org/@typescript%2ftypescript-netbsd-x64 1917ms (cache miss)
187 silly packumentCache full:https://registry.npmjs.org/@typescript%2ftypescript-netbsd-x64 set size:undefined disposed:false
188 silly fetch manifest @typescript/typescript-darwin-arm64@7.0.2
189 silly packumentCache full:https://registry.npmjs.org/@typescript%2ftypescript-darwin-arm64 cache-miss
190 http fetch GET 200 https://registry.npmjs.org/@typescript%2ftypescript-linux-x64 3781ms (cache miss)
191 silly packumentCache full:https://registry.npmjs.org/@typescript%2ftypescript-linux-x64 set size:undefined disposed:false
192 silly fetch manifest @typescript/typescript-netbsd-arm64@7.0.2
193 silly packumentCache full:https://registry.npmjs.org/@typescript%2ftypescript-netbsd-arm64 cache-miss
194 http fetch GET 200 https://registry.npmjs.org/@typescript%2ftypescript-linux-arm64 2743ms (cache miss)
195 silly packumentCache full:https://registry.npmjs.org/@typescript%2ftypescript-linux-arm64 set size:undefined disposed:false
196 silly fetch manifest @typescript/typescript-freebsd-arm64@7.0.2
197 silly packumentCache full:https://registry.npmjs.org/@typescript%2ftypescript-freebsd-arm64 cache-miss
198 http fetch GET 200 https://registry.npmjs.org/@typescript%2ftypescript-win32-arm64 1378ms (cache miss)
199 silly packumentCache full:https://registry.npmjs.org/@typescript%2ftypescript-win32-arm64 set size:undefined disposed:false
200 silly fetch manifest @typescript/typescript-linux-loong64@7.0.2
201 silly packumentCache full:https://registry.npmjs.org/@typescript%2ftypescript-linux-loong64 cache-miss
202 http fetch GET 200 https://registry.npmjs.org/@typescript%2ftypescript-openbsd-x64 1921ms (cache miss)
203 silly packumentCache full:https://registry.npmjs.org/@typescript%2ftypescript-openbsd-x64 set size:undefined disposed:false
204 silly fetch manifest @typescript/typescript-linux-riscv64@7.0.2
205 silly packumentCache full:https://registry.npmjs.org/@typescript%2ftypescript-linux-riscv64 cache-miss
206 http fetch GET 200 https://registry.npmjs.org/@typescript%2ftypescript-freebsd-x64 3380ms (cache miss)
207 silly packumentCache full:https://registry.npmjs.org/@typescript%2ftypescript-freebsd-x64 set size:undefined disposed:false
208 silly fetch manifest @typescript/typescript-openbsd-arm64@7.0.2
209 silly packumentCache full:https://registry.npmjs.org/@typescript%2ftypescript-openbsd-arm64 cache-miss
210 http fetch GET 200 https://registry.npmjs.org/@typescript%2ftypescript-linux-s390x 2358ms (cache miss)
211 silly packumentCache full:https://registry.npmjs.org/@typescript%2ftypescript-linux-s390x set size:undefined disposed:false
212 silly fetch manifest @typescript/typescript-linux-mips64el@7.0.2
213 silly packumentCache full:https://registry.npmjs.org/@typescript%2ftypescript-linux-mips64el cache-miss
214 http fetch GET 200 https://registry.npmjs.org/@typescript%2ftypescript-freebsd-arm64 805ms (cache miss)
215 silly packumentCache full:https://registry.npmjs.org/@typescript%2ftypescript-freebsd-arm64 set size:undefined disposed:false
216 silly fetch manifest @typescript/typescript-darwin-arm64@7.0.2
217 silly packumentCache full:https://registry.npmjs.org/@typescript%2ftypescript-darwin-arm64 cache-miss
218 http fetch GET 200 https://registry.npmjs.org/@typescript%2ftypescript-linux-loong64 1065ms (cache miss)
219 silly packumentCache full:https://registry.npmjs.org/@typescript%2ftypescript-linux-loong64 set size:undefined disposed:false
220 silly fetch manifest @typescript/typescript-netbsd-arm64@7.0.2
221 silly packumentCache full:https://registry.npmjs.org/@typescript%2ftypescript-netbsd-arm64 cache-miss
222 http fetch GET 200 https://registry.npmjs.org/@typescript%2ftypescript-linux-riscv64 931ms (cache miss)
223 silly packumentCache full:https://registry.npmjs.org/@typescript%2ftypescript-linux-riscv64 set size:undefined disposed:false
224 silly fetch manifest @typescript/typescript-openbsd-arm64@7.0.2
225 silly packumentCache full:https://registry.npmjs.org/@typescript%2ftypescript-openbsd-arm64 cache-miss
226 http fetch GET 200 https://registry.npmjs.org/@typescript%2ftypescript-openbsd-arm64 38ms (cache miss)
227 silly packumentCache full:https://registry.npmjs.org/@typescript%2ftypescript-openbsd-arm64 set size:undefined disposed:false
228 silly fetch manifest @typescript/typescript-linux-mips64el@7.0.2
229 silly packumentCache full:https://registry.npmjs.org/@typescript%2ftypescript-linux-mips64el cache-miss
230 http fetch GET 200 https://registry.npmjs.org/@typescript%2ftypescript-openbsd-arm64 807ms (cache miss)
231 silly packumentCache full:https://registry.npmjs.org/@typescript%2ftypescript-openbsd-arm64 set size:undefined disposed:false
232 http fetch GET 200 https://registry.npmjs.org/@typescript%2ftypescript-netbsd-arm64 1556ms (cache miss)
233 silly packumentCache full:https://registry.npmjs.org/@typescript%2ftypescript-netbsd-arm64 set size:undefined disposed:false
234 http fetch GET 200 https://registry.npmjs.org/@typescript%2ftypescript-netbsd-arm64 138ms (cache miss)
235 silly packumentCache full:https://registry.npmjs.org/@typescript%2ftypescript-netbsd-arm64 set size:undefined disposed:false
236 http fetch GET 200 https://registry.npmjs.org/@typescript%2ftypescript-linux-mips64el 88ms (cache miss)
237 silly packumentCache full:https://registry.npmjs.org/@typescript%2ftypescript-linux-mips64el set size:undefined disposed:false
238 http fetch GET 200 https://registry.npmjs.org/@typescript%2ftypescript-linux-mips64el 773ms (cache miss)
239 silly packumentCache full:https://registry.npmjs.org/@typescript%2ftypescript-linux-mips64el set size:undefined disposed:false
240 http fetch GET 200 https://registry.npmjs.org/@typescript%2ftypescript-darwin-arm64 2669ms (cache miss)
241 silly packumentCache full:https://registry.npmjs.org/@typescript%2ftypescript-darwin-arm64 set size:undefined disposed:false
242 http fetch GET 200 https://registry.npmjs.org/@typescript%2ftypescript-darwin-arm64 4365ms (cache miss)
243 silly packumentCache full:https://registry.npmjs.org/@typescript%2ftypescript-darwin-arm64 set size:undefined disposed:false
244 silly placeDep ROOT @types/body-parser@1.19.6 OK for: @types/express@5.0.6 want: *
245 silly placeDep ROOT @types/express-serve-static-core@5.1.3 OK for: @types/express@5.0.6 want: ^5.0.0
246 silly placeDep ROOT @types/serve-static@2.2.0 OK for: @types/express@5.0.6 want: ^2
247 silly fetch manifest @types/connect@*
248 silly packumentCache full:https://registry.npmjs.org/@types%2fconnect cache-miss
249 silly fetch manifest @types/qs@*
250 silly packumentCache full:https://registry.npmjs.org/@types%2fqs cache-miss
251 silly fetch manifest @types/send@*
252 silly packumentCache full:https://registry.npmjs.org/@types%2fsend cache-miss
253 silly fetch manifest @types/range-parser@*
254 silly packumentCache full:https://registry.npmjs.org/@types%2frange-parser cache-miss
255 silly fetch manifest @types/http-errors@*
256 silly packumentCache full:https://registry.npmjs.org/@types%2fhttp-errors cache-miss
257 http fetch GET 200 https://registry.npmjs.org/@types%2fsend 474ms (cache miss)
258 silly packumentCache full:https://registry.npmjs.org/@types%2fsend set size:undefined disposed:false
259 http fetch GET 200 https://registry.npmjs.org/@types%2fhttp-errors 476ms (cache miss)
260 silly packumentCache full:https://registry.npmjs.org/@types%2fhttp-errors set size:undefined disposed:false
261 http fetch GET 200 https://registry.npmjs.org/@types%2fconnect 488ms (cache miss)
262 silly packumentCache full:https://registry.npmjs.org/@types%2fconnect set size:undefined disposed:false
263 http fetch GET 200 https://registry.npmjs.org/@types%2frange-parser 488ms (cache miss)
264 silly packumentCache full:https://registry.npmjs.org/@types%2frange-parser set size:undefined disposed:false
265 http fetch GET 200 https://registry.npmjs.org/@types%2fqs 489ms (cache miss)
266 silly packumentCache full:https://registry.npmjs.org/@types%2fqs set size:undefined disposed:false
267 silly placeDep ROOT @types/connect@3.4.38 OK for: @types/body-parser@1.19.6 want: *
268 silly placeDep ROOT @types/qs@6.15.1 OK for: @types/express-serve-static-core@5.1.3 want: *
269 silly placeDep ROOT @types/range-parser@1.2.7 OK for: @types/express-serve-static-core@5.1.3 want: *
270 silly placeDep ROOT @types/send@1.2.1 OK for: @types/express-serve-static-core@5.1.3 want: *
271 silly placeDep ROOT @types/ms@2.1.0 OK for: @types/jsonwebtoken@9.0.10 want: *
272 silly placeDep ROOT @types/http-errors@2.0.5 OK for: @types/serve-static@2.2.0 want: *
273 silly fetch manifest @types/react@^18.0.0 || ^19.0.0
274 silly packumentCache full:https://registry.npmjs.org/@types%2freact cache-miss
275 http fetch GET 200 https://registry.npmjs.org/@types%2freact 462ms (cache miss)
276 silly packumentCache full:https://registry.npmjs.org/@types%2freact set size:undefined disposed:false
277 silly fetch manifest react@^18.0.0 || ^19.0.0
278 silly packumentCache full:https://registry.npmjs.org/react cache-miss
279 http cache https://registry.npmjs.org/react 25ms (cache hit)
280 silly packumentCache full:https://registry.npmjs.org/react set size:6863945 disposed:false
281 silly fetch manifest react-dom@^18.0.0 || ^19.0.0
282 silly packumentCache full:https://registry.npmjs.org/react-dom cache-miss
283 http cache https://registry.npmjs.org/react-dom 16ms (cache hit)
284 silly packumentCache full:https://registry.npmjs.org/react-dom set size:9214049 disposed:false
285 silly placeDep ROOT @prisma/config@7.9.1 OK for: prisma@7.9.1 want: 7.9.1
286 silly placeDep ROOT @prisma/dev@0.24.17 OK for: prisma@7.9.1 want: 0.24.17
287 silly placeDep ROOT @prisma/engines@7.9.1 OK for: prisma@7.9.1 want: 7.9.1
288 silly placeDep ROOT @prisma/studio-core@0.33.0 OK for: prisma@7.9.1 want: 0.33.0
289 silly placeDep ROOT @types/react@19.2.18 OK for: @prisma/studio-core@0.33.0 want: ^18.0.0 || ^19.0.0
290 silly placeDep ROOT react@19.2.8 OK for: @prisma/studio-core@0.33.0 want: ^18.0.0 || ^19.0.0
291 silly placeDep ROOT react-dom@19.2.8 OK for: @prisma/studio-core@0.33.0 want: ^18.0.0 || ^19.0.0
292 silly placeDep ROOT mysql2@3.15.3 OK for: prisma@7.9.1 want: 3.15.3
293 silly placeDep ROOT postgres@3.4.7 OK for: prisma@7.9.1 want: 3.4.7
294 silly fetch manifest c12@3.3.4
295 silly packumentCache full:https://registry.npmjs.org/c12 cache-miss
296 silly fetch manifest effect@3.20.0
297 silly packumentCache full:https://registry.npmjs.org/effect cache-miss
298 silly fetch manifest empathic@2.0.0
299 silly packumentCache full:https://registry.npmjs.org/empathic cache-miss
300 silly fetch manifest deepmerge-ts@7.1.5
301 silly packumentCache full:https://registry.npmjs.org/deepmerge-ts cache-miss
302 silly fetch manifest pathe@2.0.3
303 silly packumentCache full:https://registry.npmjs.org/pathe cache-miss
304 silly fetch manifest remeda@2.33.4
305 silly packumentCache full:https://registry.npmjs.org/remeda cache-miss
306 silly fetch manifest std-env@3.10.0
307 silly packumentCache full:https://registry.npmjs.org/std-env cache-miss
308 http fetch GET 200 https://registry.npmjs.org/pathe 38ms (cache miss)
309 silly packumentCache full:https://registry.npmjs.org/pathe set size:undefined disposed:false
310 silly fetch manifest valibot@1.4.2
311 silly packumentCache full:https://registry.npmjs.org/valibot cache-miss
312 http fetch GET 200 https://registry.npmjs.org/empathic 243ms (cache miss)
313 silly packumentCache full:https://registry.npmjs.org/empathic set size:undefined disposed:false
314 silly fetch manifest zeptomatch@2.1.0
315 silly packumentCache full:https://registry.npmjs.org/zeptomatch cache-miss
316 http fetch GET 200 https://registry.npmjs.org/std-env 255ms (cache miss)
317 silly packumentCache full:https://registry.npmjs.org/std-env set size:undefined disposed:false
318 silly fetch manifest find-my-way@9.7.0
319 silly packumentCache full:https://registry.npmjs.org/find-my-way cache-miss
320 http fetch GET 200 https://registry.npmjs.org/deepmerge-ts 262ms (cache miss)
321 silly packumentCache full:https://registry.npmjs.org/deepmerge-ts set size:undefined disposed:false
322 silly fetch manifest get-port-please@3.2.0
323 silly packumentCache full:https://registry.npmjs.org/get-port-please cache-miss
324 http fetch GET 200 https://registry.npmjs.org/c12 280ms (cache miss)
325 silly packumentCache full:https://registry.npmjs.org/c12 set size:undefined disposed:false
326 silly fetch manifest proper-lockfile@4.1.2
327 silly packumentCache full:https://registry.npmjs.org/proper-lockfile cache-miss
328 http fetch GET 200 https://registry.npmjs.org/remeda 294ms (cache miss)
329 silly packumentCache full:https://registry.npmjs.org/remeda set size:undefined disposed:false
330 silly fetch manifest foreground-child@3.3.1
331 silly packumentCache full:https://registry.npmjs.org/foreground-child cache-miss
332 http fetch GET 200 https://registry.npmjs.org/valibot 262ms (cache miss)
333 silly packumentCache full:https://registry.npmjs.org/valibot set size:undefined disposed:false
334 silly fetch manifest @electric-sql/pglite@0.4.3
335 silly packumentCache full:https://registry.npmjs.org/@electric-sql%2fpglite cache-miss
336 http fetch GET 200 https://registry.npmjs.org/zeptomatch 260ms (cache miss)
337 silly packumentCache full:https://registry.npmjs.org/zeptomatch set size:undefined disposed:false
338 silly fetch manifest @prisma/get-platform@7.2.0
339 silly packumentCache full:https://registry.npmjs.org/@prisma%2fget-platform cache-miss
340 http fetch GET 200 https://registry.npmjs.org/get-port-please 263ms (cache miss)
341 silly packumentCache full:https://registry.npmjs.org/get-port-please set size:undefined disposed:false
342 silly fetch manifest @prisma/streams-local@0.1.11
343 silly packumentCache full:https://registry.npmjs.org/@prisma%2fstreams-local cache-miss
344 http fetch GET 200 https://registry.npmjs.org/find-my-way 274ms (cache miss)
345 silly packumentCache full:https://registry.npmjs.org/find-my-way set size:undefined disposed:false
346 silly fetch manifest @electric-sql/pglite-tools@0.3.3
347 silly packumentCache full:https://registry.npmjs.org/@electric-sql%2fpglite-tools cache-miss
348 http fetch GET 200 https://registry.npmjs.org/proper-lockfile 253ms (cache miss)
349 silly packumentCache full:https://registry.npmjs.org/proper-lockfile set size:undefined disposed:false
350 silly fetch manifest @electric-sql/pglite-socket@0.1.3
351 silly packumentCache full:https://registry.npmjs.org/@electric-sql%2fpglite-socket cache-miss
352 http fetch GET 200 https://registry.npmjs.org/effect 557ms (cache miss)
353 silly packumentCache full:https://registry.npmjs.org/effect set size:undefined disposed:false
354 silly fetch manifest @prisma/query-plan-executor@7.2.0
355 silly packumentCache full:https://registry.npmjs.org/@prisma%2fquery-plan-executor cache-miss
356 http fetch GET 200 https://registry.npmjs.org/foreground-child 291ms (cache miss)
357 silly packumentCache full:https://registry.npmjs.org/foreground-child set size:undefined disposed:false
358 silly fetch manifest @prisma/debug@7.9.1
359 silly packumentCache full:https://registry.npmjs.org/@prisma%2fdebug cache-miss
360 http fetch GET 200 https://registry.npmjs.org/@electric-sql%2fpglite 911ms (cache miss)
361 silly packumentCache full:https://registry.npmjs.org/@electric-sql%2fpglite set size:undefined disposed:false
362 silly fetch manifest @prisma/fetch-engine@7.9.1
363 silly packumentCache full:https://registry.npmjs.org/@prisma%2ffetch-engine cache-miss
364 http fetch GET 200 https://registry.npmjs.org/@electric-sql%2fpglite-socket 1153ms (cache miss)
365 silly packumentCache full:https://registry.npmjs.org/@electric-sql%2fpglite-socket set size:undefined disposed:false
366 silly fetch manifest @prisma/get-platform@7.9.1
367 silly packumentCache full:https://registry.npmjs.org/@prisma%2fget-platform cache-miss
368 http fetch GET 200 https://registry.npmjs.org/@prisma%2fget-platform 1894ms (cache miss)
369 silly packumentCache full:https://registry.npmjs.org/@prisma%2fget-platform set size:undefined disposed:false
370 silly fetch manifest @prisma/engines-version@7.9.0-1.e922089b7d7502aff4249d5da3420f6fa55fc6ad
371 silly packumentCache full:https://registry.npmjs.org/@prisma%2fengines-version cache-miss
372 http fetch GET 200 https://registry.npmjs.org/@electric-sql%2fpglite-tools 2028ms (cache miss)
373 silly packumentCache full:https://registry.npmjs.org/@electric-sql%2fpglite-tools set size:undefined disposed:false
374 silly fetch manifest @radix-ui/react-toggle@1.1.10
375 silly packumentCache full:https://registry.npmjs.org/@radix-ui%2freact-toggle cache-miss
376 http fetch GET 200 https://registry.npmjs.org/@prisma%2fstreams-local 2505ms (cache miss)
377 silly packumentCache full:https://registry.npmjs.org/@prisma%2fstreams-local set size:undefined disposed:false
378 silly fetch manifest @visx/curve@4.0.1-alpha.0
379 silly packumentCache full:https://registry.npmjs.org/@visx%2fcurve cache-miss
380 http fetch GET 200 https://registry.npmjs.org/@prisma%2fquery-plan-executor 2697ms (cache miss)
381 silly packumentCache full:https://registry.npmjs.org/@prisma%2fquery-plan-executor set size:undefined disposed:false
382 silly fetch manifest @visx/event@4.0.1-alpha.0
383 silly packumentCache full:https://registry.npmjs.org/@visx%2fevent cache-miss
384 http fetch GET 200 https://registry.npmjs.org/@radix-ui%2freact-toggle 1623ms (cache miss)
385 silly packumentCache full:https://registry.npmjs.org/@radix-ui%2freact-toggle set size:undefined disposed:false
386 silly fetch manifest @visx/grid@4.0.1-alpha.0
387 silly packumentCache full:https://registry.npmjs.org/@visx%2fgrid cache-miss
388 http fetch GET 200 https://registry.npmjs.org/@visx%2fevent 1360ms (cache miss)
389 silly packumentCache full:https://registry.npmjs.org/@visx%2fevent set size:undefined disposed:false
390 silly fetch manifest @visx/group@4.0.1-alpha.0
391 silly packumentCache full:https://registry.npmjs.org/@visx%2fgroup cache-miss
392 http fetch GET 200 https://registry.npmjs.org/@prisma%2ffetch-engine 3678ms (cache miss)
393 silly packumentCache full:https://registry.npmjs.org/@prisma%2ffetch-engine set size:undefined disposed:false
394 silly fetch manifest @visx/responsive@4.0.1-alpha.0
395 silly packumentCache full:https://registry.npmjs.org/@visx%2fresponsive cache-miss
396 http fetch GET 200 https://registry.npmjs.org/@visx%2fcurve 2122ms (cache miss)
397 silly packumentCache full:https://registry.npmjs.org/@visx%2fcurve set size:undefined disposed:false
398 silly fetch manifest @visx/scale@4.0.1-alpha.0
399 silly packumentCache full:https://registry.npmjs.org/@visx%2fscale cache-miss
400 http fetch GET 200 https://registry.npmjs.org/@prisma%2fdebug 4678ms (cache miss)
401 silly packumentCache full:https://registry.npmjs.org/@prisma%2fdebug set size:undefined disposed:false
402 silly fetch manifest @visx/shape@4.0.1-alpha.0
403 silly packumentCache full:https://registry.npmjs.org/@visx%2fshape cache-miss
404 http fetch GET 200 https://registry.npmjs.org/@visx%2fgrid 1319ms (cache miss)
405 silly packumentCache full:https://registry.npmjs.org/@visx%2fgrid set size:undefined disposed:false
406 silly fetch manifest d3-array@3.2.4
407 silly packumentCache full:https://registry.npmjs.org/d3-array cache-miss
408 http fetch GET 200 https://registry.npmjs.org/@prisma%2fengines-version 3224ms (cache miss)
409 silly packumentCache full:https://registry.npmjs.org/@prisma%2fengines-version set size:undefined disposed:false
410 silly fetch manifest d3-shape@3.2.0
411 silly packumentCache full:https://registry.npmjs.org/d3-shape cache-miss
412 http fetch GET 200 https://registry.npmjs.org/d3-array 288ms (cache miss)
413 silly packumentCache full:https://registry.npmjs.org/d3-array set size:undefined disposed:false
414 silly fetch manifest elkjs@0.11.1
415 silly packumentCache full:https://registry.npmjs.org/elkjs cache-miss
416 http fetch GET 200 https://registry.npmjs.org/@visx%2fresponsive 896ms (cache miss)
417 silly packumentCache full:https://registry.npmjs.org/@visx%2fresponsive set size:undefined disposed:false
418 silly fetch manifest scheduler@^0.27.0
419 silly packumentCache full:https://registry.npmjs.org/scheduler cache-miss
420 http fetch GET 200 https://registry.npmjs.org/elkjs 272ms (cache miss)
421 silly packumentCache full:https://registry.npmjs.org/elkjs set size:undefined disposed:false
422 silly fetch manifest csstype@^3.2.2
423 silly packumentCache full:https://registry.npmjs.org/csstype cache-miss
424 http fetch GET 200 https://registry.npmjs.org/d3-shape 363ms (cache miss)
425 silly packumentCache full:https://registry.npmjs.org/d3-shape set size:undefined disposed:false
426 silly fetch manifest long@^5.2.1
427 silly packumentCache full:https://registry.npmjs.org/long cache-miss
428 http fetch GET 200 https://registry.npmjs.org/csstype 109ms (cache miss)
429 silly packumentCache full:https://registry.npmjs.org/csstype set size:undefined disposed:false
430 silly fetch manifest denque@^2.1.0
431 silly packumentCache full:https://registry.npmjs.org/denque cache-miss
432 http fetch GET 200 https://registry.npmjs.org/@visx%2fscale 1141ms (cache miss)
433 silly packumentCache full:https://registry.npmjs.org/@visx%2fscale set size:undefined disposed:false
434 silly fetch manifest lru.min@^1.0.0
435 silly packumentCache full:https://registry.npmjs.org/lru.min cache-miss
436 http fetch GET 200 https://registry.npmjs.org/long 299ms (cache miss)
437 silly packumentCache full:https://registry.npmjs.org/long set size:undefined disposed:false
438 silly fetch manifest seq-queue@^0.0.5
439 silly packumentCache full:https://registry.npmjs.org/seq-queue cache-miss
440 http fetch GET 200 https://registry.npmjs.org/denque 309ms (cache miss)
441 silly packumentCache full:https://registry.npmjs.org/denque set size:undefined disposed:false
442 silly fetch manifest sqlstring@^2.3.2
443 silly packumentCache full:https://registry.npmjs.org/sqlstring cache-miss
444 http fetch GET 200 https://registry.npmjs.org/lru.min 254ms (cache miss)
445 silly packumentCache full:https://registry.npmjs.org/lru.min set size:undefined disposed:false
446 silly fetch manifest aws-ssl-profiles@^1.1.1
447 silly packumentCache full:https://registry.npmjs.org/aws-ssl-profiles cache-miss
448 http fetch GET 200 https://registry.npmjs.org/seq-queue 350ms (cache miss)
449 silly packumentCache full:https://registry.npmjs.org/seq-queue set size:undefined disposed:false
450 silly fetch manifest generate-function@^2.3.1
451 silly packumentCache full:https://registry.npmjs.org/generate-function cache-miss
452 http fetch GET 200 https://registry.npmjs.org/scheduler 831ms (cache miss)
453 silly packumentCache full:https://registry.npmjs.org/scheduler set size:undefined disposed:false
454 silly fetch manifest named-placeholders@^1.1.3
455 silly packumentCache full:https://registry.npmjs.org/named-placeholders cache-miss
456 http fetch GET 200 https://registry.npmjs.org/sqlstring 305ms (cache miss)
457 silly packumentCache full:https://registry.npmjs.org/sqlstring set size:undefined disposed:false
458 http fetch GET 200 https://registry.npmjs.org/generate-function 268ms (cache miss)
459 silly packumentCache full:https://registry.npmjs.org/generate-function set size:undefined disposed:false
460 http fetch GET 200 https://registry.npmjs.org/aws-ssl-profiles 495ms (cache miss)
461 silly packumentCache full:https://registry.npmjs.org/aws-ssl-profiles set size:undefined disposed:false
462 http fetch GET 200 https://registry.npmjs.org/named-placeholders 256ms (cache miss)
463 silly packumentCache full:https://registry.npmjs.org/named-placeholders set size:undefined disposed:false
464 http fetch GET 200 https://registry.npmjs.org/@visx%2fgroup 2587ms (cache miss)
465 silly packumentCache full:https://registry.npmjs.org/@visx%2fgroup set size:undefined disposed:false
466 http fetch GET 200 https://registry.npmjs.org/@prisma%2fget-platform 5832ms (cache miss)
467 silly packumentCache full:https://registry.npmjs.org/@prisma%2fget-platform set size:undefined disposed:false
468 http fetch GET 200 https://registry.npmjs.org/@visx%2fshape 2842ms (cache miss)
469 silly packumentCache full:https://registry.npmjs.org/@visx%2fshape set size:undefined disposed:false
470 silly fetch manifest magicast@*
471 silly packumentCache full:https://registry.npmjs.org/magicast cache-miss
472 http fetch GET 200 https://registry.npmjs.org/magicast 245ms (cache miss)
473 silly packumentCache full:https://registry.npmjs.org/magicast set size:undefined disposed:false
474 silly placeDep ROOT c12@3.3.4 OK for: @prisma/config@7.9.1 want: 3.3.4
475 silly placeDep ROOT deepmerge-ts@7.1.5 OK for: @prisma/config@7.9.1 want: 7.1.5
476 silly placeDep ROOT effect@3.20.0 OK for: @prisma/config@7.9.1 want: 3.20.0
477 silly placeDep ROOT empathic@2.0.0 OK for: @prisma/config@7.9.1 want: 2.0.0
478 silly fetch manifest rc9@^3.0.1
479 silly packumentCache full:https://registry.npmjs.org/rc9 cache-miss
480 silly fetch manifest defu@^6.1.6
481 silly packumentCache full:https://registry.npmjs.org/defu cache-miss
482 silly fetch manifest jiti@^2.6.1
483 silly packumentCache full:https://registry.npmjs.org/jiti cache-miss
484 silly fetch manifest giget@^3.2.0
485 silly packumentCache full:https://registry.npmjs.org/giget cache-miss
486 silly fetch manifest ohash@^2.0.11
487 silly packumentCache full:https://registry.npmjs.org/ohash cache-miss
488 silly fetch manifest pathe@^2.0.3
489 silly packumentCache full:https://registry.npmjs.org/pathe cache-miss
490 silly fetch manifest confbox@^0.2.4
491 silly packumentCache full:https://registry.npmjs.org/confbox cache-miss
492 http cache https://registry.npmjs.org/pathe 4ms (cache hit)
493 silly packumentCache full:https://registry.npmjs.org/pathe set size:68788 disposed:false
494 silly fetch manifest exsolve@^1.0.8
495 silly packumentCache full:https://registry.npmjs.org/exsolve cache-miss
496 http fetch GET 200 https://registry.npmjs.org/exsolve 27ms (cache miss)
497 silly packumentCache full:https://registry.npmjs.org/exsolve set size:undefined disposed:false
498 silly fetch manifest chokidar@^5.0.0
499 silly packumentCache full:https://registry.npmjs.org/chokidar cache-miss
500 http cache https://registry.npmjs.org/chokidar 2ms (cache hit)
501 silly packumentCache full:https://registry.npmjs.org/chokidar set size:255902 disposed:false
502 silly fetch manifest pkg-types@^2.3.0
503 silly packumentCache full:https://registry.npmjs.org/pkg-types cache-miss
504 http fetch GET 200 https://registry.npmjs.org/ohash 38ms (cache miss)
505 silly packumentCache full:https://registry.npmjs.org/ohash set size:undefined disposed:false
506 silly fetch manifest perfect-debounce@^2.1.0
507 silly packumentCache full:https://registry.npmjs.org/perfect-debounce cache-miss
508 http fetch GET 200 https://registry.npmjs.org/jiti 54ms (cache miss)
509 silly packumentCache full:https://registry.npmjs.org/jiti set size:undefined disposed:false
510 silly fetch manifest fast-check@^3.23.1
511 silly packumentCache full:https://registry.npmjs.org/fast-check cache-miss
512 http fetch GET 200 https://registry.npmjs.org/confbox 240ms (cache miss)
513 silly packumentCache full:https://registry.npmjs.org/confbox set size:undefined disposed:false
514 silly fetch manifest @standard-schema/spec@^1.0.0
515 silly packumentCache full:https://registry.npmjs.org/@standard-schema%2fspec cache-miss
516 http fetch GET 200 https://registry.npmjs.org/defu 255ms (cache miss)
517 silly packumentCache full:https://registry.npmjs.org/defu set size:undefined disposed:false
518 http fetch GET 200 https://registry.npmjs.org/rc9 257ms (cache miss)
519 silly packumentCache full:https://registry.npmjs.org/rc9 set size:undefined disposed:false
520 http fetch GET 200 https://registry.npmjs.org/giget 269ms (cache miss)
521 silly packumentCache full:https://registry.npmjs.org/giget set size:undefined disposed:false
522 http fetch GET 200 https://registry.npmjs.org/pkg-types 261ms (cache miss)
523 silly packumentCache full:https://registry.npmjs.org/pkg-types set size:undefined disposed:false
524 http fetch GET 200 https://registry.npmjs.org/perfect-debounce 263ms (cache miss)
525 silly packumentCache full:https://registry.npmjs.org/perfect-debounce set size:undefined disposed:false
526 http fetch GET 200 https://registry.npmjs.org/fast-check 294ms (cache miss)
527 silly packumentCache full:https://registry.npmjs.org/fast-check set size:undefined disposed:false
528 http fetch GET 200 https://registry.npmjs.org/@standard-schema%2fspec 649ms (cache miss)
529 silly packumentCache full:https://registry.npmjs.org/@standard-schema%2fspec set size:undefined disposed:false
530 silly fetch manifest typescript@>=5
531 silly packumentCache full:https://registry.npmjs.org/typescript cache-miss
532 http cache https://registry.npmjs.org/typescript 32ms (cache hit)
533 silly packumentCache full:https://registry.npmjs.org/typescript set size:15513951 disposed:false
534 silly placeDep ROOT @electric-sql/pglite@0.4.3 OK for: @prisma/dev@0.24.17 want: 0.4.3
535 silly placeDep ROOT @electric-sql/pglite-socket@0.1.3 OK for: @prisma/dev@0.24.17 want: 0.1.3
536 silly placeDep ROOT @electric-sql/pglite-tools@0.3.3 OK for: @prisma/dev@0.24.17 want: 0.3.3
537 silly placeDep ROOT @prisma/get-platform@7.2.0 OK for: @prisma/dev@0.24.17 want: 7.2.0
538 silly placeDep ROOT @prisma/query-plan-executor@7.2.0 OK for: @prisma/dev@0.24.17 want: 7.2.0
539 silly placeDep ROOT @prisma/streams-local@0.1.11 OK for: @prisma/dev@0.24.17 want: 0.1.11
540 silly placeDep ROOT find-my-way@9.7.0 OK for: @prisma/dev@0.24.17 want: 9.7.0
541 silly placeDep ROOT foreground-child@3.3.1 OK for: @prisma/dev@0.24.17 want: 3.3.1
542 silly placeDep ROOT get-port-please@3.2.0 OK for: @prisma/dev@0.24.17 want: 3.2.0
543 silly placeDep ROOT pathe@2.0.3 OK for: @prisma/dev@0.24.17 want: 2.0.3
544 silly placeDep ROOT proper-lockfile@4.1.2 OK for: @prisma/dev@0.24.17 want: 4.1.2
545 silly placeDep ROOT remeda@2.33.4 OK for: @prisma/dev@0.24.17 want: 2.33.4
546 silly placeDep ROOT std-env@3.10.0 OK for: @prisma/dev@0.24.17 want: 3.10.0
547 silly placeDep ROOT valibot@1.4.2 OK for: @prisma/dev@0.24.17 want: 1.4.2
548 silly placeDep ROOT zeptomatch@2.1.0 OK for: @prisma/dev@0.24.17 want: 2.1.0
549 silly fetch manifest @prisma/debug@7.2.0
550 silly packumentCache full:https://registry.npmjs.org/@prisma%2fdebug cache-miss
551 silly fetch manifest ajv@^8.12.0
552 silly packumentCache full:https://registry.npmjs.org/ajv cache-miss
553 silly fetch manifest better-result@^2.7.0
554 silly packumentCache full:https://registry.npmjs.org/better-result cache-miss
555 silly fetch manifest env-paths@^3.0.0
556 silly packumentCache full:https://registry.npmjs.org/env-paths cache-miss
557 silly fetch manifest proper-lockfile@^4.1.2
558 silly packumentCache full:https://registry.npmjs.org/proper-lockfile cache-miss
559 silly fetch manifest fast-deep-equal@^3.1.3
560 silly packumentCache full:https://registry.npmjs.org/fast-deep-equal cache-miss
561 silly fetch manifest fast-querystring@^1.0.0
562 silly packumentCache full:https://registry.npmjs.org/fast-querystring cache-miss
563 http cache https://registry.npmjs.org/proper-lockfile 4ms (cache hit)
564 silly packumentCache full:https://registry.npmjs.org/proper-lockfile set size:82421 disposed:false
565 silly fetch manifest safe-regex2@^5.0.0
566 silly packumentCache full:https://registry.npmjs.org/safe-regex2 cache-miss
567 http cache https://registry.npmjs.org/@prisma%2fdebug 38ms (cache hit)
568 silly packumentCache full:https://registry.npmjs.org/@prisma%2fdebug set size:28880520 disposed:false
569 silly fetch manifest cross-spawn@^7.0.6
570 silly packumentCache full:https://registry.npmjs.org/cross-spawn cache-miss
571 http fetch GET 200 https://registry.npmjs.org/fast-deep-equal 143ms (cache miss)
572 silly packumentCache full:https://registry.npmjs.org/fast-deep-equal set size:undefined disposed:false
573 silly fetch manifest signal-exit@^4.0.1
574 silly packumentCache full:https://registry.npmjs.org/signal-exit cache-miss
575 http fetch GET 200 https://registry.npmjs.org/ajv 222ms (cache miss)
576 silly packumentCache full:https://registry.npmjs.org/ajv set size:undefined disposed:false
577 silly fetch manifest graceful-fs@^4.2.4
578 silly packumentCache full:https://registry.npmjs.org/graceful-fs cache-miss
579 http fetch GET 200 https://registry.npmjs.org/env-paths 377ms (cache miss)
580 silly packumentCache full:https://registry.npmjs.org/env-paths set size:undefined disposed:false
581 silly fetch manifest retry@^0.12.0
582 silly packumentCache full:https://registry.npmjs.org/retry cache-miss
583 http fetch GET 200 https://registry.npmjs.org/signal-exit 235ms (cache miss)
584 silly packumentCache full:https://registry.npmjs.org/signal-exit set size:undefined disposed:false
585 silly fetch manifest signal-exit@^3.0.2
586 silly packumentCache full:https://registry.npmjs.org/signal-exit cache-miss
587 http fetch GET 200 https://registry.npmjs.org/safe-regex2 376ms (cache miss)
588 silly packumentCache full:https://registry.npmjs.org/safe-regex2 set size:undefined disposed:false
589 silly fetch manifest grammex@^3.1.11
590 silly packumentCache full:https://registry.npmjs.org/grammex cache-miss
591 http fetch GET 200 https://registry.npmjs.org/cross-spawn 244ms (cache miss)
592 silly packumentCache full:https://registry.npmjs.org/cross-spawn set size:undefined disposed:false
593 silly fetch manifest graphmatch@^1.1.0
594 silly packumentCache full:https://registry.npmjs.org/graphmatch cache-miss
595 http fetch GET 200 https://registry.npmjs.org/fast-querystring 388ms (cache miss)
596 silly packumentCache full:https://registry.npmjs.org/fast-querystring set size:undefined disposed:false
597 http fetch GET 200 https://registry.npmjs.org/better-result 397ms (cache miss)
598 silly packumentCache full:https://registry.npmjs.org/better-result set size:undefined disposed:false
599 http fetch GET 200 https://registry.npmjs.org/graceful-fs 173ms (cache miss)
600 silly packumentCache full:https://registry.npmjs.org/graceful-fs set size:undefined disposed:false
601 http cache https://registry.npmjs.org/signal-exit 25ms (cache hit)
602 silly packumentCache full:https://registry.npmjs.org/signal-exit set size:53489 disposed:false
603 http fetch GET 200 https://registry.npmjs.org/retry 373ms (cache miss)
604 silly packumentCache full:https://registry.npmjs.org/retry set size:undefined disposed:false
605 http fetch GET 200 https://registry.npmjs.org/grammex 369ms (cache miss)
606 silly packumentCache full:https://registry.npmjs.org/grammex set size:undefined disposed:false
607 http fetch GET 200 https://registry.npmjs.org/graphmatch 378ms (cache miss)
608 silly packumentCache full:https://registry.npmjs.org/graphmatch set size:undefined disposed:false
609 silly placeDep ROOT @prisma/debug@7.9.1 OK for: @prisma/engines@7.9.1 want: 7.9.1
610 silly placeDep ROOT @prisma/engines-version@7.9.0-1.e922089b7d7502aff4249d5da3420f6fa55fc6ad OK for: @prisma/engines@7.9.1 want: 7.9.0-1.e922089b7d7502aff4249d5da3420f6fa55fc6ad
611 silly placeDep ROOT @prisma/fetch-engine@7.9.1 OK for: @prisma/engines@7.9.1 want: 7.9.1
612 silly placeDep node_modules/@prisma/engines @prisma/get-platform@7.9.1 OK for: @prisma/engines@7.9.1 want: 7.9.1
613 silly placeDep node_modules/@prisma/fetch-engine @prisma/get-platform@7.9.1 OK for: @prisma/fetch-engine@7.9.1 want: 7.9.1
614 silly placeDep node_modules/@prisma/get-platform @prisma/debug@7.2.0 OK for: @prisma/get-platform@7.2.0 want: 7.2.0
615 silly placeDep ROOT ajv@8.20.0 OK for: @prisma/streams-local@0.1.11 want: ^8.12.0
616 silly placeDep ROOT better-result@2.10.0 OK for: @prisma/streams-local@0.1.11 want: ^2.7.0
617 silly placeDep ROOT env-paths@3.0.0 OK for: @prisma/streams-local@0.1.11 want: ^3.0.0
618 silly fetch manifest fast-uri@^3.0.1
619 silly packumentCache full:https://registry.npmjs.org/fast-uri cache-miss
620 silly fetch manifest json-schema-traverse@^1.0.0
621 silly packumentCache full:https://registry.npmjs.org/json-schema-traverse cache-miss
622 silly fetch manifest require-from-string@^2.0.2
623 silly packumentCache full:https://registry.npmjs.org/require-from-string cache-miss
624 http fetch GET 200 https://registry.npmjs.org/json-schema-traverse 356ms (cache miss)
625 silly packumentCache full:https://registry.npmjs.org/json-schema-traverse set size:undefined disposed:false
626 http fetch GET 200 https://registry.npmjs.org/require-from-string 357ms (cache miss)
627 silly packumentCache full:https://registry.npmjs.org/require-from-string set size:undefined disposed:false
628 http fetch GET 200 https://registry.npmjs.org/fast-uri 359ms (cache miss)
629 silly packumentCache full:https://registry.npmjs.org/fast-uri set size:undefined disposed:false
630 silly fetch manifest @types/react-dom@*
631 silly packumentCache full:https://registry.npmjs.org/@types%2freact-dom cache-miss
632 http fetch GET 200 https://registry.npmjs.org/@types%2freact-dom 573ms (cache miss)
633 silly packumentCache full:https://registry.npmjs.org/@types%2freact-dom set size:undefined disposed:false
634 silly placeDep ROOT @radix-ui/react-toggle@1.1.10 OK for: @prisma/studio-core@0.33.0 want: 1.1.10
635 silly placeDep ROOT @visx/curve@4.0.1-alpha.0 OK for: @prisma/studio-core@0.33.0 want: 4.0.1-alpha.0
636 silly placeDep ROOT @visx/event@4.0.1-alpha.0 OK for: @prisma/studio-core@0.33.0 want: 4.0.1-alpha.0
637 silly placeDep ROOT @visx/grid@4.0.1-alpha.0 OK for: @prisma/studio-core@0.33.0 want: 4.0.1-alpha.0
638 silly placeDep ROOT @visx/group@4.0.1-alpha.0 OK for: @prisma/studio-core@0.33.0 want: 4.0.1-alpha.0
639 silly placeDep ROOT @visx/responsive@4.0.1-alpha.0 OK for: @prisma/studio-core@0.33.0 want: 4.0.1-alpha.0
640 silly placeDep ROOT @visx/scale@4.0.1-alpha.0 OK for: @prisma/studio-core@0.33.0 want: 4.0.1-alpha.0
641 silly placeDep ROOT @visx/shape@4.0.1-alpha.0 OK for: @prisma/studio-core@0.33.0 want: 4.0.1-alpha.0
642 silly placeDep ROOT d3-array@3.2.4 OK for: @prisma/studio-core@0.33.0 want: 3.2.4
643 silly placeDep ROOT d3-shape@3.2.0 OK for: @prisma/studio-core@0.33.0 want: 3.2.0
644 silly placeDep ROOT elkjs@0.11.1 OK for: @prisma/studio-core@0.33.0 want: 0.11.1
645 silly fetch manifest @radix-ui/primitive@1.1.3
646 silly packumentCache full:https://registry.npmjs.org/@radix-ui%2fprimitive cache-miss
647 silly fetch manifest @radix-ui/react-primitive@2.1.3
648 silly packumentCache full:https://registry.npmjs.org/@radix-ui%2freact-primitive cache-miss
649 silly fetch manifest @radix-ui/react-use-controllable-state@1.2.2
650 silly packumentCache full:https://registry.npmjs.org/@radix-ui%2freact-use-controllable-state cache-miss
651 silly fetch manifest @visx/vendor@4.0.0-alpha.0
652 silly packumentCache full:https://registry.npmjs.org/@visx%2fvendor cache-miss
653 silly fetch manifest @visx/point@4.0.1-alpha.0
654 silly packumentCache full:https://registry.npmjs.org/@visx%2fpoint cache-miss
655 silly fetch manifest classnames@^2.3.1
656 silly packumentCache full:https://registry.npmjs.org/classnames cache-miss
657 silly fetch manifest @visx/point@4.0.1-alpha.0
658 silly packumentCache full:https://registry.npmjs.org/@visx%2fpoint cache-miss
659 http fetch GET 200 https://registry.npmjs.org/@radix-ui%2freact-use-controllable-state 101ms (cache miss)
660 silly packumentCache full:https://registry.npmjs.org/@radix-ui%2freact-use-controllable-state set size:undefined disposed:false
661 silly fetch manifest classnames@^2.3.1
662 silly packumentCache full:https://registry.npmjs.org/classnames cache-miss
663 http fetch GET 200 https://registry.npmjs.org/@radix-ui%2freact-primitive 117ms (cache miss)
664 silly packumentCache full:https://registry.npmjs.org/@radix-ui%2freact-primitive set size:undefined disposed:false
665 silly fetch manifest @types/lodash@^4.17.13
666 silly packumentCache full:https://registry.npmjs.org/@types%2flodash cache-miss
667 http fetch GET 200 https://registry.npmjs.org/classnames 190ms (cache miss)
668 silly packumentCache full:https://registry.npmjs.org/classnames set size:undefined disposed:false
669 silly fetch manifest @visx/vendor@4.0.0-alpha.0
670 silly packumentCache full:https://registry.npmjs.org/@visx%2fvendor cache-miss
671 http fetch GET 200 https://registry.npmjs.org/classnames 293ms (cache miss)
672 silly packumentCache full:https://registry.npmjs.org/classnames set size:undefined disposed:false
673 silly fetch manifest @visx/vendor@4.0.0-alpha.0
674 silly packumentCache full:https://registry.npmjs.org/@visx%2fvendor cache-miss
675 http fetch GET 200 https://registry.npmjs.org/@types%2flodash 511ms (cache miss)
676 silly packumentCache full:https://registry.npmjs.org/@types%2flodash set size:undefined disposed:false
677 silly fetch manifest internmap@1 - 2
678 silly packumentCache full:https://registry.npmjs.org/internmap cache-miss
679 http fetch GET 200 https://registry.npmjs.org/internmap 240ms (cache miss)
680 silly packumentCache full:https://registry.npmjs.org/internmap set size:undefined disposed:false
681 silly fetch manifest d3-path@^3.1.0
682 silly packumentCache full:https://registry.npmjs.org/d3-path cache-miss
683 http fetch GET 200 https://registry.npmjs.org/d3-path 239ms (cache miss)
684 silly packumentCache full:https://registry.npmjs.org/d3-path set size:undefined disposed:false
685 http fetch GET 200 https://registry.npmjs.org/@visx%2fpoint 1726ms (cache miss)
686 silly packumentCache full:https://registry.npmjs.org/@visx%2fpoint set size:undefined disposed:false
687 http fetch GET 200 https://registry.npmjs.org/@visx%2fpoint 1729ms (cache miss)
688 silly packumentCache full:https://registry.npmjs.org/@visx%2fpoint set size:undefined disposed:false
689 http fetch GET 200 https://registry.npmjs.org/@radix-ui%2fprimitive 1820ms (cache miss)
690 silly packumentCache full:https://registry.npmjs.org/@radix-ui%2fprimitive set size:undefined disposed:false
691 http fetch GET 200 https://registry.npmjs.org/@visx%2fvendor 4001ms (cache miss)
692 silly packumentCache full:https://registry.npmjs.org/@visx%2fvendor set size:undefined disposed:false
693 http fetch GET 200 https://registry.npmjs.org/@visx%2fvendor 3715ms (cache miss)
694 silly packumentCache full:https://registry.npmjs.org/@visx%2fvendor set size:undefined disposed:false
695 http fetch GET 200 https://registry.npmjs.org/@visx%2fvendor 3716ms (cache miss)
696 silly packumentCache full:https://registry.npmjs.org/@visx%2fvendor set size:undefined disposed:false
697 silly fetch manifest @types/react@*
698 silly packumentCache full:https://registry.npmjs.org/@types%2freact cache-miss
699 http cache https://registry.npmjs.org/@types%2freact 7ms (cache hit)
700 silly packumentCache full:https://registry.npmjs.org/@types%2freact set size:2637439 disposed:false
701 silly fetch manifest react@^16.8 || ^17.0 || ^18.0 || ^19.0 || ^19.0.0-rc
702 silly packumentCache full:https://registry.npmjs.org/react cache-miss
703 http cache https://registry.npmjs.org/react 11ms (cache hit)
704 silly packumentCache full:https://registry.npmjs.org/react set size:6863945 disposed:false
705 silly fetch manifest react-dom@^16.8 || ^17.0 || ^18.0 || ^19.0 || ^19.0.0-rc
706 silly packumentCache full:https://registry.npmjs.org/react-dom cache-miss
707 http cache https://registry.npmjs.org/react-dom 11ms (cache hit)
708 silly packumentCache full:https://registry.npmjs.org/react-dom set size:9214049 disposed:false
709 silly placeDep ROOT @radix-ui/primitive@1.1.3 OK for: @radix-ui/react-toggle@1.1.10 want: 1.1.3
710 silly placeDep ROOT @radix-ui/react-primitive@2.1.3 OK for: @radix-ui/react-toggle@1.1.10 want: 2.1.3
711 silly placeDep ROOT @radix-ui/react-use-controllable-state@1.2.2 OK for: @radix-ui/react-toggle@1.1.10 want: 1.2.2
712 silly fetch manifest @radix-ui/react-slot@1.2.3
713 silly packumentCache full:https://registry.npmjs.org/@radix-ui%2freact-slot cache-miss
714 silly fetch manifest @radix-ui/react-use-effect-event@0.0.2
715 silly packumentCache full:https://registry.npmjs.org/@radix-ui%2freact-use-effect-event cache-miss
716 silly fetch manifest @radix-ui/react-use-layout-effect@1.1.1
717 silly packumentCache full:https://registry.npmjs.org/@radix-ui%2freact-use-layout-effect cache-miss
718 http fetch GET 200 https://registry.npmjs.org/@radix-ui%2freact-use-effect-event 732ms (cache miss)
719 silly packumentCache full:https://registry.npmjs.org/@radix-ui%2freact-use-effect-event set size:undefined disposed:false
720 http fetch GET 200 https://registry.npmjs.org/@radix-ui%2freact-use-layout-effect 753ms (cache miss)
721 silly packumentCache full:https://registry.npmjs.org/@radix-ui%2freact-use-layout-effect set size:undefined disposed:false
722 http fetch GET 200 https://registry.npmjs.org/@radix-ui%2freact-slot 933ms (cache miss)
723 silly packumentCache full:https://registry.npmjs.org/@radix-ui%2freact-slot set size:undefined disposed:false
724 silly placeDep ROOT @radix-ui/react-slot@1.2.3 OK for: @radix-ui/react-primitive@2.1.3 want: 1.2.3
725 silly fetch manifest @radix-ui/react-compose-refs@1.1.2
726 silly packumentCache full:https://registry.npmjs.org/@radix-ui%2freact-compose-refs cache-miss
727 http fetch GET 200 https://registry.npmjs.org/@radix-ui%2freact-compose-refs 296ms (cache miss)
728 silly packumentCache full:https://registry.npmjs.org/@radix-ui%2freact-compose-refs set size:undefined disposed:false
729 silly placeDep ROOT @radix-ui/react-compose-refs@1.1.2 OK for: @radix-ui/react-slot@1.2.3 want: 1.1.2
730 silly placeDep ROOT @radix-ui/react-use-effect-event@0.0.2 OK for: @radix-ui/react-use-controllable-state@1.2.2 want: 0.0.2
731 silly placeDep ROOT @radix-ui/react-use-layout-effect@1.1.1 OK for: @radix-ui/react-use-controllable-state@1.2.2 want: 1.1.1
732 silly placeDep ROOT csstype@3.2.3 OK for: @types/react@19.2.18 want: ^3.2.2
733 silly placeDep ROOT @visx/vendor@4.0.0-alpha.0 OK for: @visx/curve@4.0.1-alpha.0 want: 4.0.0-alpha.0
734 silly fetch manifest d3-geo@3.1.0
735 silly packumentCache full:https://registry.npmjs.org/d3-geo cache-miss
736 silly fetch manifest d3-path@3.1.0
737 silly packumentCache full:https://registry.npmjs.org/d3-path cache-miss
738 silly fetch manifest d3-time@3.1.0
739 silly packumentCache full:https://registry.npmjs.org/d3-time cache-miss
740 silly fetch manifest d3-array@3.2.1
741 silly packumentCache full:https://registry.npmjs.org/d3-array cache-miss
742 silly fetch manifest d3-color@3.1.0
743 silly packumentCache full:https://registry.npmjs.org/d3-color cache-miss
744 silly fetch manifest d3-scale@4.0.2
745 silly packumentCache full:https://registry.npmjs.org/d3-scale cache-miss
746 silly fetch manifest d3-format@3.1.0
747 silly packumentCache full:https://registry.npmjs.org/d3-format cache-miss
748 http cache https://registry.npmjs.org/d3-path 7ms (cache hit)
749 silly packumentCache full:https://registry.npmjs.org/d3-path set size:77883 disposed:false
750 silly fetch manifest internmap@2.0.3
751 silly packumentCache full:https://registry.npmjs.org/internmap cache-miss
752 http cache https://registry.npmjs.org/d3-array 8ms (cache hit)
753 silly packumentCache full:https://registry.npmjs.org/d3-array set size:246308 disposed:false
754 silly fetch manifest d3-delaunay@6.0.2
755 silly packumentCache full:https://registry.npmjs.org/d3-delaunay cache-miss
756 http cache https://registry.npmjs.org/internmap 6ms (cache hit)
757 silly packumentCache full:https://registry.npmjs.org/internmap set size:19637 disposed:false
758 silly fetch manifest @types/d3-geo@3.1.0
759 silly packumentCache full:https://registry.npmjs.org/@types%2fd3-geo cache-miss
760 http fetch GET 200 https://registry.npmjs.org/d3-format 557ms (cache miss)
761 silly packumentCache full:https://registry.npmjs.org/d3-format set size:undefined disposed:false
762 silly fetch manifest @types/d3-path@3.1.1
763 silly packumentCache full:https://registry.npmjs.org/@types%2fd3-path cache-miss
764 http fetch GET 200 https://registry.npmjs.org/d3-time 599ms (cache miss)
765 silly packumentCache full:https://registry.npmjs.org/d3-time set size:undefined disposed:false
766 silly fetch manifest @types/d3-time@3.0.0
767 silly packumentCache full:https://registry.npmjs.org/@types%2fd3-time cache-miss
768 http fetch GET 200 https://registry.npmjs.org/d3-delaunay 645ms (cache miss)
769 silly packumentCache full:https://registry.npmjs.org/d3-delaunay set size:undefined disposed:false
770 silly fetch manifest d3-interpolate@3.0.1
771 silly packumentCache full:https://registry.npmjs.org/d3-interpolate cache-miss
772 http fetch GET 200 https://registry.npmjs.org/d3-geo 671ms (cache miss)
773 silly packumentCache full:https://registry.npmjs.org/d3-geo set size:undefined disposed:false
774 silly fetch manifest d3-time-format@4.1.0
775 silly packumentCache full:https://registry.npmjs.org/d3-time-format cache-miss
776 http fetch GET 200 https://registry.npmjs.org/d3-scale 679ms (cache miss)
777 silly packumentCache full:https://registry.npmjs.org/d3-scale set size:undefined disposed:false
778 silly fetch manifest @types/d3-array@3.0.3
779 silly packumentCache full:https://registry.npmjs.org/@types%2fd3-array cache-miss
780 http fetch GET 200 https://registry.npmjs.org/@types%2fd3-geo 674ms (cache miss)
781 silly packumentCache full:https://registry.npmjs.org/@types%2fd3-geo set size:undefined disposed:false
782 silly fetch manifest @types/d3-color@3.1.0
783 silly packumentCache full:https://registry.npmjs.org/@types%2fd3-color cache-miss
784 http fetch GET 200 https://registry.npmjs.org/d3-color 697ms (cache miss)
785 silly packumentCache full:https://registry.npmjs.org/d3-color set size:undefined disposed:false
786 silly fetch manifest @types/d3-scale@4.0.2
787 silly packumentCache full:https://registry.npmjs.org/@types%2fd3-scale cache-miss
788 http fetch GET 200 https://registry.npmjs.org/d3-interpolate 574ms (cache miss)
789 silly packumentCache full:https://registry.npmjs.org/d3-interpolate set size:undefined disposed:false
790 silly fetch manifest @types/d3-shape@3.1.7
791 silly packumentCache full:https://registry.npmjs.org/@types%2fd3-shape cache-miss
792 http fetch GET 200 https://registry.npmjs.org/d3-time-format 642ms (cache miss)
793 silly packumentCache full:https://registry.npmjs.org/d3-time-format set size:undefined disposed:false
794 silly fetch manifest @types/d3-format@3.0.1
795 silly packumentCache full:https://registry.npmjs.org/@types%2fd3-format cache-miss
796 http fetch GET 200 https://registry.npmjs.org/@types%2fd3-path 829ms (cache miss)
797 silly packumentCache full:https://registry.npmjs.org/@types%2fd3-path set size:undefined disposed:false
798 silly fetch manifest @types/d3-delaunay@6.0.1
799 silly packumentCache full:https://registry.npmjs.org/@types%2fd3-delaunay cache-miss
800 http fetch GET 200 https://registry.npmjs.org/@types%2fd3-time 852ms (cache miss)
801 silly packumentCache full:https://registry.npmjs.org/@types%2fd3-time set size:undefined disposed:false
802 silly fetch manifest @types/d3-interpolate@3.0.1
803 silly packumentCache full:https://registry.npmjs.org/@types%2fd3-interpolate cache-miss
804 http fetch GET 200 https://registry.npmjs.org/@types%2fd3-color 884ms (cache miss)
805 silly packumentCache full:https://registry.npmjs.org/@types%2fd3-color set size:undefined disposed:false
806 silly fetch manifest @types/d3-time-format@2.1.0
807 silly packumentCache full:https://registry.npmjs.org/@types%2fd3-time-format cache-miss
808 http fetch GET 200 https://registry.npmjs.org/@types%2fd3-array 904ms (cache miss)
809 silly packumentCache full:https://registry.npmjs.org/@types%2fd3-array set size:undefined disposed:false
810 http fetch GET 200 https://registry.npmjs.org/@types%2fd3-scale 900ms (cache miss)
811 silly packumentCache full:https://registry.npmjs.org/@types%2fd3-scale set size:undefined disposed:false
812 http fetch GET 200 https://registry.npmjs.org/@types%2fd3-shape 552ms (cache miss)
813 silly packumentCache full:https://registry.npmjs.org/@types%2fd3-shape set size:undefined disposed:false
814 http fetch GET 200 https://registry.npmjs.org/@types%2fd3-format 545ms (cache miss)
815 silly packumentCache full:https://registry.npmjs.org/@types%2fd3-format set size:undefined disposed:false
816 http fetch GET 200 https://registry.npmjs.org/@types%2fd3-delaunay 684ms (cache miss)
817 silly packumentCache full:https://registry.npmjs.org/@types%2fd3-delaunay set size:undefined disposed:false
818 http fetch GET 200 https://registry.npmjs.org/@types%2fd3-interpolate 654ms (cache miss)
819 silly packumentCache full:https://registry.npmjs.org/@types%2fd3-interpolate set size:undefined disposed:false
820 http fetch GET 200 https://registry.npmjs.org/@types%2fd3-time-format 578ms (cache miss)
821 silly packumentCache full:https://registry.npmjs.org/@types%2fd3-time-format set size:undefined disposed:false
822 silly placeDep ROOT @visx/point@4.0.1-alpha.0 OK for: @visx/event@4.0.1-alpha.0 want: 4.0.1-alpha.0
823 silly placeDep ROOT classnames@2.5.1 OK for: @visx/grid@4.0.1-alpha.0 want: ^2.3.1
824 silly placeDep ROOT @types/lodash@4.17.25 OK for: @visx/responsive@4.0.1-alpha.0 want: ^4.17.13
825 silly placeDep ROOT @types/d3-array@3.0.3 OK for: @visx/vendor@4.0.0-alpha.0 want: 3.0.3
826 silly placeDep ROOT @types/d3-color@3.1.0 OK for: @visx/vendor@4.0.0-alpha.0 want: 3.1.0
827 silly placeDep ROOT @types/d3-delaunay@6.0.1 OK for: @visx/vendor@4.0.0-alpha.0 want: 6.0.1
828 silly placeDep ROOT @types/d3-format@3.0.1 OK for: @visx/vendor@4.0.0-alpha.0 want: 3.0.1
829 silly placeDep ROOT @types/d3-geo@3.1.0 OK for: @visx/vendor@4.0.0-alpha.0 want: 3.1.0
830 silly placeDep ROOT @types/d3-interpolate@3.0.1 OK for: @visx/vendor@4.0.0-alpha.0 want: 3.0.1
831 silly placeDep ROOT @types/d3-path@3.1.1 OK for: @visx/vendor@4.0.0-alpha.0 want: 3.1.1
832 silly placeDep ROOT @types/d3-scale@4.0.2 OK for: @visx/vendor@4.0.0-alpha.0 want: 4.0.2
833 silly placeDep ROOT @types/d3-shape@3.1.7 OK for: @visx/vendor@4.0.0-alpha.0 want: 3.1.7
834 silly placeDep ROOT @types/d3-time@3.0.0 OK for: @visx/vendor@4.0.0-alpha.0 want: 3.0.0
835 silly placeDep ROOT @types/d3-time-format@2.1.0 OK for: @visx/vendor@4.0.0-alpha.0 want: 2.1.0
836 silly placeDep node_modules/@visx/vendor d3-array@3.2.1 OK for: @visx/vendor@4.0.0-alpha.0 want: 3.2.1
837 silly placeDep ROOT d3-color@3.1.0 OK for: @visx/vendor@4.0.0-alpha.0 want: 3.1.0
838 silly placeDep ROOT d3-delaunay@6.0.2 OK for: @visx/vendor@4.0.0-alpha.0 want: 6.0.2
839 silly placeDep ROOT d3-format@3.1.0 OK for: @visx/vendor@4.0.0-alpha.0 want: 3.1.0
840 silly placeDep ROOT d3-geo@3.1.0 OK for: @visx/vendor@4.0.0-alpha.0 want: 3.1.0
841 silly placeDep ROOT d3-interpolate@3.0.1 OK for: @visx/vendor@4.0.0-alpha.0 want: 3.0.1
842 silly placeDep ROOT d3-path@3.1.0 OK for: @visx/vendor@4.0.0-alpha.0 want: 3.1.0
843 silly placeDep ROOT d3-scale@4.0.2 OK for: @visx/vendor@4.0.0-alpha.0 want: 4.0.2
844 silly placeDep ROOT d3-time@3.1.0 OK for: @visx/vendor@4.0.0-alpha.0 want: 3.1.0
845 silly placeDep ROOT d3-time-format@4.1.0 OK for: @visx/vendor@4.0.0-alpha.0 want: 4.1.0
846 silly placeDep ROOT internmap@2.0.3 OK for: @visx/vendor@4.0.0-alpha.0 want: 2.0.3
847 silly fetch manifest @types/geojson@*
848 silly packumentCache full:https://registry.npmjs.org/@types%2fgeojson cache-miss
849 silly fetch manifest @types/d3-time@*
850 silly packumentCache full:https://registry.npmjs.org/@types%2fd3-time cache-miss
851 silly fetch manifest delaunator@5
852 silly packumentCache full:https://registry.npmjs.org/delaunator cache-miss
853 silly fetch manifest d3-time@2.1.1 - 3
854 silly packumentCache full:https://registry.npmjs.org/d3-time cache-miss
855 silly fetch manifest d3-time-format@2 - 4
856 silly packumentCache full:https://registry.npmjs.org/d3-time-format cache-miss
857 http cache https://registry.npmjs.org/d3-time-format 4ms (cache hit)
858 silly packumentCache full:https://registry.npmjs.org/d3-time-format set size:124514 disposed:false
859 http cache https://registry.npmjs.org/@types%2fd3-time 6ms (cache hit)
860 silly packumentCache full:https://registry.npmjs.org/@types%2fd3-time set size:52652 disposed:false
861 http cache https://registry.npmjs.org/d3-time 7ms (cache hit)
862 silly packumentCache full:https://registry.npmjs.org/d3-time set size:150406 disposed:false
863 http fetch GET 200 https://registry.npmjs.org/delaunator 356ms (cache miss)
864 silly packumentCache full:https://registry.npmjs.org/delaunator set size:undefined disposed:false
865 http fetch GET 200 https://registry.npmjs.org/@types%2fgeojson 552ms (cache miss)
866 silly packumentCache full:https://registry.npmjs.org/@types%2fgeojson set size:undefined disposed:false
867 silly placeDep ROOT @types/geojson@7946.0.16 OK for: @types/d3-geo@3.1.0 want: *
868 silly placeDep ROOT fast-deep-equal@3.1.3 OK for: ajv@8.20.0 want: ^3.1.3
869 silly placeDep ROOT fast-uri@3.1.5 OK for: ajv@8.20.0 want: ^3.0.1
870 silly placeDep ROOT json-schema-traverse@1.0.0 OK for: ajv@8.20.0 want: ^1.0.0
871 silly placeDep ROOT require-from-string@2.0.2 OK for: ajv@8.20.0 want: ^2.0.2
872 silly placeDep ROOT chokidar@5.0.0 OK for: c12@3.3.4 want: ^5.0.0
873 silly placeDep ROOT confbox@0.2.4 OK for: c12@3.3.4 want: ^0.2.4
874 silly placeDep ROOT defu@6.1.7 OK for: c12@3.3.4 want: ^6.1.6
875 silly placeDep ROOT exsolve@1.1.1 OK for: c12@3.3.4 want: ^1.0.8
876 silly placeDep ROOT giget@3.3.1 OK for: c12@3.3.4 want: ^3.2.0
877 silly placeDep ROOT jiti@2.7.0 OK for: c12@3.3.4 want: ^2.6.1
878 silly placeDep ROOT ohash@2.0.11 OK for: c12@3.3.4 want: ^2.0.11
879 silly placeDep ROOT perfect-debounce@2.1.0 OK for: c12@3.3.4 want: ^2.1.0
880 silly placeDep ROOT pkg-types@2.3.1 OK for: c12@3.3.4 want: ^2.3.0
881 silly placeDep ROOT rc9@3.0.1 OK for: c12@3.3.4 want: ^3.0.1
882 silly fetch manifest readdirp@^5.0.0
883 silly packumentCache full:https://registry.npmjs.org/readdirp cache-miss
884 silly fetch manifest destr@^2.0.5
885 silly packumentCache full:https://registry.npmjs.org/destr cache-miss
886 http fetch GET 200 https://registry.npmjs.org/readdirp 64ms (cache miss)
887 silly packumentCache full:https://registry.npmjs.org/readdirp set size:undefined disposed:false
888 http fetch GET 200 https://registry.npmjs.org/destr 274ms (cache miss)
889 silly packumentCache full:https://registry.npmjs.org/destr set size:undefined disposed:false
890 silly placeDep ROOT readdirp@5.0.0 OK for: chokidar@5.0.0 want: ^5.0.0
891 silly placeDep ROOT delaunator@5.1.0 OK for: d3-delaunay@6.0.2 want: 5
892 silly fetch manifest robust-predicates@^3.0.2
893 silly packumentCache full:https://registry.npmjs.org/robust-predicates cache-miss
894 http fetch GET 200 https://registry.npmjs.org/robust-predicates 360ms (cache miss)
895 silly packumentCache full:https://registry.npmjs.org/robust-predicates set size:undefined disposed:false
896 silly placeDep ROOT robust-predicates@3.0.3 OK for: delaunator@5.1.0 want: ^3.0.2
897 silly placeDep ROOT @standard-schema/spec@1.1.0 OK for: effect@3.20.0 want: ^1.0.0
898 silly placeDep ROOT fast-check@3.23.2 OK for: effect@3.20.0 want: ^3.23.1
899 silly fetch manifest pure-rand@^6.1.0
900 silly packumentCache full:https://registry.npmjs.org/pure-rand cache-miss
901 http fetch GET 200 https://registry.npmjs.org/pure-rand 327ms (cache miss)
902 silly packumentCache full:https://registry.npmjs.org/pure-rand set size:undefined disposed:false
903 silly placeDep ROOT pure-rand@6.1.0 OK for: fast-check@3.23.2 want: ^6.1.0
904 silly placeDep ROOT fast-querystring@1.1.2 OK for: find-my-way@9.7.0 want: ^1.0.0
905 silly placeDep ROOT safe-regex2@5.1.1 OK for: find-my-way@9.7.0 want: ^5.0.0
906 silly fetch manifest fast-decode-uri-component@^1.0.1
907 silly packumentCache full:https://registry.npmjs.org/fast-decode-uri-component cache-miss
908 silly fetch manifest ret@~0.5.0
909 silly packumentCache full:https://registry.npmjs.org/ret cache-miss
910 http fetch GET 200 https://registry.npmjs.org/fast-decode-uri-component 295ms (cache miss)
911 silly packumentCache full:https://registry.npmjs.org/fast-decode-uri-component set size:undefined disposed:false
912 http fetch GET 200 https://registry.npmjs.org/ret 298ms (cache miss)
913 silly packumentCache full:https://registry.npmjs.org/ret set size:undefined disposed:false
914 silly placeDep ROOT fast-decode-uri-component@1.0.1 OK for: fast-querystring@1.1.2 want: ^1.0.1
915 silly placeDep ROOT cross-spawn@7.0.6 OK for: foreground-child@3.3.1 want: ^7.0.6
916 silly placeDep ROOT signal-exit@4.1.0 OK for: foreground-child@3.3.1 want: ^4.0.1
917 silly fetch manifest which@^2.0.1
918 silly packumentCache full:https://registry.npmjs.org/which cache-miss
919 silly fetch manifest path-key@^3.1.0
920 silly packumentCache full:https://registry.npmjs.org/path-key cache-miss
921 silly fetch manifest shebang-command@^2.0.0
922 silly packumentCache full:https://registry.npmjs.org/shebang-command cache-miss
923 http fetch GET 200 https://registry.npmjs.org/shebang-command 49ms (cache miss)
924 silly packumentCache full:https://registry.npmjs.org/shebang-command set size:undefined disposed:false
925 http fetch GET 200 https://registry.npmjs.org/which 54ms (cache miss)
926 silly packumentCache full:https://registry.npmjs.org/which set size:undefined disposed:false
927 http fetch GET 200 https://registry.npmjs.org/path-key 55ms (cache miss)
928 silly packumentCache full:https://registry.npmjs.org/path-key set size:undefined disposed:false
929 silly placeDep ROOT path-key@3.1.1 OK for: cross-spawn@7.0.6 want: ^3.1.0
930 silly placeDep ROOT shebang-command@2.0.0 OK for: cross-spawn@7.0.6 want: ^2.0.0
931 silly placeDep ROOT which@2.0.2 OK for: cross-spawn@7.0.6 want: ^2.0.1
932 silly fetch manifest shebang-regex@^3.0.0
933 silly packumentCache full:https://registry.npmjs.org/shebang-regex cache-miss
934 silly fetch manifest isexe@^2.0.0
935 silly packumentCache full:https://registry.npmjs.org/isexe cache-miss
936 http fetch GET 200 https://registry.npmjs.org/shebang-regex 110ms (cache miss)
937 silly packumentCache full:https://registry.npmjs.org/shebang-regex set size:undefined disposed:false
938 http fetch GET 200 https://registry.npmjs.org/isexe 112ms (cache miss)
939 silly packumentCache full:https://registry.npmjs.org/isexe set size:undefined disposed:false
940 silly placeDep ROOT aws-ssl-profiles@1.1.2 OK for: mysql2@3.15.3 want: ^1.1.1
941 silly placeDep ROOT denque@2.1.0 OK for: mysql2@3.15.3 want: ^2.1.0
942 silly placeDep ROOT generate-function@2.3.1 OK for: mysql2@3.15.3 want: ^2.3.1
943 silly placeDep ROOT long@5.3.2 OK for: mysql2@3.15.3 want: ^5.2.1
944 silly placeDep ROOT lru.min@1.1.4 OK for: mysql2@3.15.3 want: ^1.0.0
945 silly placeDep ROOT named-placeholders@1.1.6 OK for: mysql2@3.15.3 want: ^1.1.3
946 silly placeDep ROOT seq-queue@0.0.5 OK for: mysql2@3.15.3 want: ^0.0.5
947 silly placeDep ROOT sqlstring@2.3.3 OK for: mysql2@3.15.3 want: ^2.3.2
948 silly fetch manifest is-property@^1.0.2
949 silly packumentCache full:https://registry.npmjs.org/is-property cache-miss
950 http fetch GET 200 https://registry.npmjs.org/is-property 236ms (cache miss)
951 silly packumentCache full:https://registry.npmjs.org/is-property set size:undefined disposed:false
952 silly placeDep ROOT is-property@1.0.2 OK for: generate-function@2.3.1 want: ^1.0.2
953 silly placeDep ROOT graceful-fs@4.2.11 OK for: proper-lockfile@4.1.2 want: ^4.2.4
954 silly placeDep ROOT retry@0.12.0 OK for: proper-lockfile@4.1.2 want: ^0.12.0
955 silly placeDep node_modules/proper-lockfile signal-exit@3.0.7 OK for: proper-lockfile@4.1.2 want: ^3.0.2
956 silly placeDep ROOT destr@2.0.5 OK for: rc9@3.0.1 want: ^2.0.5
957 silly placeDep ROOT scheduler@0.27.0 OK for: react-dom@19.2.8 want: ^0.27.0
958 silly placeDep ROOT ret@0.5.0 OK for: safe-regex2@5.1.1 want: ~0.5.0
959 silly placeDep ROOT shebang-regex@3.0.0 OK for: shebang-command@2.0.0 want: ^3.0.0
960 silly fetch manifest @swc/core@>=1.2.50
961 silly packumentCache full:https://registry.npmjs.org/@swc%2fcore cache-miss
962 http fetch GET 200 https://registry.npmjs.org/@swc%2fcore 1949ms (cache miss)
963 silly packumentCache full:https://registry.npmjs.org/@swc%2fcore set size:undefined disposed:false
964 silly fetch manifest @swc/helpers@>=0.5.17
965 silly packumentCache full:https://registry.npmjs.org/@swc%2fhelpers cache-miss
966 http fetch GET 200 https://registry.npmjs.org/@swc%2fhelpers 1452ms (cache miss)
967 silly packumentCache full:https://registry.npmjs.org/@swc%2fhelpers set size:undefined disposed:false
968 silly fetch manifest @swc/wasm@>=1.2.50
969 silly packumentCache full:https://registry.npmjs.org/@swc%2fwasm cache-miss
970 http fetch GET 200 https://registry.npmjs.org/@swc%2fwasm 1754ms (cache miss)
971 silly packumentCache full:https://registry.npmjs.org/@swc%2fwasm set size:undefined disposed:false
972 silly placeDep node_modules/ts-node-dev chokidar@3.6.0 OK for: ts-node-dev@2.0.0 want: ^3.5.1
973 silly placeDep ROOT dynamic-dedupe@0.3.0 OK for: ts-node-dev@2.0.0 want: ^0.3.0
974 silly placeDep ROOT minimist@1.2.8 OK for: ts-node-dev@2.0.0 want: ^1.2.6
975 silly placeDep ROOT mkdirp@1.0.4 OK for: ts-node-dev@2.0.0 want: ^1.0.4
976 silly placeDep ROOT resolve@1.22.12 OK for: ts-node-dev@2.0.0 want: ^1.0.0
977 silly placeDep ROOT rimraf@2.7.1 OK for: ts-node-dev@2.0.0 want: ^2.6.1
978 silly placeDep ROOT source-map-support@0.5.21 OK for: ts-node-dev@2.0.0 want: ^0.5.12
979 silly placeDep ROOT tree-kill@1.2.2 OK for: ts-node-dev@2.0.0 want: ^1.2.2
980 silly placeDep ROOT ts-node@10.9.2 OK for: ts-node-dev@2.0.0 want: ^10.4.0
981 silly placeDep ROOT tsconfig@7.0.0 OK for: ts-node-dev@2.0.0 want: ^7.0.0
982 silly fetch manifest braces@~3.0.2
983 silly packumentCache full:https://registry.npmjs.org/braces cache-miss
984 silly fetch manifest is-glob@~4.0.1
985 silly packumentCache full:https://registry.npmjs.org/is-glob cache-miss
986 silly fetch manifest anymatch@~3.1.2
987 silly packumentCache full:https://registry.npmjs.org/anymatch cache-miss
988 silly fetch manifest readdirp@~3.6.0
989 silly packumentCache full:https://registry.npmjs.org/readdirp cache-miss
990 silly fetch manifest glob-parent@~5.1.2
991 silly packumentCache full:https://registry.npmjs.org/glob-parent cache-miss
992 silly fetch manifest is-binary-path@~2.1.0
993 silly packumentCache full:https://registry.npmjs.org/is-binary-path cache-miss
994 silly fetch manifest normalize-path@~3.0.0
995 silly packumentCache full:https://registry.npmjs.org/normalize-path cache-miss
996 http cache https://registry.npmjs.org/readdirp 14ms (cache hit)
997 silly packumentCache full:https://registry.npmjs.org/readdirp set size:107589 disposed:false
998 silly fetch manifest fsevents@~2.3.2
999 silly packumentCache full:https://registry.npmjs.org/fsevents cache-miss
1000 http fetch GET 200 https://registry.npmjs.org/is-glob 215ms (cache miss)
1001 silly packumentCache full:https://registry.npmjs.org/is-glob set size:undefined disposed:false
1002 silly fetch manifest xtend@^4.0.0
1003 silly packumentCache full:https://registry.npmjs.org/xtend cache-miss
1004 http fetch GET 200 https://registry.npmjs.org/glob-parent 217ms (cache miss)
1005 silly packumentCache full:https://registry.npmjs.org/glob-parent set size:undefined disposed:false
1006 silly fetch manifest path-parse@^1.0.7
1007 silly packumentCache full:https://registry.npmjs.org/path-parse cache-miss
1008 http fetch GET 200 https://registry.npmjs.org/fsevents 227ms (cache miss)
1009 silly packumentCache full:https://registry.npmjs.org/fsevents set size:undefined disposed:false
1010 silly fetch manifest is-core-module@^2.16.1
1011 silly packumentCache full:https://registry.npmjs.org/is-core-module cache-miss
1012 http fetch GET 200 https://registry.npmjs.org/anymatch 434ms (cache miss)
1013 silly packumentCache full:https://registry.npmjs.org/anymatch set size:undefined disposed:false
1014 silly fetch manifest supports-preserve-symlinks-flag@^1.0.0
1015 silly packumentCache full:https://registry.npmjs.org/supports-preserve-symlinks-flag cache-miss
1016 http fetch GET 200 https://registry.npmjs.org/is-binary-path 434ms (cache miss)
1017 silly packumentCache full:https://registry.npmjs.org/is-binary-path set size:undefined disposed:false
1018 silly fetch manifest glob@^7.1.3
1019 silly packumentCache full:https://registry.npmjs.org/glob cache-miss
1020 http fetch GET 200 https://registry.npmjs.org/normalize-path 436ms (cache miss)
1021 silly packumentCache full:https://registry.npmjs.org/normalize-path set size:undefined disposed:false
1022 silly fetch manifest source-map@^0.6.0
1023 silly packumentCache full:https://registry.npmjs.org/source-map cache-miss
1024 http fetch GET 200 https://registry.npmjs.org/braces 454ms (cache miss)
1025 silly packumentCache full:https://registry.npmjs.org/braces set size:undefined disposed:false
1026 silly fetch manifest yn@3.1.1
1027 silly packumentCache full:https://registry.npmjs.org/yn cache-miss
1028 http fetch GET 200 https://registry.npmjs.org/source-map 67ms (cache miss)
1029 silly packumentCache full:https://registry.npmjs.org/source-map set size:undefined disposed:false
1030 silly fetch manifest arg@^4.1.0
1031 silly packumentCache full:https://registry.npmjs.org/arg cache-miss
1032 http fetch GET 200 https://registry.npmjs.org/xtend 299ms (cache miss)
1033 silly packumentCache full:https://registry.npmjs.org/xtend set size:undefined disposed:false
1034 silly fetch manifest diff@^4.0.1
1035 silly packumentCache full:https://registry.npmjs.org/diff cache-miss
1036 http fetch GET 200 https://registry.npmjs.org/is-core-module 276ms (cache miss)
1037 silly packumentCache full:https://registry.npmjs.org/is-core-module set size:undefined disposed:false
1038 silly fetch manifest acorn@^8.4.1
1039 silly packumentCache full:https://registry.npmjs.org/acorn cache-miss
1040 http fetch GET 200 https://registry.npmjs.org/diff 45ms (cache miss)
1041 silly packumentCache full:https://registry.npmjs.org/diff set size:undefined disposed:false
1042 silly fetch manifest acorn-walk@^8.1.1
1043 silly packumentCache full:https://registry.npmjs.org/acorn-walk cache-miss
1044 http fetch GET 200 https://registry.npmjs.org/acorn 71ms (cache miss)
1045 silly packumentCache full:https://registry.npmjs.org/acorn set size:undefined disposed:false
1046 silly fetch manifest make-error@^1.1.1
1047 silly packumentCache full:https://registry.npmjs.org/make-error cache-miss
1048 http fetch GET 200 https://registry.npmjs.org/supports-preserve-symlinks-flag 266ms (cache miss)
1049 silly packumentCache full:https://registry.npmjs.org/supports-preserve-symlinks-flag set size:undefined disposed:false
1050 silly fetch manifest create-require@^1.1.0
1051 silly packumentCache full:https://registry.npmjs.org/create-require cache-miss
1052 http fetch GET 200 https://registry.npmjs.org/yn 260ms (cache miss)
1053 silly packumentCache full:https://registry.npmjs.org/yn set size:undefined disposed:false
1054 silly fetch manifest @tsconfig/node10@^1.0.7
1055 silly packumentCache full:https://registry.npmjs.org/@tsconfig%2fnode10 cache-miss
1056 http fetch GET 200 https://registry.npmjs.org/arg 287ms (cache miss)
1057 silly packumentCache full:https://registry.npmjs.org/arg set size:undefined disposed:false
1058 silly fetch manifest @tsconfig/node12@^1.0.7
1059 silly packumentCache full:https://registry.npmjs.org/@tsconfig%2fnode12 cache-miss
1060 http fetch GET 200 https://registry.npmjs.org/path-parse 603ms (cache miss)
1061 silly packumentCache full:https://registry.npmjs.org/path-parse set size:undefined disposed:false
1062 silly fetch manifest @tsconfig/node14@^1.0.0
1063 silly packumentCache full:https://registry.npmjs.org/@tsconfig%2fnode14 cache-miss
1064 http fetch GET 200 https://registry.npmjs.org/glob 393ms (cache miss)
1065 silly packumentCache full:https://registry.npmjs.org/glob set size:undefined disposed:false
1066 silly fetch manifest @tsconfig/node16@^1.0.2
1067 silly packumentCache full:https://registry.npmjs.org/@tsconfig%2fnode16 cache-miss
1068 http fetch GET 200 https://registry.npmjs.org/acorn-walk 285ms (cache miss)
1069 silly packumentCache full:https://registry.npmjs.org/acorn-walk set size:undefined disposed:false
1070 silly fetch manifest v8-compile-cache-lib@^3.0.1
1071 silly packumentCache full:https://registry.npmjs.org/v8-compile-cache-lib cache-miss
1072 http fetch GET 200 https://registry.npmjs.org/make-error 263ms (cache miss)
1073 silly packumentCache full:https://registry.npmjs.org/make-error set size:undefined disposed:false
1074 silly fetch manifest @cspotcode/source-map-support@^0.8.0
1075 silly packumentCache full:https://registry.npmjs.org/@cspotcode%2fsource-map-support cache-miss
1076 http fetch GET 200 https://registry.npmjs.org/create-require 299ms (cache miss)
1077 silly packumentCache full:https://registry.npmjs.org/create-require set size:undefined disposed:false
1078 silly fetch manifest @types/strip-bom@^3.0.0
1079 silly packumentCache full:https://registry.npmjs.org/@types%2fstrip-bom cache-miss
1080 http fetch GET 200 https://registry.npmjs.org/v8-compile-cache-lib 254ms (cache miss)
1081 silly packumentCache full:https://registry.npmjs.org/v8-compile-cache-lib set size:undefined disposed:false
1082 silly fetch manifest @types/strip-json-comments@0.0.30
1083 silly packumentCache full:https://registry.npmjs.org/@types%2fstrip-json-comments cache-miss
1084 http fetch GET 200 https://registry.npmjs.org/@cspotcode%2fsource-map-support 287ms (cache miss)
1085 silly packumentCache full:https://registry.npmjs.org/@cspotcode%2fsource-map-support set size:undefined disposed:false
1086 silly fetch manifest strip-bom@^3.0.0
1087 silly packumentCache full:https://registry.npmjs.org/strip-bom cache-miss
1088 http fetch GET 200 https://registry.npmjs.org/strip-bom 252ms (cache miss)
1089 silly packumentCache full:https://registry.npmjs.org/strip-bom set size:undefined disposed:false
1090 silly fetch manifest strip-json-comments@^2.0.0
1091 silly packumentCache full:https://registry.npmjs.org/strip-json-comments cache-miss
1092 http fetch GET 200 https://registry.npmjs.org/strip-json-comments 42ms (cache miss)
1093 silly packumentCache full:https://registry.npmjs.org/strip-json-comments set size:undefined disposed:false
1094 http fetch GET 200 https://registry.npmjs.org/@types%2fstrip-bom 461ms (cache miss)
1095 silly packumentCache full:https://registry.npmjs.org/@types%2fstrip-bom set size:undefined disposed:false
1096 http fetch GET 200 https://registry.npmjs.org/@types%2fstrip-json-comments 457ms (cache miss)
1097 silly packumentCache full:https://registry.npmjs.org/@types%2fstrip-json-comments set size:undefined disposed:false
1098 http fetch GET 200 https://registry.npmjs.org/@tsconfig%2fnode14 1186ms (cache miss)
1099 silly packumentCache full:https://registry.npmjs.org/@tsconfig%2fnode14 set size:undefined disposed:false
1100 http fetch GET 200 https://registry.npmjs.org/@tsconfig%2fnode10 1423ms (cache miss)
1101 silly packumentCache full:https://registry.npmjs.org/@tsconfig%2fnode10 set size:undefined disposed:false
1102 http fetch GET 200 https://registry.npmjs.org/@tsconfig%2fnode16 1391ms (cache miss)
1103 silly packumentCache full:https://registry.npmjs.org/@tsconfig%2fnode16 set size:undefined disposed:false
1104 http fetch GET 200 https://registry.npmjs.org/@tsconfig%2fnode12 1954ms (cache miss)
1105 silly packumentCache full:https://registry.npmjs.org/@tsconfig%2fnode12 set size:undefined disposed:false
1106 silly placeDep ROOT xtend@4.0.2 OK for: dynamic-dedupe@0.3.0 want: ^4.0.0
1107 silly placeDep ROOT is-core-module@2.16.2 OK for: resolve@1.22.12 want: ^2.16.1
1108 silly placeDep ROOT path-parse@1.0.7 OK for: resolve@1.22.12 want: ^1.0.7
1109 silly placeDep ROOT supports-preserve-symlinks-flag@1.0.0 OK for: resolve@1.22.12 want: ^1.0.0
1110 silly placeDep ROOT glob@7.2.3 OK for: rimraf@2.7.1 want: ^7.1.3
1111 silly fetch manifest inflight@^1.0.4
1112 silly packumentCache full:https://registry.npmjs.org/inflight cache-miss
1113 silly fetch manifest minimatch@^3.1.1
1114 silly packumentCache full:https://registry.npmjs.org/minimatch cache-miss
1115 silly fetch manifest fs.realpath@^1.0.0
1116 silly packumentCache full:https://registry.npmjs.org/fs.realpath cache-miss
1117 silly fetch manifest path-is-absolute@^1.0.0
1118 silly packumentCache full:https://registry.npmjs.org/path-is-absolute cache-miss
1119 http fetch GET 200 https://registry.npmjs.org/minimatch 998ms (cache miss)
1120 silly packumentCache full:https://registry.npmjs.org/minimatch set size:undefined disposed:false
1121 http fetch GET 200 https://registry.npmjs.org/fs.realpath 1181ms (cache miss)
1122 silly packumentCache full:https://registry.npmjs.org/fs.realpath set size:undefined disposed:false
1123 http fetch GET 200 https://registry.npmjs.org/inflight 1191ms (cache miss)
1124 silly packumentCache full:https://registry.npmjs.org/inflight set size:undefined disposed:false
1125 http fetch GET 200 https://registry.npmjs.org/path-is-absolute 1196ms (cache miss)
1126 silly packumentCache full:https://registry.npmjs.org/path-is-absolute set size:undefined disposed:false
1127 silly placeDep ROOT fs.realpath@1.0.0 OK for: glob@7.2.3 want: ^1.0.0
1128 silly placeDep ROOT inflight@1.0.6 OK for: glob@7.2.3 want: ^1.0.4
1129 silly placeDep ROOT minimatch@3.1.5 OK for: glob@7.2.3 want: ^3.1.1
1130 silly placeDep ROOT path-is-absolute@1.0.1 OK for: glob@7.2.3 want: ^1.0.0
1131 silly fetch manifest brace-expansion@^1.1.7
1132 silly packumentCache full:https://registry.npmjs.org/brace-expansion cache-miss
1133 http fetch GET 200 https://registry.npmjs.org/brace-expansion 37ms (cache miss)
1134 silly packumentCache full:https://registry.npmjs.org/brace-expansion set size:undefined disposed:false
1135 silly placeDep ROOT brace-expansion@1.1.18 OK for: minimatch@3.1.5 want: ^1.1.7
1136 silly fetch manifest concat-map@0.0.1
1137 silly packumentCache full:https://registry.npmjs.org/concat-map cache-miss
1138 silly fetch manifest balanced-match@^1.0.0
1139 silly packumentCache full:https://registry.npmjs.org/balanced-match cache-miss
1140 http fetch GET 200 https://registry.npmjs.org/concat-map 26ms (cache miss)
1141 silly packumentCache full:https://registry.npmjs.org/concat-map set size:undefined disposed:false
1142 http fetch GET 200 https://registry.npmjs.org/balanced-match 40ms (cache miss)
1143 silly packumentCache full:https://registry.npmjs.org/balanced-match set size:undefined disposed:false
1144 silly placeDep ROOT balanced-match@1.0.2 OK for: brace-expansion@1.1.18 want: ^1.0.0
1145 silly placeDep ROOT concat-map@0.0.1 OK for: brace-expansion@1.1.18 want: 0.0.1
1146 silly placeDep ROOT source-map@0.6.1 OK for: source-map-support@0.5.21 want: ^0.6.0
1147 silly placeDep ROOT @cspotcode/source-map-support@0.8.1 OK for: ts-node@10.9.2 want: ^0.8.0
1148 silly placeDep ROOT @tsconfig/node10@1.0.12 OK for: ts-node@10.9.2 want: ^1.0.7
1149 silly placeDep ROOT @tsconfig/node12@1.0.11 OK for: ts-node@10.9.2 want: ^1.0.7
1150 silly placeDep ROOT @tsconfig/node14@1.0.3 OK for: ts-node@10.9.2 want: ^1.0.0
1151 silly placeDep ROOT @tsconfig/node16@1.0.4 OK for: ts-node@10.9.2 want: ^1.0.2
1152 silly placeDep ROOT acorn@8.18.0 OK for: ts-node@10.9.2 want: ^8.4.1
1153 silly placeDep ROOT acorn-walk@8.3.5 OK for: ts-node@10.9.2 want: ^8.1.1
1154 silly placeDep ROOT arg@4.1.3 OK for: ts-node@10.9.2 want: ^4.1.0
1155 silly placeDep ROOT create-require@1.1.1 OK for: ts-node@10.9.2 want: ^1.1.0
1156 silly placeDep ROOT diff@4.0.4 OK for: ts-node@10.9.2 want: ^4.0.1
1157 silly placeDep ROOT make-error@1.3.6 OK for: ts-node@10.9.2 want: ^1.1.1
1158 silly placeDep ROOT v8-compile-cache-lib@3.0.1 OK for: ts-node@10.9.2 want: ^3.0.1
1159 silly placeDep ROOT yn@3.1.1 OK for: ts-node@10.9.2 want: 3.1.1
1160 silly fetch manifest @jridgewell/trace-mapping@0.3.9
1161 silly packumentCache full:https://registry.npmjs.org/@jridgewell%2ftrace-mapping cache-miss
1162 http fetch GET 200 https://registry.npmjs.org/@jridgewell%2ftrace-mapping 451ms (cache miss)
1163 silly packumentCache full:https://registry.npmjs.org/@jridgewell%2ftrace-mapping set size:undefined disposed:false
1164 silly placeDep ROOT @jridgewell/trace-mapping@0.3.9 OK for: @cspotcode/source-map-support@0.8.1 want: 0.3.9
1165 silly fetch manifest @jridgewell/resolve-uri@^3.0.3
1166 silly packumentCache full:https://registry.npmjs.org/@jridgewell%2fresolve-uri cache-miss
1167 silly fetch manifest @jridgewell/sourcemap-codec@^1.4.10
1168 silly packumentCache full:https://registry.npmjs.org/@jridgewell%2fsourcemap-codec cache-miss
1169 http fetch GET 200 https://registry.npmjs.org/@jridgewell%2fsourcemap-codec 40ms (cache miss)
1170 silly packumentCache full:https://registry.npmjs.org/@jridgewell%2fsourcemap-codec set size:undefined disposed:false
1171 http fetch GET 200 https://registry.npmjs.org/@jridgewell%2fresolve-uri 334ms (cache miss)
1172 silly packumentCache full:https://registry.npmjs.org/@jridgewell%2fresolve-uri set size:undefined disposed:false
1173 silly placeDep ROOT @jridgewell/resolve-uri@3.1.2 OK for: @jridgewell/trace-mapping@0.3.9 want: ^3.0.3
1174 silly placeDep ROOT @jridgewell/sourcemap-codec@1.5.5 OK for: @jridgewell/trace-mapping@0.3.9 want: ^1.4.10
1175 silly placeDep ROOT @types/strip-bom@3.0.0 OK for: tsconfig@7.0.0 want: ^3.0.0
1176 silly placeDep ROOT @types/strip-json-comments@0.0.30 OK for: tsconfig@7.0.0 want: 0.0.30
1177 silly placeDep ROOT strip-bom@3.0.0 OK for: tsconfig@7.0.0 want: ^3.0.0
1178 silly placeDep ROOT strip-json-comments@2.0.1 OK for: tsconfig@7.0.0 want: ^2.0.0
1179 silly placeDep ROOT @typescript/typescript-aix-ppc64@7.0.2 OK for: typescript@7.0.2 want: 7.0.2
1180 silly placeDep ROOT @typescript/typescript-darwin-arm64@7.0.2 OK for: typescript@7.0.2 want: 7.0.2
1181 silly placeDep ROOT @typescript/typescript-darwin-x64@7.0.2 OK for: typescript@7.0.2 want: 7.0.2
1182 silly placeDep ROOT @typescript/typescript-freebsd-arm64@7.0.2 OK for: typescript@7.0.2 want: 7.0.2
1183 silly placeDep ROOT @typescript/typescript-freebsd-x64@7.0.2 OK for: typescript@7.0.2 want: 7.0.2
1184 silly placeDep ROOT @typescript/typescript-linux-arm@7.0.2 OK for: typescript@7.0.2 want: 7.0.2
1185 silly placeDep ROOT @typescript/typescript-linux-arm64@7.0.2 OK for: typescript@7.0.2 want: 7.0.2
1186 silly placeDep ROOT @typescript/typescript-linux-loong64@7.0.2 OK for: typescript@7.0.2 want: 7.0.2
1187 silly placeDep ROOT @typescript/typescript-linux-mips64el@7.0.2 OK for: typescript@7.0.2 want: 7.0.2
1188 silly placeDep ROOT @typescript/typescript-linux-ppc64@7.0.2 OK for: typescript@7.0.2 want: 7.0.2
1189 silly placeDep ROOT @typescript/typescript-linux-riscv64@7.0.2 OK for: typescript@7.0.2 want: 7.0.2
1190 silly placeDep ROOT @typescript/typescript-linux-s390x@7.0.2 OK for: typescript@7.0.2 want: 7.0.2
1191 silly placeDep ROOT @typescript/typescript-linux-x64@7.0.2 OK for: typescript@7.0.2 want: 7.0.2
1192 silly placeDep ROOT @typescript/typescript-netbsd-arm64@7.0.2 OK for: typescript@7.0.2 want: 7.0.2
1193 silly placeDep ROOT @typescript/typescript-netbsd-x64@7.0.2 OK for: typescript@7.0.2 want: 7.0.2
1194 silly placeDep ROOT @typescript/typescript-openbsd-arm64@7.0.2 OK for: typescript@7.0.2 want: 7.0.2
1195 silly placeDep ROOT @typescript/typescript-openbsd-x64@7.0.2 OK for: typescript@7.0.2 want: 7.0.2
1196 silly placeDep ROOT @typescript/typescript-sunos-x64@7.0.2 OK for: typescript@7.0.2 want: 7.0.2
1197 silly placeDep ROOT @typescript/typescript-win32-arm64@7.0.2 OK for: typescript@7.0.2 want: 7.0.2
1198 silly placeDep ROOT @typescript/typescript-win32-x64@7.0.2 OK for: typescript@7.0.2 want: 7.0.2
1199 silly placeDep ROOT isexe@2.0.0 OK for: which@2.0.2 want: ^2.0.0
1200 silly placeDep ROOT grammex@3.1.13 OK for: zeptomatch@2.1.0 want: ^3.1.11
1201 silly placeDep ROOT graphmatch@1.1.1 OK for: zeptomatch@2.1.0 want: ^1.1.0
1202 silly placeDep ROOT anymatch@3.1.3 OK for: chokidar@3.6.0 want: ~3.1.2
1203 silly placeDep ROOT braces@3.0.3 OK for: chokidar@3.6.0 want: ~3.0.2
1204 silly placeDep ROOT fsevents@2.3.3 OK for: chokidar@3.6.0 want: ~2.3.2
1205 silly placeDep ROOT glob-parent@5.1.2 OK for: chokidar@3.6.0 want: ~5.1.2
1206 silly placeDep ROOT is-binary-path@2.1.0 OK for: chokidar@3.6.0 want: ~2.1.0
1207 silly placeDep ROOT is-glob@4.0.3 OK for: chokidar@3.6.0 want: ~4.0.1
1208 silly placeDep ROOT normalize-path@3.0.0 OK for: chokidar@3.6.0 want: ~3.0.0
1209 silly placeDep node_modules/ts-node-dev readdirp@3.6.0 OK for: chokidar@3.6.0 want: ~3.6.0
1210 silly fetch manifest picomatch@^2.0.4
1211 silly packumentCache full:https://registry.npmjs.org/picomatch cache-miss
1212 silly fetch manifest normalize-path@^3.0.0
1213 silly packumentCache full:https://registry.npmjs.org/normalize-path cache-miss
1214 silly fetch manifest fill-range@^7.1.1
1215 silly packumentCache full:https://registry.npmjs.org/fill-range cache-miss
1216 silly fetch manifest is-glob@^4.0.1
1217 silly packumentCache full:https://registry.npmjs.org/is-glob cache-miss
1218 silly fetch manifest binary-extensions@^2.0.0
1219 silly packumentCache full:https://registry.npmjs.org/binary-extensions cache-miss
1220 silly fetch manifest is-extglob@^2.1.1
1221 silly packumentCache full:https://registry.npmjs.org/is-extglob cache-miss
1222 silly fetch manifest picomatch@^2.2.1
1223 silly packumentCache full:https://registry.npmjs.org/picomatch cache-miss
1224 http cache https://registry.npmjs.org/normalize-path 5ms (cache hit)
1225 silly packumentCache full:https://registry.npmjs.org/normalize-path set size:28713 disposed:false
1226 http cache https://registry.npmjs.org/is-glob 4ms (cache hit)
1227 silly packumentCache full:https://registry.npmjs.org/is-glob set size:40530 disposed:false
1228 http fetch GET 200 https://registry.npmjs.org/picomatch 37ms (cache miss)
1229 silly packumentCache full:https://registry.npmjs.org/picomatch set size:undefined disposed:false
1230 http fetch GET 200 https://registry.npmjs.org/is-extglob 39ms (cache miss)
1231 silly packumentCache full:https://registry.npmjs.org/is-extglob set size:undefined disposed:false
1232 http fetch GET 200 https://registry.npmjs.org/picomatch 63ms (cache miss)
1233 silly packumentCache full:https://registry.npmjs.org/picomatch set size:undefined disposed:false
1234 http fetch GET 200 https://registry.npmjs.org/binary-extensions 253ms (cache miss)
1235 silly packumentCache full:https://registry.npmjs.org/binary-extensions set size:undefined disposed:false
1236 http fetch GET 200 https://registry.npmjs.org/fill-range 267ms (cache miss)
1237 silly packumentCache full:https://registry.npmjs.org/fill-range set size:undefined disposed:false
1238 silly placeDep ROOT picomatch@2.3.2 OK for: anymatch@3.1.3 want: ^2.0.4
1239 silly placeDep ROOT fill-range@7.1.1 OK for: braces@3.0.3 want: ^7.1.1
1240 silly fetch manifest to-regex-range@^5.0.1
1241 silly packumentCache full:https://registry.npmjs.org/to-regex-range cache-miss
1242 http fetch GET 200 https://registry.npmjs.org/to-regex-range 703ms (cache miss)
1243 silly packumentCache full:https://registry.npmjs.org/to-regex-range set size:undefined disposed:false
1244 silly placeDep ROOT to-regex-range@5.0.1 OK for: fill-range@7.1.1 want: ^5.0.1
1245 silly fetch manifest is-number@^7.0.0
1246 silly packumentCache full:https://registry.npmjs.org/is-number cache-miss
1247 http fetch GET 200 https://registry.npmjs.org/is-number 271ms (cache miss)
1248 silly packumentCache full:https://registry.npmjs.org/is-number set size:undefined disposed:false
1249 silly placeDep ROOT binary-extensions@2.3.0 OK for: is-binary-path@2.1.0 want: ^2.0.0
1250 silly placeDep ROOT is-extglob@2.1.1 OK for: is-glob@4.0.3 want: ^2.1.1
1251 silly placeDep ROOT is-number@7.0.0 OK for: to-regex-range@5.0.1 want: ^7.0.0
1252 silly reify moves {}
1253 silly audit bulk request {
1253 silly audit   '@prisma/client': [ '7.9.1' ],
1253 silly audit   '@prisma/client-runtime-utils': [ '7.9.1' ],
1253 silly audit   '@socket.io/component-emitter': [ '3.1.2' ],
1253 silly audit   '@stablelib/base64': [ '1.0.1' ],
1253 silly audit   '@types/ws': [ '8.18.1' ],
1253 silly audit   accepts: [ '2.0.0', '1.3.8' ],
1253 silly audit   'append-field': [ '1.0.0' ],
1253 silly audit   base64id: [ '2.0.0' ],
1253 silly audit   bcryptjs: [ '3.0.3' ],
1253 silly audit   'body-parser': [ '2.3.0' ],
1253 silly audit   'content-type': [ '2.0.0', '1.0.5' ],
1253 silly audit   'buffer-equal-constant-time': [ '1.0.1' ],
1253 silly audit   'buffer-from': [ '1.1.2' ],
1253 silly audit   busboy: [ '1.6.0' ],
1253 silly audit   bytes: [ '3.1.2' ],
1253 silly audit   'call-bind-apply-helpers': [ '1.0.2' ],
1253 silly audit   'call-bound': [ '1.0.4' ],
1253 silly audit   cloudinary: [ '2.10.0' ],
1253 silly audit   'concat-stream': [ '2.0.0' ],
1253 silly audit   'content-disposition': [ '1.1.0' ],
1253 silly audit   cookie: [ '0.7.2' ],
1253 silly audit   'cookie-signature': [ '1.2.2' ],
1253 silly audit   cors: [ '2.8.6' ],
1253 silly audit   debug: [ '4.4.3' ],
1253 silly audit   depd: [ '2.0.0' ],
1253 silly audit   dotenv: [ '17.4.2' ],
1253 silly audit   'dunder-proto': [ '1.0.1' ],
1253 silly audit   'ecdsa-sig-formatter': [ '1.0.11' ],
1253 silly audit   'ee-first': [ '1.1.1' ],
1253 silly audit   encodeurl: [ '2.0.0' ],
1253 silly audit   'engine.io': [ '6.6.9' ],
1253 silly audit   'engine.io-parser': [ '5.2.3' ],
1253 silly audit   'mime-db': [ '1.52.0', '1.54.0' ],
1253 silly audit   'mime-types': [ '2.1.35', '3.0.2' ],
1253 silly audit   negotiator: [ '0.6.3', '1.0.0' ],
1253 silly audit   'es-define-property': [ '1.0.1' ],
1253 silly audit   'es-errors': [ '1.3.0' ],
1253 silly audit   'es-object-atoms': [ '1.1.2' ],
1253 silly audit   'escape-html': [ '1.0.3' ],
1253 silly audit   etag: [ '1.8.1' ],
1253 silly audit   express: [ '5.2.1' ],
1253 silly audit   'fast-sha256': [ '1.3.0' ],
1253 silly audit   finalhandler: [ '2.1.1' ],
1253 silly audit   forwarded: [ '0.2.0' ],
1253 silly audit   fresh: [ '2.0.0' ],
1253 silly audit   'function-bind': [ '1.1.2' ],
1253 silly audit   'get-intrinsic': [ '1.3.0' ],
1253 silly audit   'get-proto': [ '1.0.1' ],
1253 silly audit   gopd: [ '1.2.0' ],
1253 silly audit   'has-symbols': [ '1.1.0' ],
1253 silly audit   hasown: [ '2.0.4' ],
1253 silly audit   'http-errors': [ '2.0.1' ],
1253 silly audit   'iconv-lite': [ '0.7.3' ],
1253 silly audit   inherits: [ '2.0.4' ],
1253 silly audit   'ipaddr.js': [ '1.9.1' ],
1253 silly audit   'is-promise': [ '4.0.0' ],
1253 silly audit   jsonwebtoken: [ '9.0.3' ],
1253 silly audit   jwa: [ '2.0.1' ],
1253 silly audit   jws: [ '4.0.1' ],
1253 silly audit   lodash: [ '4.18.1' ],
1253 silly audit   'lodash.includes': [ '4.3.0' ],
1253 silly audit   'lodash.isboolean': [ '3.0.3' ],
1253 silly audit   'lodash.isinteger': [ '4.0.4' ],
1253 silly audit   'lodash.isnumber': [ '3.0.3' ],
1253 silly audit   'lodash.isplainobject': [ '4.0.6' ],
1253 silly audit   'lodash.isstring': [ '4.0.1' ],
1253 silly audit   'lodash.once': [ '4.1.1' ],
1253 silly audit   'math-intrinsics': [ '1.1.0' ],
1253 silly audit   'media-typer': [ '1.1.1', '0.3.0' ],
1253 silly audit   'merge-descriptors': [ '2.0.0' ],
1253 silly audit   ms: [ '2.1.3' ],
1253 silly audit   multer: [ '2.2.0' ],
1253 silly audit   'type-is': [ '1.6.18', '2.1.0' ],
1253 silly audit   'object-assign': [ '4.1.1' ],
1253 silly audit   'object-inspect': [ '1.13.4' ],
1253 silly audit   'on-finished': [ '2.4.1' ],
1253 silly audit   once: [ '1.4.0' ],
1253 silly audit   parseurl: [ '1.3.3' ],
1253 silly audit   'path-to-regexp': [ '8.4.2' ],
1253 silly audit   'postal-mime': [ '2.7.5' ],
1253 silly audit   'proxy-addr': [ '2.0.7' ],
1253 silly audit   qs: [ '6.15.3' ],
1253 silly audit   'range-parser': [ '1.3.0' ],
1253 silly audit   'raw-body': [ '3.0.2' ],
1253 silly audit   'readable-stream': [ '3.6.2' ],
1253 silly audit   resend: [ '6.18.1' ],
1253 silly audit   router: [ '2.2.0' ],
1253 silly audit   'safe-buffer': [ '5.2.1' ],
1253 silly audit   'safer-buffer': [ '2.1.2' ],
1253 silly audit   semver: [ '7.8.5' ],
1253 silly audit   send: [ '1.2.1' ],
1253 silly audit   'serve-static': [ '2.2.1' ],
1253 silly audit   setprototypeof: [ '1.2.0' ],
1253 silly audit   'side-channel': [ '1.1.1' ],
1253 silly audit   'side-channel-list': [ '1.0.1' ],
1253 silly audit   'side-channel-map': [ '1.0.1' ],
1253 silly audit   'side-channel-weakmap': [ '1.0.2' ],
1253 silly audit   'socket.io': [ '4.8.3' ],
1253 silly audit   'socket.io-adapter': [ '2.5.8' ],
1253 silly audit   'socket.io-parser': [ '4.2.7' ],
1253 silly audit   standardwebhooks: [ '1.0.0' ],
1253 silly audit   statuses: [ '2.0.2' ],
1253 silly audit   streamsearch: [ '1.1.0' ],
1253 silly audit   string_decoder: [ '1.3.0' ],
1253 silly audit   toidentifier: [ '1.0.1' ],
1253 silly audit   typedarray: [ '0.0.6' ],
1253 silly audit   'undici-types': [ '8.3.0' ],
1253 silly audit   unpipe: [ '1.0.0' ],
1253 silly audit   'util-deprecate': [ '1.0.2' ],
1253 silly audit   vary: [ '1.1.2' ],
1253 silly audit   wrappy: [ '1.0.2' ],
1253 silly audit   ws: [ '8.21.2' ],
1253 silly audit   zod: [ '4.4.3' ],
1253 silly audit   '@types/bcryptjs': [ '2.4.6' ],
1253 silly audit   '@types/cors': [ '2.8.19' ],
1253 silly audit   '@types/express': [ '5.0.6' ],
1253 silly audit   '@types/jsonwebtoken': [ '9.0.10' ],
1253 silly audit   '@types/multer': [ '2.2.0' ],
1253 silly audit   '@types/node': [ '26.1.2' ],
1253 silly audit   prisma: [ '7.9.1' ],
1253 silly audit   'ts-node-dev': [ '2.0.0' ],
1253 silly audit   typescript: [ '7.0.2' ],
1253 silly audit   '@types/body-parser': [ '1.19.6' ],
1253 silly audit   '@types/express-serve-static-core': [ '5.1.3' ],
1253 silly audit   '@types/serve-static': [ '2.2.0' ],
1253 silly audit   '@types/connect': [ '3.4.38' ],
1253 silly audit   '@types/qs': [ '6.15.1' ],
1253 silly audit   '@types/range-parser': [ '1.2.7' ],
1253 silly audit   '@types/send': [ '1.2.1' ],
1253 silly audit   '@types/ms': [ '2.1.0' ],
1253 silly audit   '@types/http-errors': [ '2.0.5' ],
1253 silly audit   '@prisma/config': [ '7.9.1' ],
1253 silly audit   '@prisma/dev': [ '0.24.17' ],
1253 silly audit   '@prisma/engines': [ '7.9.1' ],
1253 silly audit   '@prisma/studio-core': [ '0.33.0' ],
1253 silly audit   '@types/react': [ '19.2.18' ],
1253 silly audit   react: [ '19.2.8' ],
1253 silly audit   'react-dom': [ '19.2.8' ],
1253 silly audit   mysql2: [ '3.15.3' ],
1253 silly audit   postgres: [ '3.4.7' ],
1253 silly audit   c12: [ '3.3.4' ],
1253 silly audit   'deepmerge-ts': [ '7.1.5' ],
1253 silly audit   effect: [ '3.20.0' ],
1253 silly audit   empathic: [ '2.0.0' ],
1253 silly audit   '@electric-sql/pglite': [ '0.4.3' ],
1253 silly audit   '@electric-sql/pglite-socket': [ '0.1.3' ],
1253 silly audit   '@electric-sql/pglite-tools': [ '0.3.3' ],
1253 silly audit   '@prisma/get-platform': [ '7.2.0', '7.9.1' ],
1253 silly audit   '@prisma/query-plan-executor': [ '7.2.0' ],
1253 silly audit   '@prisma/streams-local': [ '0.1.11' ],
1253 silly audit   'find-my-way': [ '9.7.0' ],
1253 silly audit   'foreground-child': [ '3.3.1' ],
1253 silly audit   'get-port-please': [ '3.2.0' ],
1253 silly audit   pathe: [ '2.0.3' ],
1253 silly audit   'proper-lockfile': [ '4.1.2' ],
1253 silly audit   remeda: [ '2.33.4' ],
1253 silly audit   'std-env': [ '3.10.0' ],
1253 silly audit   valibot: [ '1.4.2' ],
1253 silly audit   zeptomatch: [ '2.1.0' ],
1253 silly audit   '@prisma/debug': [ '7.9.1', '7.2.0' ],
1253 silly audit   '@prisma/engines-version': [ '7.9.0-1.e922089b7d7502aff4249d5da3420f6fa55fc6ad' ],
1253 silly audit   '@prisma/fetch-engine': [ '7.9.1' ],
1253 silly audit   ajv: [ '8.20.0' ],
1253 silly audit   'better-result': [ '2.10.0' ],
1253 silly audit   'env-paths': [ '3.0.0' ],
1253 silly audit   '@radix-ui/react-toggle': [ '1.1.10' ],
1253 silly audit   '@visx/curve': [ '4.0.1-alpha.0' ],
1253 silly audit   '@visx/event': [ '4.0.1-alpha.0' ],
1253 silly audit   '@visx/grid': [ '4.0.1-alpha.0' ],
1253 silly audit   '@visx/group': [ '4.0.1-alpha.0' ],
1253 silly audit   '@visx/responsive': [ '4.0.1-alpha.0' ],
1253 silly audit   '@visx/scale': [ '4.0.1-alpha.0' ],
1253 silly audit   '@visx/shape': [ '4.0.1-alpha.0' ],
1253 silly audit   'd3-array': [ '3.2.4', '3.2.1' ],
1253 silly audit   'd3-shape': [ '3.2.0' ],
1253 silly audit   elkjs: [ '0.11.1' ],
1253 silly audit   '@radix-ui/primitive': [ '1.1.3' ],
1253 silly audit   '@radix-ui/react-primitive': [ '2.1.3' ],
1253 silly audit   '@radix-ui/react-use-controllable-state': [ '1.2.2' ],
1253 silly audit   '@radix-ui/react-slot': [ '1.2.3' ],
1253 silly audit   '@radix-ui/react-compose-refs': [ '1.1.2' ],
1253 silly audit   '@radix-ui/react-use-effect-event': [ '0.0.2' ],
1253 silly audit   '@radix-ui/react-use-layout-effect': [ '1.1.1' ],
1253 silly audit   csstype: [ '3.2.3' ],
1253 silly audit   '@visx/vendor': [ '4.0.0-alpha.0' ],
1253 silly audit   '@visx/point': [ '4.0.1-alpha.0' ],
1253 silly audit   classnames: [ '2.5.1' ],
1253 silly audit   '@types/lodash': [ '4.17.25' ],
1253 silly audit   '@types/d3-array': [ '3.0.3' ],
1253 silly audit   '@types/d3-color': [ '3.1.0' ],
1253 silly audit   '@types/d3-delaunay': [ '6.0.1' ],
1253 silly audit   '@types/d3-format': [ '3.0.1' ],
1253 silly audit   '@types/d3-geo': [ '3.1.0' ],
1253 silly audit   '@types/d3-interpolate': [ '3.0.1' ],
1253 silly audit   '@types/d3-path': [ '3.1.1' ],
1253 silly audit   '@types/d3-scale': [ '4.0.2' ],
1253 silly audit   '@types/d3-shape': [ '3.1.7' ],
1253 silly audit   '@types/d3-time': [ '3.0.0' ],
1253 silly audit   '@types/d3-time-format': [ '2.1.0' ],
1253 silly audit   'd3-color': [ '3.1.0' ],
1253 silly audit   'd3-delaunay': [ '6.0.2' ],
1253 silly audit   'd3-format': [ '3.1.0' ],
1253 silly audit   'd3-geo': [ '3.1.0' ],
1253 silly audit   'd3-interpolate': [ '3.0.1' ],
1253 silly audit   'd3-path': [ '3.1.0' ],
1253 silly audit   'd3-scale': [ '4.0.2' ],
1253 silly audit   'd3-time': [ '3.1.0' ],
1253 silly audit   'd3-time-format': [ '4.1.0' ],
1253 silly audit   internmap: [ '2.0.3' ],
1253 silly audit   '@types/geojson': [ '7946.0.16' ],
1253 silly audit   'fast-deep-equal': [ '3.1.3' ],
1253 silly audit   'fast-uri': [ '3.1.5' ],
1253 silly audit   'json-schema-traverse': [ '1.0.0' ],
1253 silly audit   'require-from-string': [ '2.0.2' ],
1253 silly audit   chokidar: [ '5.0.0', '3.6.0' ],
1253 silly audit   confbox: [ '0.2.4' ],
1253 silly audit   defu: [ '6.1.7' ],
1253 silly audit   exsolve: [ '1.1.1' ],
1253 silly audit   giget: [ '3.3.1' ],
1253 silly audit   jiti: [ '2.7.0' ],
1253 silly audit   ohash: [ '2.0.11' ],
1253 silly audit   'perfect-debounce': [ '2.1.0' ],
1253 silly audit   'pkg-types': [ '2.3.1' ],
1253 silly audit   rc9: [ '3.0.1' ],
1253 silly audit   readdirp: [ '5.0.0', '3.6.0' ],
1253 silly audit   delaunator: [ '5.1.0' ],
1253 silly audit   'robust-predicates': [ '3.0.3' ],
1253 silly audit   '@standard-schema/spec': [ '1.1.0' ],
1253 silly audit   'fast-check': [ '3.23.2' ],
1253 silly audit   'pure-rand': [ '6.1.0' ],
1253 silly audit   'fast-querystring': [ '1.1.2' ],
1253 silly audit   'safe-regex2': [ '5.1.1' ],
1253 silly audit   'fast-decode-uri-component': [ '1.0.1' ],
1253 silly audit   'cross-spawn': [ '7.0.6' ],
1253 silly audit   'signal-exit': [ '4.1.0', '3.0.7' ],
1253 silly audit   'path-key': [ '3.1.1' ],
1253 silly audit   'shebang-command': [ '2.0.0' ],
1253 silly audit   which: [ '2.0.2' ],
1253 silly audit   'aws-ssl-profiles': [ '1.1.2' ],
1253 silly audit   denque: [ '2.1.0' ],
1253 silly audit   'generate-function': [ '2.3.1' ],
1253 silly audit   long: [ '5.3.2' ],
1253 silly audit   'lru.min': [ '1.1.4' ],
1253 silly audit   'named-placeholders': [ '1.1.6' ],
1253 silly audit   'seq-queue': [ '0.0.5' ],
1253 silly audit   sqlstring: [ '2.3.3' ],
1253 silly audit   'is-property': [ '1.0.2' ],
1253 silly audit   'graceful-fs': [ '4.2.11' ],
1253 silly audit   retry: [ '0.12.0' ],
1253 silly audit   destr: [ '2.0.5' ],
1253 silly audit   scheduler: [ '0.27.0' ],
1253 silly audit   ret: [ '0.5.0' ],
1253 silly audit   'shebang-regex': [ '3.0.0' ],
1253 silly audit   'dynamic-dedupe': [ '0.3.0' ],
1253 silly audit   minimist: [ '1.2.8' ],
1253 silly audit   mkdirp: [ '1.0.4' ],
1253 silly audit   resolve: [ '1.22.12' ],
1253 silly audit   rimraf: [ '2.7.1' ],
1253 silly audit   'source-map-support': [ '0.5.21' ],
1253 silly audit   'tree-kill': [ '1.2.2' ],
1253 silly audit   'ts-node': [ '10.9.2' ],
1253 silly audit   tsconfig: [ '7.0.0' ],
1253 silly audit   xtend: [ '4.0.2' ],
1253 silly audit   'is-core-module': [ '2.16.2' ],
1253 silly audit   'path-parse': [ '1.0.7' ],
1253 silly audit   'supports-preserve-symlinks-flag': [ '1.0.0' ],
1253 silly audit   glob: [ '7.2.3' ],
1253 silly audit   'fs.realpath': [ '1.0.0' ],
1253 silly audit   inflight: [ '1.0.6' ],
1253 silly audit   minimatch: [ '3.1.5' ],
1253 silly audit   'path-is-absolute': [ '1.0.1' ],
1253 silly audit   'brace-expansion': [ '1.1.18' ],
1253 silly audit   'balanced-match': [ '1.0.2' ],
1253 silly audit   'concat-map': [ '0.0.1' ],
1253 silly audit   'source-map': [ '0.6.1' ],
1253 silly audit   '@cspotcode/source-map-support': [ '0.8.1' ],
1253 silly audit   '@tsconfig/node10': [ '1.0.12' ],
1253 silly audit   '@tsconfig/node12': [ '1.0.11' ],
1253 silly audit   '@tsconfig/node14': [ '1.0.3' ],
1253 silly audit   '@tsconfig/node16': [ '1.0.4' ],
1253 silly audit   acorn: [ '8.18.0' ],
1253 silly audit   'acorn-walk': [ '8.3.5' ],
1253 silly audit   arg: [ '4.1.3' ],
1253 silly audit   'create-require': [ '1.1.1' ],
1253 silly audit   diff: [ '4.0.4' ],
1253 silly audit   'make-error': [ '1.3.6' ],
1253 silly audit   'v8-compile-cache-lib': [ '3.0.1' ],
1253 silly audit   yn: [ '3.1.1' ],
1253 silly audit   '@jridgewell/trace-mapping': [ '0.3.9' ],
1253 silly audit   '@jridgewell/resolve-uri': [ '3.1.2' ],
1253 silly audit   '@jridgewell/sourcemap-codec': [ '1.5.5' ],
1253 silly audit   '@types/strip-bom': [ '3.0.0' ],
1253 silly audit   '@types/strip-json-comments': [ '0.0.30' ],
1253 silly audit   'strip-bom': [ '3.0.0' ],
1253 silly audit   'strip-json-comments': [ '2.0.1' ],
1253 silly audit   '@typescript/typescript-aix-ppc64': [ '7.0.2' ],
1253 silly audit   '@typescript/typescript-darwin-arm64': [ '7.0.2' ],
1253 silly audit   '@typescript/typescript-darwin-x64': [ '7.0.2' ],
1253 silly audit   '@typescript/typescript-freebsd-arm64': [ '7.0.2' ],
1253 silly audit   '@typescript/typescript-freebsd-x64': [ '7.0.2' ],
1253 silly audit   '@typescript/typescript-linux-arm': [ '7.0.2' ],
1253 silly audit   '@typescript/typescript-linux-arm64': [ '7.0.2' ],
1253 silly audit   '@typescript/typescript-linux-loong64': [ '7.0.2' ],
1253 silly audit   '@typescript/typescript-linux-mips64el': [ '7.0.2' ],
1253 silly audit   '@typescript/typescript-linux-ppc64': [ '7.0.2' ],
1253 silly audit   '@typescript/typescript-linux-riscv64': [ '7.0.2' ],
1253 silly audit   '@typescript/typescript-linux-s390x': [ '7.0.2' ],
1253 silly audit   '@typescript/typescript-linux-x64': [ '7.0.2' ],
1253 silly audit   '@typescript/typescript-netbsd-arm64': [ '7.0.2' ],
1253 silly audit   '@typescript/typescript-netbsd-x64': [ '7.0.2' ],
1253 silly audit   '@typescript/typescript-openbsd-arm64': [ '7.0.2' ],
1253 silly audit   '@typescript/typescript-openbsd-x64': [ '7.0.2' ],
1253 silly audit   '@typescript/typescript-sunos-x64': [ '7.0.2' ],
1253 silly audit   '@typescript/typescript-win32-arm64': [ '7.0.2' ],
1253 silly audit   '@typescript/typescript-win32-x64': [ '7.0.2' ],
1253 silly audit   isexe: [ '2.0.0' ],
1253 silly audit   grammex: [ '3.1.13' ],
1253 silly audit   graphmatch: [ '1.1.1' ],
1253 silly audit   anymatch: [ '3.1.3' ],
1253 silly audit   braces: [ '3.0.3' ],
1253 silly audit   fsevents: [ '2.3.3' ],
1253 silly audit   'glob-parent': [ '5.1.2' ],
1253 silly audit   'is-binary-path': [ '2.1.0' ],
1253 silly audit   'is-glob': [ '4.0.3' ],
1253 silly audit   'normalize-path': [ '3.0.0' ],
1253 silly audit   picomatch: [ '2.3.2' ],
1253 silly audit   'fill-range': [ '7.1.1' ],
1253 silly audit   'to-regex-range': [ '5.0.1' ],
1253 silly audit   'binary-extensions': [ '2.3.0' ],
1253 silly audit   'is-extglob': [ '2.1.1' ],
1253 silly audit   'is-number': [ '7.0.0' ]
1253 silly audit }
1254 http cache is-number@https://registry.npmjs.org/is-number/-/is-number-7.0.0.tgz 0ms (cache hit)
1255 http cache fill-range@https://registry.npmjs.org/fill-range/-/fill-range-7.1.1.tgz 0ms (cache hit)
1256 http cache to-regex-range@https://registry.npmjs.org/to-regex-range/-/to-regex-range-5.0.1.tgz 0ms (cache hit)
1257 http cache binary-extensions@https://registry.npmjs.org/binary-extensions/-/binary-extensions-2.3.0.tgz 0ms (cache hit)
1258 http cache is-extglob@https://registry.npmjs.org/is-extglob/-/is-extglob-2.1.1.tgz 0ms (cache hit)
1259 http cache picomatch@https://registry.npmjs.org/picomatch/-/picomatch-2.3.2.tgz 0ms (cache hit)
1260 http cache normalize-path@https://registry.npmjs.org/normalize-path/-/normalize-path-3.0.0.tgz 0ms (cache hit)
1261 http cache is-glob@https://registry.npmjs.org/is-glob/-/is-glob-4.0.3.tgz 0ms (cache hit)
1262 http cache is-binary-path@https://registry.npmjs.org/is-binary-path/-/is-binary-path-2.1.0.tgz 0ms (cache hit)
1263 http cache glob-parent@https://registry.npmjs.org/glob-parent/-/glob-parent-5.1.2.tgz 0ms (cache hit)
1264 http cache fsevents@https://registry.npmjs.org/fsevents/-/fsevents-2.3.3.tgz 0ms (cache hit)
1265 http cache braces@https://registry.npmjs.org/braces/-/braces-3.0.3.tgz 0ms (cache hit)
1266 http cache @typescript/typescript-darwin-arm64@https://registry.npmjs.org/@typescript/typescript-darwin-arm64/-/typescript-darwin-arm64-7.0.2.tgz 0ms (cache hit)
1267 http cache grammex@https://registry.npmjs.org/grammex/-/grammex-3.1.13.tgz 0ms (cache hit)
1268 http cache graphmatch@https://registry.npmjs.org/graphmatch/-/graphmatch-1.1.1.tgz 0ms (cache hit)
1269 http cache anymatch@https://registry.npmjs.org/anymatch/-/anymatch-3.1.3.tgz 0ms (cache hit)
1270 http cache strip-json-comments@https://registry.npmjs.org/strip-json-comments/-/strip-json-comments-2.0.1.tgz 0ms (cache hit)
1271 http cache @types/strip-json-comments@https://registry.npmjs.org/@types/strip-json-comments/-/strip-json-comments-0.0.30.tgz 0ms (cache hit)
1272 http cache isexe@https://registry.npmjs.org/isexe/-/isexe-2.0.0.tgz 0ms (cache hit)
1273 http cache @types/strip-bom@https://registry.npmjs.org/@types/strip-bom/-/strip-bom-3.0.0.tgz 0ms (cache hit)
1274 http cache strip-bom@https://registry.npmjs.org/strip-bom/-/strip-bom-3.0.0.tgz 0ms (cache hit)
1275 http cache @jridgewell/resolve-uri@https://registry.npmjs.org/@jridgewell/resolve-uri/-/resolve-uri-3.1.2.tgz 0ms (cache hit)
1276 http cache @jridgewell/trace-mapping@https://registry.npmjs.org/@jridgewell/trace-mapping/-/trace-mapping-0.3.9.tgz 0ms (cache hit)
1277 http cache yn@https://registry.npmjs.org/yn/-/yn-3.1.1.tgz 0ms (cache hit)
1278 http cache make-error@https://registry.npmjs.org/make-error/-/make-error-1.3.6.tgz 0ms (cache hit)
1279 http cache v8-compile-cache-lib@https://registry.npmjs.org/v8-compile-cache-lib/-/v8-compile-cache-lib-3.0.1.tgz 0ms (cache hit)
1280 http cache @jridgewell/sourcemap-codec@https://registry.npmjs.org/@jridgewell/sourcemap-codec/-/sourcemap-codec-1.5.5.tgz 0ms (cache hit)
1281 http cache diff@https://registry.npmjs.org/diff/-/diff-4.0.4.tgz 0ms (cache hit)
1282 http cache create-require@https://registry.npmjs.org/create-require/-/create-require-1.1.1.tgz 0ms (cache hit)
1283 http cache arg@https://registry.npmjs.org/arg/-/arg-4.1.3.tgz 0ms (cache hit)
1284 http cache acorn-walk@https://registry.npmjs.org/acorn-walk/-/acorn-walk-8.3.5.tgz 0ms (cache hit)
1285 http cache acorn@https://registry.npmjs.org/acorn/-/acorn-8.18.0.tgz 0ms (cache hit)
1286 http cache @tsconfig/node16@https://registry.npmjs.org/@tsconfig/node16/-/node16-1.0.4.tgz 0ms (cache hit)
1287 http cache @tsconfig/node12@https://registry.npmjs.org/@tsconfig/node12/-/node12-1.0.11.tgz 0ms (cache hit)
1288 http cache @tsconfig/node10@https://registry.npmjs.org/@tsconfig/node10/-/node10-1.0.12.tgz 0ms (cache hit)
1289 http cache @cspotcode/source-map-support@https://registry.npmjs.org/@cspotcode/source-map-support/-/source-map-support-0.8.1.tgz 0ms (cache hit)
1290 http cache source-map@https://registry.npmjs.org/source-map/-/source-map-0.6.1.tgz 0ms (cache hit)
1291 http cache balanced-match@https://registry.npmjs.org/balanced-match/-/balanced-match-1.0.2.tgz 0ms (cache hit)
1292 http cache concat-map@https://registry.npmjs.org/concat-map/-/concat-map-0.0.1.tgz 0ms (cache hit)
1293 http cache path-is-absolute@https://registry.npmjs.org/path-is-absolute/-/path-is-absolute-1.0.1.tgz 0ms (cache hit)
1294 http cache minimatch@https://registry.npmjs.org/minimatch/-/minimatch-3.1.5.tgz 0ms (cache hit)
1295 http cache brace-expansion@https://registry.npmjs.org/brace-expansion/-/brace-expansion-1.1.18.tgz 0ms (cache hit)
1296 http cache inflight@https://registry.npmjs.org/inflight/-/inflight-1.0.6.tgz 0ms (cache hit)
1297 http cache fs.realpath@https://registry.npmjs.org/fs.realpath/-/fs.realpath-1.0.0.tgz 0ms (cache hit)
1298 http cache glob@https://registry.npmjs.org/glob/-/glob-7.2.3.tgz 0ms (cache hit)
1299 http cache path-parse@https://registry.npmjs.org/path-parse/-/path-parse-1.0.7.tgz 0ms (cache hit)
1300 http cache is-core-module@https://registry.npmjs.org/is-core-module/-/is-core-module-2.16.2.tgz 0ms (cache hit)
1301 http cache @tsconfig/node14@https://registry.npmjs.org/@tsconfig/node14/-/node14-1.0.3.tgz 0ms (cache hit)
1302 http cache tsconfig@https://registry.npmjs.org/tsconfig/-/tsconfig-7.0.0.tgz 0ms (cache hit)
1303 http cache xtend@https://registry.npmjs.org/xtend/-/xtend-4.0.2.tgz 0ms (cache hit)
1304 http cache tree-kill@https://registry.npmjs.org/tree-kill/-/tree-kill-1.2.2.tgz 0ms (cache hit)
1305 http cache rimraf@https://registry.npmjs.org/rimraf/-/rimraf-2.7.1.tgz 0ms (cache hit)
1306 http cache ts-node@https://registry.npmjs.org/ts-node/-/ts-node-10.9.2.tgz 0ms (cache hit)
1307 http cache resolve@https://registry.npmjs.org/resolve/-/resolve-1.22.12.tgz 0ms (cache hit)
1308 http cache source-map-support@https://registry.npmjs.org/source-map-support/-/source-map-support-0.5.21.tgz 0ms (cache hit)
1309 http cache mkdirp@https://registry.npmjs.org/mkdirp/-/mkdirp-1.0.4.tgz 0ms (cache hit)
1310 http cache minimist@https://registry.npmjs.org/minimist/-/minimist-1.2.8.tgz 0ms (cache hit)
1311 http cache dynamic-dedupe@https://registry.npmjs.org/dynamic-dedupe/-/dynamic-dedupe-0.3.0.tgz 0ms (cache hit)
1312 http cache shebang-regex@https://registry.npmjs.org/shebang-regex/-/shebang-regex-3.0.0.tgz 0ms (cache hit)
1313 http cache ret@https://registry.npmjs.org/ret/-/ret-0.5.0.tgz 0ms (cache hit)
1314 http cache scheduler@https://registry.npmjs.org/scheduler/-/scheduler-0.27.0.tgz 0ms (cache hit)
1315 http cache retry@https://registry.npmjs.org/retry/-/retry-0.12.0.tgz 0ms (cache hit)
1316 http cache graceful-fs@https://registry.npmjs.org/graceful-fs/-/graceful-fs-4.2.11.tgz 0ms (cache hit)
1317 http cache destr@https://registry.npmjs.org/destr/-/destr-2.0.5.tgz 0ms (cache hit)
1318 http cache is-property@https://registry.npmjs.org/is-property/-/is-property-1.0.2.tgz 0ms (cache hit)
1319 http cache sqlstring@https://registry.npmjs.org/sqlstring/-/sqlstring-2.3.3.tgz 0ms (cache hit)
1320 http cache seq-queue@https://registry.npmjs.org/seq-queue/-/seq-queue-0.0.5.tgz 0ms (cache hit)
1321 http cache named-placeholders@https://registry.npmjs.org/named-placeholders/-/named-placeholders-1.1.6.tgz 0ms (cache hit)
1322 http cache lru.min@https://registry.npmjs.org/lru.min/-/lru.min-1.1.4.tgz 0ms (cache hit)
1323 http cache long@https://registry.npmjs.org/long/-/long-5.3.2.tgz 0ms (cache hit)
1324 http cache generate-function@https://registry.npmjs.org/generate-function/-/generate-function-2.3.1.tgz 0ms (cache hit)
1325 http cache denque@https://registry.npmjs.org/denque/-/denque-2.1.0.tgz 0ms (cache hit)
1326 http cache aws-ssl-profiles@https://registry.npmjs.org/aws-ssl-profiles/-/aws-ssl-profiles-1.1.2.tgz 0ms (cache hit)
1327 http cache which@https://registry.npmjs.org/which/-/which-2.0.2.tgz 0ms (cache hit)
1328 http cache shebang-command@https://registry.npmjs.org/shebang-command/-/shebang-command-2.0.0.tgz 0ms (cache hit)
1329 http cache path-key@https://registry.npmjs.org/path-key/-/path-key-3.1.1.tgz 0ms (cache hit)
1330 http cache fast-decode-uri-component@https://registry.npmjs.org/fast-decode-uri-component/-/fast-decode-uri-component-1.0.1.tgz 0ms (cache hit)
1331 http cache signal-exit@https://registry.npmjs.org/signal-exit/-/signal-exit-4.1.0.tgz 0ms (cache hit)
1332 http cache cross-spawn@https://registry.npmjs.org/cross-spawn/-/cross-spawn-7.0.6.tgz 0ms (cache hit)
1333 http cache safe-regex2@https://registry.npmjs.org/safe-regex2/-/safe-regex2-5.1.1.tgz 0ms (cache hit)
1334 http cache fast-querystring@https://registry.npmjs.org/fast-querystring/-/fast-querystring-1.1.2.tgz 0ms (cache hit)
1335 http cache pure-rand@https://registry.npmjs.org/pure-rand/-/pure-rand-6.1.0.tgz 0ms (cache hit)
1336 http cache @standard-schema/spec@https://registry.npmjs.org/@standard-schema/spec/-/spec-1.1.0.tgz 0ms (cache hit)
1337 http cache fast-check@https://registry.npmjs.org/fast-check/-/fast-check-3.23.2.tgz 0ms (cache hit)
1338 http cache robust-predicates@https://registry.npmjs.org/robust-predicates/-/robust-predicates-3.0.3.tgz 0ms (cache hit)
1339 http cache delaunator@https://registry.npmjs.org/delaunator/-/delaunator-5.1.0.tgz 0ms (cache hit)
1340 http cache readdirp@https://registry.npmjs.org/readdirp/-/readdirp-5.0.0.tgz 0ms (cache hit)
1341 http cache rc9@https://registry.npmjs.org/rc9/-/rc9-3.0.1.tgz 0ms (cache hit)
1342 http cache perfect-debounce@https://registry.npmjs.org/perfect-debounce/-/perfect-debounce-2.1.0.tgz 0ms (cache hit)
1343 http cache ohash@https://registry.npmjs.org/ohash/-/ohash-2.0.11.tgz 0ms (cache hit)
1344 http cache jiti@https://registry.npmjs.org/jiti/-/jiti-2.7.0.tgz 0ms (cache hit)
1345 http cache pkg-types@https://registry.npmjs.org/pkg-types/-/pkg-types-2.3.1.tgz 0ms (cache hit)
1346 http cache giget@https://registry.npmjs.org/giget/-/giget-3.3.1.tgz 0ms (cache hit)
1347 http cache exsolve@https://registry.npmjs.org/exsolve/-/exsolve-1.1.1.tgz 0ms (cache hit)
1348 http cache confbox@https://registry.npmjs.org/confbox/-/confbox-0.2.4.tgz 0ms (cache hit)
1349 http cache defu@https://registry.npmjs.org/defu/-/defu-6.1.7.tgz 0ms (cache hit)
1350 http cache chokidar@https://registry.npmjs.org/chokidar/-/chokidar-5.0.0.tgz 0ms (cache hit)
1351 http cache require-from-string@https://registry.npmjs.org/require-from-string/-/require-from-string-2.0.2.tgz 0ms (cache hit)
1352 http cache json-schema-traverse@https://registry.npmjs.org/json-schema-traverse/-/json-schema-traverse-1.0.0.tgz 0ms (cache hit)
1353 http cache fast-uri@https://registry.npmjs.org/fast-uri/-/fast-uri-3.1.5.tgz 0ms (cache hit)
1354 http cache fast-deep-equal@https://registry.npmjs.org/fast-deep-equal/-/fast-deep-equal-3.1.3.tgz 0ms (cache hit)
1355 http cache @types/geojson@https://registry.npmjs.org/@types/geojson/-/geojson-7946.0.16.tgz 0ms (cache hit)
1356 http cache internmap@https://registry.npmjs.org/internmap/-/internmap-2.0.3.tgz 0ms (cache hit)
1357 http cache d3-time-format@https://registry.npmjs.org/d3-time-format/-/d3-time-format-4.1.0.tgz 0ms (cache hit)
1358 http cache d3-time@https://registry.npmjs.org/d3-time/-/d3-time-3.1.0.tgz 0ms (cache hit)
1359 http cache d3-path@https://registry.npmjs.org/d3-path/-/d3-path-3.1.0.tgz 0ms (cache hit)
1360 http cache d3-scale@https://registry.npmjs.org/d3-scale/-/d3-scale-4.0.2.tgz 0ms (cache hit)
1361 http cache d3-interpolate@https://registry.npmjs.org/d3-interpolate/-/d3-interpolate-3.0.1.tgz 0ms (cache hit)
1362 http cache d3-geo@https://registry.npmjs.org/d3-geo/-/d3-geo-3.1.0.tgz 0ms (cache hit)
1363 http cache d3-format@https://registry.npmjs.org/d3-format/-/d3-format-3.1.0.tgz 0ms (cache hit)
1364 http cache d3-delaunay@https://registry.npmjs.org/d3-delaunay/-/d3-delaunay-6.0.2.tgz 0ms (cache hit)
1365 http cache d3-color@https://registry.npmjs.org/d3-color/-/d3-color-3.1.0.tgz 0ms (cache hit)
1366 http cache @types/d3-scale@https://registry.npmjs.org/@types/d3-scale/-/d3-scale-4.0.2.tgz 0ms (cache hit)
1367 http cache @types/d3-time-format@https://registry.npmjs.org/@types/d3-time-format/-/d3-time-format-2.1.0.tgz 0ms (cache hit)
1368 http cache @types/d3-shape@https://registry.npmjs.org/@types/d3-shape/-/d3-shape-3.1.7.tgz 0ms (cache hit)
1369 http cache @types/d3-path@https://registry.npmjs.org/@types/d3-path/-/d3-path-3.1.1.tgz 0ms (cache hit)
1370 http cache @types/d3-time@https://registry.npmjs.org/@types/d3-time/-/d3-time-3.0.0.tgz 0ms (cache hit)
1371 http cache @types/d3-interpolate@https://registry.npmjs.org/@types/d3-interpolate/-/d3-interpolate-3.0.1.tgz 0ms (cache hit)
1372 http cache @types/d3-geo@https://registry.npmjs.org/@types/d3-geo/-/d3-geo-3.1.0.tgz 0ms (cache hit)
1373 http cache @types/d3-format@https://registry.npmjs.org/@types/d3-format/-/d3-format-3.0.1.tgz 0ms (cache hit)
1374 http cache @types/d3-delaunay@https://registry.npmjs.org/@types/d3-delaunay/-/d3-delaunay-6.0.1.tgz 0ms (cache hit)
1375 http cache @types/d3-color@https://registry.npmjs.org/@types/d3-color/-/d3-color-3.1.0.tgz 0ms (cache hit)
1376 http cache supports-preserve-symlinks-flag@https://registry.npmjs.org/supports-preserve-symlinks-flag/-/supports-preserve-symlinks-flag-1.0.0.tgz 0ms (cache hit)
1377 http cache @types/lodash@https://registry.npmjs.org/@types/lodash/-/lodash-4.17.25.tgz 0ms (cache hit)
1378 http cache classnames@https://registry.npmjs.org/classnames/-/classnames-2.5.1.tgz 0ms (cache hit)
1379 http cache @types/d3-array@https://registry.npmjs.org/@types/d3-array/-/d3-array-3.0.3.tgz 0ms (cache hit)
1380 http cache csstype@https://registry.npmjs.org/csstype/-/csstype-3.2.3.tgz 0ms (cache hit)
1381 http cache @visx/vendor@https://registry.npmjs.org/@visx/vendor/-/vendor-4.0.0-alpha.0.tgz 0ms (cache hit)
1382 http cache @radix-ui/react-use-layout-effect@https://registry.npmjs.org/@radix-ui/react-use-layout-effect/-/react-use-layout-effect-1.1.1.tgz 0ms (cache hit)
1383 http cache @radix-ui/react-use-effect-event@https://registry.npmjs.org/@radix-ui/react-use-effect-event/-/react-use-effect-event-0.0.2.tgz 0ms (cache hit)
1384 http cache @radix-ui/react-compose-refs@https://registry.npmjs.org/@radix-ui/react-compose-refs/-/react-compose-refs-1.1.2.tgz 0ms (cache hit)
1385 http cache @radix-ui/react-slot@https://registry.npmjs.org/@radix-ui/react-slot/-/react-slot-1.2.3.tgz 0ms (cache hit)
1386 http cache @radix-ui/react-use-controllable-state@https://registry.npmjs.org/@radix-ui/react-use-controllable-state/-/react-use-controllable-state-1.2.2.tgz 0ms (cache hit)
1387 http cache @radix-ui/react-primitive@https://registry.npmjs.org/@radix-ui/react-primitive/-/react-primitive-2.1.3.tgz 0ms (cache hit)
1388 http cache @radix-ui/primitive@https://registry.npmjs.org/@radix-ui/primitive/-/primitive-1.1.3.tgz 0ms (cache hit)
1389 http cache elkjs@https://registry.npmjs.org/elkjs/-/elkjs-0.11.1.tgz 0ms (cache hit)
1390 http cache d3-shape@https://registry.npmjs.org/d3-shape/-/d3-shape-3.2.0.tgz 0ms (cache hit)
1391 http cache d3-array@https://registry.npmjs.org/d3-array/-/d3-array-3.2.4.tgz 0ms (cache hit)
1392 http cache @visx/scale@https://registry.npmjs.org/@visx/scale/-/scale-4.0.1-alpha.0.tgz 0ms (cache hit)
1393 http cache @visx/point@https://registry.npmjs.org/@visx/point/-/point-4.0.1-alpha.0.tgz 0ms (cache hit)
1394 http cache @visx/responsive@https://registry.npmjs.org/@visx/responsive/-/responsive-4.0.1-alpha.0.tgz 0ms (cache hit)
1395 http cache @visx/group@https://registry.npmjs.org/@visx/group/-/group-4.0.1-alpha.0.tgz 0ms (cache hit)
1396 http cache @visx/shape@https://registry.npmjs.org/@visx/shape/-/shape-4.0.1-alpha.0.tgz 0ms (cache hit)
1397 http cache @visx/grid@https://registry.npmjs.org/@visx/grid/-/grid-4.0.1-alpha.0.tgz 0ms (cache hit)
1398 http cache @visx/event@https://registry.npmjs.org/@visx/event/-/event-4.0.1-alpha.0.tgz 0ms (cache hit)
1399 http cache @visx/curve@https://registry.npmjs.org/@visx/curve/-/curve-4.0.1-alpha.0.tgz 0ms (cache hit)
1400 http cache @radix-ui/react-toggle@https://registry.npmjs.org/@radix-ui/react-toggle/-/react-toggle-1.1.10.tgz 0ms (cache hit)
1401 http cache env-paths@https://registry.npmjs.org/env-paths/-/env-paths-3.0.0.tgz 0ms (cache hit)
1402 http cache better-result@https://registry.npmjs.org/better-result/-/better-result-2.10.0.tgz 0ms (cache hit)
1403 http cache ajv@https://registry.npmjs.org/ajv/-/ajv-8.20.0.tgz 0ms (cache hit)
1404 http cache @prisma/fetch-engine@https://registry.npmjs.org/@prisma/fetch-engine/-/fetch-engine-7.9.1.tgz 0ms (cache hit)
1405 http cache @prisma/engines-version@https://registry.npmjs.org/@prisma/engines-version/-/engines-version-7.9.0-1.e922089b7d7502aff4249d5da3420f6fa55fc6ad.tgz 0ms (cache hit)
1406 http cache @prisma/debug@https://registry.npmjs.org/@prisma/debug/-/debug-7.9.1.tgz 0ms (cache hit)
1407 http cache zeptomatch@https://registry.npmjs.org/zeptomatch/-/zeptomatch-2.1.0.tgz 0ms (cache hit)
1408 http cache valibot@https://registry.npmjs.org/valibot/-/valibot-1.4.2.tgz 0ms (cache hit)
1409 http cache remeda@https://registry.npmjs.org/remeda/-/remeda-2.33.4.tgz 0ms (cache hit)
1410 http cache proper-lockfile@https://registry.npmjs.org/proper-lockfile/-/proper-lockfile-4.1.2.tgz 0ms (cache hit)
1411 http cache pathe@https://registry.npmjs.org/pathe/-/pathe-2.0.3.tgz 0ms (cache hit)
1412 http cache get-port-please@https://registry.npmjs.org/get-port-please/-/get-port-please-3.2.0.tgz 0ms (cache hit)
1413 http cache foreground-child@https://registry.npmjs.org/foreground-child/-/foreground-child-3.3.1.tgz 0ms (cache hit)
1414 http cache find-my-way@https://registry.npmjs.org/find-my-way/-/find-my-way-9.7.0.tgz 0ms (cache hit)
1415 http cache @prisma/streams-local@https://registry.npmjs.org/@prisma/streams-local/-/streams-local-0.1.11.tgz 0ms (cache hit)
1416 http cache @prisma/query-plan-executor@https://registry.npmjs.org/@prisma/query-plan-executor/-/query-plan-executor-7.2.0.tgz 0ms (cache hit)
1417 http cache @prisma/get-platform@https://registry.npmjs.org/@prisma/get-platform/-/get-platform-7.2.0.tgz 0ms (cache hit)
1418 http cache @electric-sql/pglite-tools@https://registry.npmjs.org/@electric-sql/pglite-tools/-/pglite-tools-0.3.3.tgz 0ms (cache hit)
1419 http cache @electric-sql/pglite@https://registry.npmjs.org/@electric-sql/pglite/-/pglite-0.4.3.tgz 0ms (cache hit)
1420 http cache @electric-sql/pglite-socket@https://registry.npmjs.org/@electric-sql/pglite-socket/-/pglite-socket-0.1.3.tgz 0ms (cache hit)
1421 http cache empathic@https://registry.npmjs.org/empathic/-/empathic-2.0.0.tgz 0ms (cache hit)
1422 http cache effect@https://registry.npmjs.org/effect/-/effect-3.20.0.tgz 0ms (cache hit)
1423 http cache deepmerge-ts@https://registry.npmjs.org/deepmerge-ts/-/deepmerge-ts-7.1.5.tgz 0ms (cache hit)
1424 http cache c12@https://registry.npmjs.org/c12/-/c12-3.3.4.tgz 0ms (cache hit)
1425 http cache postgres@https://registry.npmjs.org/postgres/-/postgres-3.4.7.tgz 0ms (cache hit)
1426 http cache @types/react@https://registry.npmjs.org/@types/react/-/react-19.2.18.tgz 0ms (cache hit)
1427 http cache react-dom@https://registry.npmjs.org/react-dom/-/react-dom-19.2.8.tgz 0ms (cache hit)
1428 http cache @prisma/studio-core@https://registry.npmjs.org/@prisma/studio-core/-/studio-core-0.33.0.tgz 0ms (cache hit)
1429 http cache mysql2@https://registry.npmjs.org/mysql2/-/mysql2-3.15.3.tgz 0ms (cache hit)
1430 http cache react@https://registry.npmjs.org/react/-/react-19.2.8.tgz 0ms (cache hit)
1431 http cache @prisma/dev@https://registry.npmjs.org/@prisma/dev/-/dev-0.24.17.tgz 0ms (cache hit)
1432 http cache @prisma/engines@https://registry.npmjs.org/@prisma/engines/-/engines-7.9.1.tgz 0ms (cache hit)
1433 http cache @prisma/config@https://registry.npmjs.org/@prisma/config/-/config-7.9.1.tgz 0ms (cache hit)
1434 http cache @types/http-errors@https://registry.npmjs.org/@types/http-errors/-/http-errors-2.0.5.tgz 0ms (cache hit)
1435 http cache @types/ms@https://registry.npmjs.org/@types/ms/-/ms-2.1.0.tgz 0ms (cache hit)
1436 http cache @types/send@https://registry.npmjs.org/@types/send/-/send-1.2.1.tgz 0ms (cache hit)
1437 http cache @types/range-parser@https://registry.npmjs.org/@types/range-parser/-/range-parser-1.2.7.tgz 0ms (cache hit)
1438 http cache @types/connect@https://registry.npmjs.org/@types/connect/-/connect-3.4.38.tgz 0ms (cache hit)
1439 http cache @types/serve-static@https://registry.npmjs.org/@types/serve-static/-/serve-static-2.2.0.tgz 0ms (cache hit)
1440 http cache @types/express-serve-static-core@https://registry.npmjs.org/@types/express-serve-static-core/-/express-serve-static-core-5.1.3.tgz 0ms (cache hit)
1441 http cache @types/body-parser@https://registry.npmjs.org/@types/body-parser/-/body-parser-1.19.6.tgz 0ms (cache hit)
1442 http cache @types/qs@https://registry.npmjs.org/@types/qs/-/qs-6.15.1.tgz 0ms (cache hit)
1443 http cache typescript@https://registry.npmjs.org/typescript/-/typescript-7.0.2.tgz 0ms (cache hit)
1444 http cache ts-node-dev@https://registry.npmjs.org/ts-node-dev/-/ts-node-dev-2.0.0.tgz 0ms (cache hit)
1445 http cache prisma@https://registry.npmjs.org/prisma/-/prisma-7.9.1.tgz 0ms (cache hit)
1446 http cache @types/jsonwebtoken@https://registry.npmjs.org/@types/jsonwebtoken/-/jsonwebtoken-9.0.10.tgz 0ms (cache hit)
1447 http cache @types/multer@https://registry.npmjs.org/@types/multer/-/multer-2.2.0.tgz 0ms (cache hit)
1448 http cache @types/express@https://registry.npmjs.org/@types/express/-/express-5.0.6.tgz 0ms (cache hit)
1449 http cache @types/bcryptjs@https://registry.npmjs.org/@types/bcryptjs/-/bcryptjs-2.4.6.tgz 0ms (cache hit)
1450 http cache @prisma/get-platform@https://registry.npmjs.org/@prisma/get-platform/-/get-platform-7.9.1.tgz 0ms (cache hit)
1451 http cache signal-exit@https://registry.npmjs.org/signal-exit/-/signal-exit-3.0.7.tgz 0ms (cache hit)
1452 http cache d3-array@https://registry.npmjs.org/d3-array/-/d3-array-3.2.1.tgz 0ms (cache hit)
1453 http cache @prisma/debug@https://registry.npmjs.org/@prisma/debug/-/debug-7.2.0.tgz 0ms (cache hit)
1454 http cache @prisma/get-platform@https://registry.npmjs.org/@prisma/get-platform/-/get-platform-7.9.1.tgz 0ms (cache hit)
1455 http cache readdirp@https://registry.npmjs.org/readdirp/-/readdirp-3.6.0.tgz 0ms (cache hit)
1456 http cache std-env@https://registry.npmjs.org/std-env/-/std-env-3.10.0.tgz 0ms (cache hit)
1457 silly tarball no local data for is-number@https://registry.npmjs.org/is-number/-/is-number-7.0.0.tgz. Extracting by manifest.
1458 silly tarball no local data for fill-range@https://registry.npmjs.org/fill-range/-/fill-range-7.1.1.tgz. Extracting by manifest.
1459 silly tarball no local data for to-regex-range@https://registry.npmjs.org/to-regex-range/-/to-regex-range-5.0.1.tgz. Extracting by manifest.
1460 silly tarball no local data for binary-extensions@https://registry.npmjs.org/binary-extensions/-/binary-extensions-2.3.0.tgz. Extracting by manifest.
1461 silly tarball no local data for is-extglob@https://registry.npmjs.org/is-extglob/-/is-extglob-2.1.1.tgz. Extracting by manifest.
1462 silly tarball no local data for picomatch@https://registry.npmjs.org/picomatch/-/picomatch-2.3.2.tgz. Extracting by manifest.
1463 silly tarball no local data for normalize-path@https://registry.npmjs.org/normalize-path/-/normalize-path-3.0.0.tgz. Extracting by manifest.
1464 silly tarball no local data for is-glob@https://registry.npmjs.org/is-glob/-/is-glob-4.0.3.tgz. Extracting by manifest.
1465 silly tarball no local data for is-binary-path@https://registry.npmjs.org/is-binary-path/-/is-binary-path-2.1.0.tgz. Extracting by manifest.
1466 http cache chokidar@https://registry.npmjs.org/chokidar/-/chokidar-3.6.0.tgz 0ms (cache hit)
1467 silly tarball no local data for glob-parent@https://registry.npmjs.org/glob-parent/-/glob-parent-5.1.2.tgz. Extracting by manifest.
1468 silly tarball no local data for fsevents@https://registry.npmjs.org/fsevents/-/fsevents-2.3.3.tgz. Extracting by manifest.
1469 silly tarball no local data for @typescript/typescript-darwin-arm64@https://registry.npmjs.org/@typescript/typescript-darwin-arm64/-/typescript-darwin-arm64-7.0.2.tgz. Extracting by manifest.
1470 silly tarball no local data for braces@https://registry.npmjs.org/braces/-/braces-3.0.3.tgz. Extracting by manifest.
1471 silly tarball no local data for grammex@https://registry.npmjs.org/grammex/-/grammex-3.1.13.tgz. Extracting by manifest.
1472 silly tarball no local data for graphmatch@https://registry.npmjs.org/graphmatch/-/graphmatch-1.1.1.tgz. Extracting by manifest.
1473 silly tarball no local data for anymatch@https://registry.npmjs.org/anymatch/-/anymatch-3.1.3.tgz. Extracting by manifest.
1474 silly tarball no local data for strip-json-comments@https://registry.npmjs.org/strip-json-comments/-/strip-json-comments-2.0.1.tgz. Extracting by manifest.
1475 silly tarball no local data for @types/strip-json-comments@https://registry.npmjs.org/@types/strip-json-comments/-/strip-json-comments-0.0.30.tgz. Extracting by manifest.
1476 silly tarball no local data for isexe@https://registry.npmjs.org/isexe/-/isexe-2.0.0.tgz. Extracting by manifest.
1477 silly tarball no local data for @types/strip-bom@https://registry.npmjs.org/@types/strip-bom/-/strip-bom-3.0.0.tgz. Extracting by manifest.
1478 silly tarball no local data for strip-bom@https://registry.npmjs.org/strip-bom/-/strip-bom-3.0.0.tgz. Extracting by manifest.
1479 silly tarball no local data for @jridgewell/resolve-uri@https://registry.npmjs.org/@jridgewell/resolve-uri/-/resolve-uri-3.1.2.tgz. Extracting by manifest.
1480 silly tarball no local data for @jridgewell/trace-mapping@https://registry.npmjs.org/@jridgewell/trace-mapping/-/trace-mapping-0.3.9.tgz. Extracting by manifest.
1481 silly tarball no local data for yn@https://registry.npmjs.org/yn/-/yn-3.1.1.tgz. Extracting by manifest.
1482 silly tarball no local data for make-error@https://registry.npmjs.org/make-error/-/make-error-1.3.6.tgz. Extracting by manifest.
1483 silly tarball no local data for v8-compile-cache-lib@https://registry.npmjs.org/v8-compile-cache-lib/-/v8-compile-cache-lib-3.0.1.tgz. Extracting by manifest.
1484 silly tarball no local data for @jridgewell/sourcemap-codec@https://registry.npmjs.org/@jridgewell/sourcemap-codec/-/sourcemap-codec-1.5.5.tgz. Extracting by manifest.
1485 silly tarball no local data for diff@https://registry.npmjs.org/diff/-/diff-4.0.4.tgz. Extracting by manifest.
1486 silly tarball no local data for create-require@https://registry.npmjs.org/create-require/-/create-require-1.1.1.tgz. Extracting by manifest.
1487 silly tarball no local data for arg@https://registry.npmjs.org/arg/-/arg-4.1.3.tgz. Extracting by manifest.
1488 silly tarball no local data for acorn-walk@https://registry.npmjs.org/acorn-walk/-/acorn-walk-8.3.5.tgz. Extracting by manifest.
1489 silly tarball no local data for acorn@https://registry.npmjs.org/acorn/-/acorn-8.18.0.tgz. Extracting by manifest.
1490 silly tarball no local data for @tsconfig/node16@https://registry.npmjs.org/@tsconfig/node16/-/node16-1.0.4.tgz. Extracting by manifest.
1491 silly tarball no local data for @tsconfig/node12@https://registry.npmjs.org/@tsconfig/node12/-/node12-1.0.11.tgz. Extracting by manifest.
1492 silly tarball no local data for @cspotcode/source-map-support@https://registry.npmjs.org/@cspotcode/source-map-support/-/source-map-support-0.8.1.tgz. Extracting by manifest.
1493 silly tarball no local data for source-map@https://registry.npmjs.org/source-map/-/source-map-0.6.1.tgz. Extracting by manifest.
1494 silly tarball no local data for balanced-match@https://registry.npmjs.org/balanced-match/-/balanced-match-1.0.2.tgz. Extracting by manifest.
1495 silly tarball no local data for concat-map@https://registry.npmjs.org/concat-map/-/concat-map-0.0.1.tgz. Extracting by manifest.
1496 silly tarball no local data for path-is-absolute@https://registry.npmjs.org/path-is-absolute/-/path-is-absolute-1.0.1.tgz. Extracting by manifest.
1497 silly tarball no local data for minimatch@https://registry.npmjs.org/minimatch/-/minimatch-3.1.5.tgz. Extracting by manifest.
1498 silly tarball no local data for brace-expansion@https://registry.npmjs.org/brace-expansion/-/brace-expansion-1.1.18.tgz. Extracting by manifest.
1499 silly tarball no local data for inflight@https://registry.npmjs.org/inflight/-/inflight-1.0.6.tgz. Extracting by manifest.
1500 silly tarball no local data for fs.realpath@https://registry.npmjs.org/fs.realpath/-/fs.realpath-1.0.0.tgz. Extracting by manifest.
1501 silly tarball no local data for glob@https://registry.npmjs.org/glob/-/glob-7.2.3.tgz. Extracting by manifest.
1502 silly tarball no local data for path-parse@https://registry.npmjs.org/path-parse/-/path-parse-1.0.7.tgz. Extracting by manifest.
1503 silly tarball no local data for @tsconfig/node10@https://registry.npmjs.org/@tsconfig/node10/-/node10-1.0.12.tgz. Extracting by manifest.
1504 silly tarball no local data for @tsconfig/node14@https://registry.npmjs.org/@tsconfig/node14/-/node14-1.0.3.tgz. Extracting by manifest.
1505 silly tarball no local data for is-core-module@https://registry.npmjs.org/is-core-module/-/is-core-module-2.16.2.tgz. Extracting by manifest.
1506 silly tarball no local data for tsconfig@https://registry.npmjs.org/tsconfig/-/tsconfig-7.0.0.tgz. Extracting by manifest.
1507 silly tarball no local data for xtend@https://registry.npmjs.org/xtend/-/xtend-4.0.2.tgz. Extracting by manifest.
1508 silly tarball no local data for tree-kill@https://registry.npmjs.org/tree-kill/-/tree-kill-1.2.2.tgz. Extracting by manifest.
1509 silly tarball no local data for rimraf@https://registry.npmjs.org/rimraf/-/rimraf-2.7.1.tgz. Extracting by manifest.
1510 silly tarball no local data for ts-node@https://registry.npmjs.org/ts-node/-/ts-node-10.9.2.tgz. Extracting by manifest.
1511 silly tarball no local data for source-map-support@https://registry.npmjs.org/source-map-support/-/source-map-support-0.5.21.tgz. Extracting by manifest.
1512 silly tarball no local data for mkdirp@https://registry.npmjs.org/mkdirp/-/mkdirp-1.0.4.tgz. Extracting by manifest.
1513 silly tarball no local data for resolve@https://registry.npmjs.org/resolve/-/resolve-1.22.12.tgz. Extracting by manifest.
1514 silly tarball no local data for dynamic-dedupe@https://registry.npmjs.org/dynamic-dedupe/-/dynamic-dedupe-0.3.0.tgz. Extracting by manifest.
1515 silly tarball no local data for shebang-regex@https://registry.npmjs.org/shebang-regex/-/shebang-regex-3.0.0.tgz. Extracting by manifest.
1516 silly tarball no local data for ret@https://registry.npmjs.org/ret/-/ret-0.5.0.tgz. Extracting by manifest.
1517 silly tarball no local data for scheduler@https://registry.npmjs.org/scheduler/-/scheduler-0.27.0.tgz. Extracting by manifest.
1518 silly tarball no local data for retry@https://registry.npmjs.org/retry/-/retry-0.12.0.tgz. Extracting by manifest.
1519 silly tarball no local data for graceful-fs@https://registry.npmjs.org/graceful-fs/-/graceful-fs-4.2.11.tgz. Extracting by manifest.
1520 silly tarball no local data for destr@https://registry.npmjs.org/destr/-/destr-2.0.5.tgz. Extracting by manifest.
1521 silly tarball no local data for is-property@https://registry.npmjs.org/is-property/-/is-property-1.0.2.tgz. Extracting by manifest.
1522 silly tarball no local data for sqlstring@https://registry.npmjs.org/sqlstring/-/sqlstring-2.3.3.tgz. Extracting by manifest.
1523 silly tarball no local data for seq-queue@https://registry.npmjs.org/seq-queue/-/seq-queue-0.0.5.tgz. Extracting by manifest.
1524 silly tarball no local data for named-placeholders@https://registry.npmjs.org/named-placeholders/-/named-placeholders-1.1.6.tgz. Extracting by manifest.
1525 silly tarball no local data for long@https://registry.npmjs.org/long/-/long-5.3.2.tgz. Extracting by manifest.
1526 silly tarball no local data for lru.min@https://registry.npmjs.org/lru.min/-/lru.min-1.1.4.tgz. Extracting by manifest.
1527 silly tarball no local data for generate-function@https://registry.npmjs.org/generate-function/-/generate-function-2.3.1.tgz. Extracting by manifest.
1528 silly tarball no local data for minimist@https://registry.npmjs.org/minimist/-/minimist-1.2.8.tgz. Extracting by manifest.
1529 silly tarball no local data for aws-ssl-profiles@https://registry.npmjs.org/aws-ssl-profiles/-/aws-ssl-profiles-1.1.2.tgz. Extracting by manifest.
1530 silly tarball no local data for denque@https://registry.npmjs.org/denque/-/denque-2.1.0.tgz. Extracting by manifest.
1531 silly tarball no local data for shebang-command@https://registry.npmjs.org/shebang-command/-/shebang-command-2.0.0.tgz. Extracting by manifest.
1532 silly tarball no local data for which@https://registry.npmjs.org/which/-/which-2.0.2.tgz. Extracting by manifest.
1533 silly tarball no local data for path-key@https://registry.npmjs.org/path-key/-/path-key-3.1.1.tgz. Extracting by manifest.
1534 silly tarball no local data for fast-decode-uri-component@https://registry.npmjs.org/fast-decode-uri-component/-/fast-decode-uri-component-1.0.1.tgz. Extracting by manifest.
1535 silly tarball no local data for signal-exit@https://registry.npmjs.org/signal-exit/-/signal-exit-4.1.0.tgz. Extracting by manifest.
1536 silly tarball no local data for cross-spawn@https://registry.npmjs.org/cross-spawn/-/cross-spawn-7.0.6.tgz. Extracting by manifest.
1537 silly tarball no local data for safe-regex2@https://registry.npmjs.org/safe-regex2/-/safe-regex2-5.1.1.tgz. Extracting by manifest.
1538 silly tarball no local data for fast-querystring@https://registry.npmjs.org/fast-querystring/-/fast-querystring-1.1.2.tgz. Extracting by manifest.
1539 silly tarball no local data for pure-rand@https://registry.npmjs.org/pure-rand/-/pure-rand-6.1.0.tgz. Extracting by manifest.
1540 silly tarball no local data for @standard-schema/spec@https://registry.npmjs.org/@standard-schema/spec/-/spec-1.1.0.tgz. Extracting by manifest.
1541 silly tarball no local data for robust-predicates@https://registry.npmjs.org/robust-predicates/-/robust-predicates-3.0.3.tgz. Extracting by manifest.
1542 silly tarball no local data for fast-check@https://registry.npmjs.org/fast-check/-/fast-check-3.23.2.tgz. Extracting by manifest.
1543 silly tarball no local data for delaunator@https://registry.npmjs.org/delaunator/-/delaunator-5.1.0.tgz. Extracting by manifest.
1544 silly tarball no local data for rc9@https://registry.npmjs.org/rc9/-/rc9-3.0.1.tgz. Extracting by manifest.
1545 silly tarball no local data for readdirp@https://registry.npmjs.org/readdirp/-/readdirp-5.0.0.tgz. Extracting by manifest.
1546 silly tarball no local data for perfect-debounce@https://registry.npmjs.org/perfect-debounce/-/perfect-debounce-2.1.0.tgz. Extracting by manifest.
1547 silly tarball no local data for ohash@https://registry.npmjs.org/ohash/-/ohash-2.0.11.tgz. Extracting by manifest.
1548 silly tarball no local data for jiti@https://registry.npmjs.org/jiti/-/jiti-2.7.0.tgz. Extracting by manifest.
1549 silly tarball no local data for giget@https://registry.npmjs.org/giget/-/giget-3.3.1.tgz. Extracting by manifest.
1550 silly tarball no local data for pkg-types@https://registry.npmjs.org/pkg-types/-/pkg-types-2.3.1.tgz. Extracting by manifest.
1551 silly tarball no local data for exsolve@https://registry.npmjs.org/exsolve/-/exsolve-1.1.1.tgz. Extracting by manifest.
1552 silly tarball no local data for confbox@https://registry.npmjs.org/confbox/-/confbox-0.2.4.tgz. Extracting by manifest.
1553 silly tarball no local data for defu@https://registry.npmjs.org/defu/-/defu-6.1.7.tgz. Extracting by manifest.
1554 silly tarball no local data for chokidar@https://registry.npmjs.org/chokidar/-/chokidar-5.0.0.tgz. Extracting by manifest.
1555 silly tarball no local data for require-from-string@https://registry.npmjs.org/require-from-string/-/require-from-string-2.0.2.tgz. Extracting by manifest.
1556 silly tarball no local data for json-schema-traverse@https://registry.npmjs.org/json-schema-traverse/-/json-schema-traverse-1.0.0.tgz. Extracting by manifest.
1557 silly tarball no local data for fast-uri@https://registry.npmjs.org/fast-uri/-/fast-uri-3.1.5.tgz. Extracting by manifest.
1558 silly tarball no local data for fast-deep-equal@https://registry.npmjs.org/fast-deep-equal/-/fast-deep-equal-3.1.3.tgz. Extracting by manifest.
1559 silly tarball no local data for @types/geojson@https://registry.npmjs.org/@types/geojson/-/geojson-7946.0.16.tgz. Extracting by manifest.
1560 silly tarball no local data for internmap@https://registry.npmjs.org/internmap/-/internmap-2.0.3.tgz. Extracting by manifest.
1561 silly tarball no local data for d3-time@https://registry.npmjs.org/d3-time/-/d3-time-3.1.0.tgz. Extracting by manifest.
1562 silly tarball no local data for d3-time-format@https://registry.npmjs.org/d3-time-format/-/d3-time-format-4.1.0.tgz. Extracting by manifest.
1563 silly tarball no local data for d3-path@https://registry.npmjs.org/d3-path/-/d3-path-3.1.0.tgz. Extracting by manifest.
1564 silly tarball no local data for d3-scale@https://registry.npmjs.org/d3-scale/-/d3-scale-4.0.2.tgz. Extracting by manifest.
1565 silly tarball no local data for d3-interpolate@https://registry.npmjs.org/d3-interpolate/-/d3-interpolate-3.0.1.tgz. Extracting by manifest.
1566 silly tarball no local data for d3-geo@https://registry.npmjs.org/d3-geo/-/d3-geo-3.1.0.tgz. Extracting by manifest.
1567 silly tarball no local data for d3-format@https://registry.npmjs.org/d3-format/-/d3-format-3.1.0.tgz. Extracting by manifest.
1568 silly tarball no local data for d3-color@https://registry.npmjs.org/d3-color/-/d3-color-3.1.0.tgz. Extracting by manifest.
1569 silly tarball no local data for d3-delaunay@https://registry.npmjs.org/d3-delaunay/-/d3-delaunay-6.0.2.tgz. Extracting by manifest.
1570 silly tarball no local data for @types/d3-scale@https://registry.npmjs.org/@types/d3-scale/-/d3-scale-4.0.2.tgz. Extracting by manifest.
1571 silly tarball no local data for @types/d3-time-format@https://registry.npmjs.org/@types/d3-time-format/-/d3-time-format-2.1.0.tgz. Extracting by manifest.
1572 silly tarball no local data for @types/d3-shape@https://registry.npmjs.org/@types/d3-shape/-/d3-shape-3.1.7.tgz. Extracting by manifest.
1573 silly tarball no local data for @types/d3-path@https://registry.npmjs.org/@types/d3-path/-/d3-path-3.1.1.tgz. Extracting by manifest.
1574 silly tarball no local data for @types/d3-interpolate@https://registry.npmjs.org/@types/d3-interpolate/-/d3-interpolate-3.0.1.tgz. Extracting by manifest.
1575 silly tarball no local data for @types/d3-time@https://registry.npmjs.org/@types/d3-time/-/d3-time-3.0.0.tgz. Extracting by manifest.
1576 silly tarball no local data for @types/d3-geo@https://registry.npmjs.org/@types/d3-geo/-/d3-geo-3.1.0.tgz. Extracting by manifest.
1577 silly tarball no local data for @types/d3-format@https://registry.npmjs.org/@types/d3-format/-/d3-format-3.0.1.tgz. Extracting by manifest.
1578 silly tarball no local data for @types/d3-color@https://registry.npmjs.org/@types/d3-color/-/d3-color-3.1.0.tgz. Extracting by manifest.
1579 silly tarball no local data for supports-preserve-symlinks-flag@https://registry.npmjs.org/supports-preserve-symlinks-flag/-/supports-preserve-symlinks-flag-1.0.0.tgz. Extracting by manifest.
1580 silly tarball no local data for @types/d3-delaunay@https://registry.npmjs.org/@types/d3-delaunay/-/d3-delaunay-6.0.1.tgz. Extracting by manifest.
1581 silly tarball no local data for classnames@https://registry.npmjs.org/classnames/-/classnames-2.5.1.tgz. Extracting by manifest.
1582 silly tarball no local data for @types/d3-array@https://registry.npmjs.org/@types/d3-array/-/d3-array-3.0.3.tgz. Extracting by manifest.
1583 silly tarball no local data for @types/lodash@https://registry.npmjs.org/@types/lodash/-/lodash-4.17.25.tgz. Extracting by manifest.
1584 silly tarball no local data for csstype@https://registry.npmjs.org/csstype/-/csstype-3.2.3.tgz. Extracting by manifest.
1585 silly tarball no local data for @visx/vendor@https://registry.npmjs.org/@visx/vendor/-/vendor-4.0.0-alpha.0.tgz. Extracting by manifest.
1586 silly tarball no local data for @radix-ui/react-use-layout-effect@https://registry.npmjs.org/@radix-ui/react-use-layout-effect/-/react-use-layout-effect-1.1.1.tgz. Extracting by manifest.
1587 silly tarball no local data for @radix-ui/react-use-effect-event@https://registry.npmjs.org/@radix-ui/react-use-effect-event/-/react-use-effect-event-0.0.2.tgz. Extracting by manifest.
1588 silly tarball no local data for @radix-ui/react-compose-refs@https://registry.npmjs.org/@radix-ui/react-compose-refs/-/react-compose-refs-1.1.2.tgz. Extracting by manifest.
1589 silly tarball no local data for @radix-ui/react-slot@https://registry.npmjs.org/@radix-ui/react-slot/-/react-slot-1.2.3.tgz. Extracting by manifest.
1590 silly tarball no local data for @radix-ui/react-use-controllable-state@https://registry.npmjs.org/@radix-ui/react-use-controllable-state/-/react-use-controllable-state-1.2.2.tgz. Extracting by manifest.
1591 silly tarball no local data for @radix-ui/react-primitive@https://registry.npmjs.org/@radix-ui/react-primitive/-/react-primitive-2.1.3.tgz. Extracting by manifest.
1592 silly tarball no local data for @radix-ui/primitive@https://registry.npmjs.org/@radix-ui/primitive/-/primitive-1.1.3.tgz. Extracting by manifest.
1593 silly tarball no local data for elkjs@https://registry.npmjs.org/elkjs/-/elkjs-0.11.1.tgz. Extracting by manifest.
1594 silly tarball no local data for d3-shape@https://registry.npmjs.org/d3-shape/-/d3-shape-3.2.0.tgz. Extracting by manifest.
1595 silly tarball no local data for d3-array@https://registry.npmjs.org/d3-array/-/d3-array-3.2.4.tgz. Extracting by manifest.
1596 silly tarball no local data for @visx/point@https://registry.npmjs.org/@visx/point/-/point-4.0.1-alpha.0.tgz. Extracting by manifest.
1597 silly tarball no local data for @visx/scale@https://registry.npmjs.org/@visx/scale/-/scale-4.0.1-alpha.0.tgz. Extracting by manifest.
1598 silly tarball no local data for @visx/responsive@https://registry.npmjs.org/@visx/responsive/-/responsive-4.0.1-alpha.0.tgz. Extracting by manifest.
1599 silly tarball no local data for @visx/group@https://registry.npmjs.org/@visx/group/-/group-4.0.1-alpha.0.tgz. Extracting by manifest.
1600 silly tarball no local data for @visx/shape@https://registry.npmjs.org/@visx/shape/-/shape-4.0.1-alpha.0.tgz. Extracting by manifest.
1601 silly tarball no local data for @visx/grid@https://registry.npmjs.org/@visx/grid/-/grid-4.0.1-alpha.0.tgz. Extracting by manifest.
1602 silly tarball no local data for @visx/event@https://registry.npmjs.org/@visx/event/-/event-4.0.1-alpha.0.tgz. Extracting by manifest.
1603 silly tarball no local data for @visx/curve@https://registry.npmjs.org/@visx/curve/-/curve-4.0.1-alpha.0.tgz. Extracting by manifest.
1604 silly tarball no local data for @radix-ui/react-toggle@https://registry.npmjs.org/@radix-ui/react-toggle/-/react-toggle-1.1.10.tgz. Extracting by manifest.
1605 silly tarball no local data for env-paths@https://registry.npmjs.org/env-paths/-/env-paths-3.0.0.tgz. Extracting by manifest.
1606 silly tarball no local data for better-result@https://registry.npmjs.org/better-result/-/better-result-2.10.0.tgz. Extracting by manifest.
1607 silly tarball no local data for @prisma/fetch-engine@https://registry.npmjs.org/@prisma/fetch-engine/-/fetch-engine-7.9.1.tgz. Extracting by manifest.
1608 silly tarball no local data for ajv@https://registry.npmjs.org/ajv/-/ajv-8.20.0.tgz. Extracting by manifest.
1609 silly tarball no local data for @prisma/engines-version@https://registry.npmjs.org/@prisma/engines-version/-/engines-version-7.9.0-1.e922089b7d7502aff4249d5da3420f6fa55fc6ad.tgz. Extracting by manifest.
1610 silly tarball no local data for @prisma/debug@https://registry.npmjs.org/@prisma/debug/-/debug-7.9.1.tgz. Extracting by manifest.
1611 silly tarball no local data for zeptomatch@https://registry.npmjs.org/zeptomatch/-/zeptomatch-2.1.0.tgz. Extracting by manifest.
1612 silly tarball no local data for valibot@https://registry.npmjs.org/valibot/-/valibot-1.4.2.tgz. Extracting by manifest.
1613 silly tarball no local data for remeda@https://registry.npmjs.org/remeda/-/remeda-2.33.4.tgz. Extracting by manifest.
1614 silly tarball no local data for proper-lockfile@https://registry.npmjs.org/proper-lockfile/-/proper-lockfile-4.1.2.tgz. Extracting by manifest.
1615 silly tarball no local data for pathe@https://registry.npmjs.org/pathe/-/pathe-2.0.3.tgz. Extracting by manifest.
1616 silly tarball no local data for get-port-please@https://registry.npmjs.org/get-port-please/-/get-port-please-3.2.0.tgz. Extracting by manifest.
1617 silly tarball no local data for foreground-child@https://registry.npmjs.org/foreground-child/-/foreground-child-3.3.1.tgz. Extracting by manifest.
1618 silly tarball no local data for find-my-way@https://registry.npmjs.org/find-my-way/-/find-my-way-9.7.0.tgz. Extracting by manifest.
1619 silly tarball no local data for @prisma/streams-local@https://registry.npmjs.org/@prisma/streams-local/-/streams-local-0.1.11.tgz. Extracting by manifest.
1620 silly tarball no local data for @prisma/query-plan-executor@https://registry.npmjs.org/@prisma/query-plan-executor/-/query-plan-executor-7.2.0.tgz. Extracting by manifest.
1621 silly tarball no local data for @prisma/get-platform@https://registry.npmjs.org/@prisma/get-platform/-/get-platform-7.2.0.tgz. Extracting by manifest.
1622 silly tarball no local data for @electric-sql/pglite-tools@https://registry.npmjs.org/@electric-sql/pglite-tools/-/pglite-tools-0.3.3.tgz. Extracting by manifest.
1623 silly tarball no local data for @electric-sql/pglite@https://registry.npmjs.org/@electric-sql/pglite/-/pglite-0.4.3.tgz. Extracting by manifest.
1624 silly tarball no local data for @electric-sql/pglite-socket@https://registry.npmjs.org/@electric-sql/pglite-socket/-/pglite-socket-0.1.3.tgz. Extracting by manifest.
1625 silly tarball no local data for empathic@https://registry.npmjs.org/empathic/-/empathic-2.0.0.tgz. Extracting by manifest.
1626 silly tarball no local data for effect@https://registry.npmjs.org/effect/-/effect-3.20.0.tgz. Extracting by manifest.
1627 silly tarball no local data for deepmerge-ts@https://registry.npmjs.org/deepmerge-ts/-/deepmerge-ts-7.1.5.tgz. Extracting by manifest.
1628 silly tarball no local data for c12@https://registry.npmjs.org/c12/-/c12-3.3.4.tgz. Extracting by manifest.
1629 silly tarball no local data for postgres@https://registry.npmjs.org/postgres/-/postgres-3.4.7.tgz. Extracting by manifest.
1630 silly tarball no local data for @types/react@https://registry.npmjs.org/@types/react/-/react-19.2.18.tgz. Extracting by manifest.
1631 silly tarball no local data for react-dom@https://registry.npmjs.org/react-dom/-/react-dom-19.2.8.tgz. Extracting by manifest.
1632 silly tarball no local data for @prisma/studio-core@https://registry.npmjs.org/@prisma/studio-core/-/studio-core-0.33.0.tgz. Extracting by manifest.
1633 silly tarball no local data for mysql2@https://registry.npmjs.org/mysql2/-/mysql2-3.15.3.tgz. Extracting by manifest.
1634 silly tarball no local data for react@https://registry.npmjs.org/react/-/react-19.2.8.tgz. Extracting by manifest.
1635 silly tarball no local data for @prisma/dev@https://registry.npmjs.org/@prisma/dev/-/dev-0.24.17.tgz. Extracting by manifest.
1636 silly tarball no local data for @prisma/engines@https://registry.npmjs.org/@prisma/engines/-/engines-7.9.1.tgz. Extracting by manifest.
1637 silly tarball no local data for @prisma/config@https://registry.npmjs.org/@prisma/config/-/config-7.9.1.tgz. Extracting by manifest.
1638 silly tarball no local data for @types/http-errors@https://registry.npmjs.org/@types/http-errors/-/http-errors-2.0.5.tgz. Extracting by manifest.
1639 silly tarball no local data for @types/send@https://registry.npmjs.org/@types/send/-/send-1.2.1.tgz. Extracting by manifest.
1640 silly tarball no local data for @types/ms@https://registry.npmjs.org/@types/ms/-/ms-2.1.0.tgz. Extracting by manifest.
1641 silly tarball no local data for @types/range-parser@https://registry.npmjs.org/@types/range-parser/-/range-parser-1.2.7.tgz. Extracting by manifest.
1642 silly tarball no local data for @types/connect@https://registry.npmjs.org/@types/connect/-/connect-3.4.38.tgz. Extracting by manifest.
1643 silly tarball no local data for @types/serve-static@https://registry.npmjs.org/@types/serve-static/-/serve-static-2.2.0.tgz. Extracting by manifest.
1644 silly tarball no local data for @types/express-serve-static-core@https://registry.npmjs.org/@types/express-serve-static-core/-/express-serve-static-core-5.1.3.tgz. Extracting by manifest.
1645 silly tarball no local data for @types/body-parser@https://registry.npmjs.org/@types/body-parser/-/body-parser-1.19.6.tgz. Extracting by manifest.
1646 silly tarball no local data for @types/qs@https://registry.npmjs.org/@types/qs/-/qs-6.15.1.tgz. Extracting by manifest.
1647 silly tarball no local data for ts-node-dev@https://registry.npmjs.org/ts-node-dev/-/ts-node-dev-2.0.0.tgz. Extracting by manifest.
1648 silly tarball no local data for prisma@https://registry.npmjs.org/prisma/-/prisma-7.9.1.tgz. Extracting by manifest.
1649 silly tarball no local data for typescript@https://registry.npmjs.org/typescript/-/typescript-7.0.2.tgz. Extracting by manifest.
1650 silly tarball no local data for @types/jsonwebtoken@https://registry.npmjs.org/@types/jsonwebtoken/-/jsonwebtoken-9.0.10.tgz. Extracting by manifest.
1651 silly tarball no local data for @types/multer@https://registry.npmjs.org/@types/multer/-/multer-2.2.0.tgz. Extracting by manifest.
1652 silly tarball no local data for @types/express@https://registry.npmjs.org/@types/express/-/express-5.0.6.tgz. Extracting by manifest.
1653 silly tarball no local data for @types/bcryptjs@https://registry.npmjs.org/@types/bcryptjs/-/bcryptjs-2.4.6.tgz. Extracting by manifest.
1654 silly tarball no local data for @prisma/get-platform@https://registry.npmjs.org/@prisma/get-platform/-/get-platform-7.9.1.tgz. Extracting by manifest.
1655 silly tarball no local data for signal-exit@https://registry.npmjs.org/signal-exit/-/signal-exit-3.0.7.tgz. Extracting by manifest.
1656 silly tarball no local data for d3-array@https://registry.npmjs.org/d3-array/-/d3-array-3.2.1.tgz. Extracting by manifest.
1657 silly tarball no local data for @prisma/debug@https://registry.npmjs.org/@prisma/debug/-/debug-7.2.0.tgz. Extracting by manifest.
1658 silly tarball no local data for @prisma/get-platform@https://registry.npmjs.org/@prisma/get-platform/-/get-platform-7.9.1.tgz. Extracting by manifest.
1659 silly tarball no local data for readdirp@https://registry.npmjs.org/readdirp/-/readdirp-3.6.0.tgz. Extracting by manifest.
1660 silly tarball no local data for std-env@https://registry.npmjs.org/std-env/-/std-env-3.10.0.tgz. Extracting by manifest.
1661 silly tarball no local data for chokidar@https://registry.npmjs.org/chokidar/-/chokidar-3.6.0.tgz. Extracting by manifest.
1662 http fetch GET 200 https://registry.npmjs.org/binary-extensions/-/binary-extensions-2.3.0.tgz 91ms (cache miss)
1663 http fetch GET 200 https://registry.npmjs.org/is-extglob/-/is-extglob-2.1.1.tgz 92ms (cache miss)
1664 http fetch GET 200 https://registry.npmjs.org/fill-range/-/fill-range-7.1.1.tgz 92ms (cache miss)
1665 http fetch GET 200 https://registry.npmjs.org/is-number/-/is-number-7.0.0.tgz 93ms (cache miss)
1666 http fetch GET 200 https://registry.npmjs.org/to-regex-range/-/to-regex-range-5.0.1.tgz 92ms (cache miss)
1667 http fetch GET 200 https://registry.npmjs.org/picomatch/-/picomatch-2.3.2.tgz 95ms (cache miss)
1668 http fetch GET 200 https://registry.npmjs.org/graphmatch/-/graphmatch-1.1.1.tgz 144ms (cache miss)
1669 http fetch GET 200 https://registry.npmjs.org/anymatch/-/anymatch-3.1.3.tgz 147ms (cache miss)
1670 http fetch GET 200 https://registry.npmjs.org/strip-json-comments/-/strip-json-comments-2.0.1.tgz 147ms (cache miss)
1671 http fetch GET 200 https://registry.npmjs.org/isexe/-/isexe-2.0.0.tgz 146ms (cache miss)
1672 http fetch GET 200 https://registry.npmjs.org/normalize-path/-/normalize-path-3.0.0.tgz 150ms (cache miss)
1673 http fetch GET 200 https://registry.npmjs.org/is-binary-path/-/is-binary-path-2.1.0.tgz 150ms (cache miss)
1674 http fetch GET 200 https://registry.npmjs.org/is-glob/-/is-glob-4.0.3.tgz 150ms (cache miss)
1675 http fetch GET 200 https://registry.npmjs.org/strip-bom/-/strip-bom-3.0.0.tgz 149ms (cache miss)
1676 http fetch GET 200 https://registry.npmjs.org/braces/-/braces-3.0.3.tgz 152ms (cache miss)
1677 http fetch GET 200 https://registry.npmjs.org/fsevents/-/fsevents-2.3.3.tgz 159ms (cache miss)
1678 http fetch GET 200 https://registry.npmjs.org/yn/-/yn-3.1.1.tgz 156ms (cache miss)
1679 http fetch GET 200 https://registry.npmjs.org/glob-parent/-/glob-parent-5.1.2.tgz 164ms (cache miss)
1680 http fetch GET 200 https://registry.npmjs.org/grammex/-/grammex-3.1.13.tgz 166ms (cache miss)
1681 http fetch GET 200 https://registry.npmjs.org/v8-compile-cache-lib/-/v8-compile-cache-lib-3.0.1.tgz 166ms (cache miss)
1682 http fetch GET 200 https://registry.npmjs.org/make-error/-/make-error-1.3.6.tgz 168ms (cache miss)
1683 http fetch GET 200 https://registry.npmjs.org/create-require/-/create-require-1.1.1.tgz 184ms (cache miss)
1684 http fetch GET 200 https://registry.npmjs.org/arg/-/arg-4.1.3.tgz 183ms (cache miss)
1685 http fetch GET 200 https://registry.npmjs.org/acorn-walk/-/acorn-walk-8.3.5.tgz 201ms (cache miss)
1686 http fetch GET 200 https://registry.npmjs.org/balanced-match/-/balanced-match-1.0.2.tgz 265ms (cache miss)
1687 http fetch GET 200 https://registry.npmjs.org/acorn/-/acorn-8.18.0.tgz 294ms (cache miss)
1688 http fetch GET 200 https://registry.npmjs.org/diff/-/diff-4.0.4.tgz 299ms (cache miss)
1689 http fetch GET 200 https://registry.npmjs.org/concat-map/-/concat-map-0.0.1.tgz 297ms (cache miss)
1690 http fetch GET 200 https://registry.npmjs.org/source-map/-/source-map-0.6.1.tgz 327ms (cache miss)
1691 http fetch GET 200 https://registry.npmjs.org/path-is-absolute/-/path-is-absolute-1.0.1.tgz 328ms (cache miss)
1692 http fetch GET 200 https://registry.npmjs.org/inflight/-/inflight-1.0.6.tgz 339ms (cache miss)
1693 warn deprecated inflight@1.0.6: This module is not supported, and leaks memory. Do not use it. Check out lru-cache if you want a good and tested way to coalesce async requests by a key value, which is much more comprehensive and powerful.
1694 http fetch GET 200 https://registry.npmjs.org/minimatch/-/minimatch-3.1.5.tgz 346ms (cache miss)
1695 http fetch GET 200 https://registry.npmjs.org/brace-expansion/-/brace-expansion-1.1.18.tgz 346ms (cache miss)
1696 http fetch GET 200 https://registry.npmjs.org/@types/strip-bom/-/strip-bom-3.0.0.tgz 358ms (cache miss)
1697 http fetch GET 200 https://registry.npmjs.org/@types/strip-json-comments/-/strip-json-comments-0.0.30.tgz 358ms (cache miss)
1698 http fetch GET 200 https://registry.npmjs.org/glob/-/glob-7.2.3.tgz 359ms (cache miss)
1699 warn deprecated glob@7.2.3: Old versions of glob are not supported, and contain widely publicized security vulnerabilities, which have been fixed in the current version. Please update. Support for old versions may be purchased (at exorbitant rates) by contacting i@izs.me
1700 http fetch GET 200 https://registry.npmjs.org/fs.realpath/-/fs.realpath-1.0.0.tgz 361ms (cache miss)
1701 http fetch GET 200 https://registry.npmjs.org/path-parse/-/path-parse-1.0.7.tgz 371ms (cache miss)
1702 http fetch GET 200 https://registry.npmjs.org/tree-kill/-/tree-kill-1.2.2.tgz 378ms (cache miss)
1703 http fetch GET 200 https://registry.npmjs.org/@jridgewell/resolve-uri/-/resolve-uri-3.1.2.tgz 391ms (cache miss)
1704 http fetch GET 200 https://registry.npmjs.org/is-core-module/-/is-core-module-2.16.2.tgz 393ms (cache miss)
1705 http fetch GET 200 https://registry.npmjs.org/rimraf/-/rimraf-2.7.1.tgz 389ms (cache miss)
1706 warn deprecated rimraf@2.7.1: Rimraf versions prior to v4 are no longer supported
1707 http fetch GET 200 https://registry.npmjs.org/xtend/-/xtend-4.0.2.tgz 389ms (cache miss)
1708 http fetch GET 200 https://registry.npmjs.org/tsconfig/-/tsconfig-7.0.0.tgz 399ms (cache miss)
1709 http fetch GET 200 https://registry.npmjs.org/@jridgewell/sourcemap-codec/-/sourcemap-codec-1.5.5.tgz 425ms (cache miss)
1710 http fetch GET 200 https://registry.npmjs.org/source-map-support/-/source-map-support-0.5.21.tgz 421ms (cache miss)
1711 http fetch GET 200 https://registry.npmjs.org/@tsconfig/node12/-/node12-1.0.11.tgz 451ms (cache miss)
1712 http fetch GET 200 https://registry.npmjs.org/@jridgewell/trace-mapping/-/trace-mapping-0.3.9.tgz 463ms (cache miss)
1713 http fetch GET 200 https://registry.npmjs.org/mkdirp/-/mkdirp-1.0.4.tgz 515ms (cache miss)
1714 http fetch POST 200 https://registry.npmjs.org/-/npm/v1/security/advisories/bulk 595ms
1715 silly audit report {}
1716 http fetch GET 200 https://registry.npmjs.org/@tsconfig/node16/-/node16-1.0.4.tgz 550ms (cache miss)
1717 http fetch GET 200 https://registry.npmjs.org/shebang-regex/-/shebang-regex-3.0.0.tgz 543ms (cache miss)
1718 http fetch GET 200 https://registry.npmjs.org/scheduler/-/scheduler-0.27.0.tgz 545ms (cache miss)
1719 http fetch GET 200 https://registry.npmjs.org/@cspotcode/source-map-support/-/source-map-support-0.8.1.tgz 560ms (cache miss)
1720 http fetch GET 200 https://registry.npmjs.org/dynamic-dedupe/-/dynamic-dedupe-0.3.0.tgz 566ms (cache miss)
1721 http fetch GET 200 https://registry.npmjs.org/ts-node/-/ts-node-10.9.2.tgz 568ms (cache miss)
1722 http fetch GET 200 https://registry.npmjs.org/retry/-/retry-0.12.0.tgz 574ms (cache miss)
1723 http fetch GET 200 https://registry.npmjs.org/ret/-/ret-0.5.0.tgz 577ms (cache miss)
1724 http fetch GET 200 https://registry.npmjs.org/resolve/-/resolve-1.22.12.tgz 593ms (cache miss)
1725 http fetch GET 200 https://registry.npmjs.org/destr/-/destr-2.0.5.tgz 601ms (cache miss)
1726 http fetch GET 200 https://registry.npmjs.org/@tsconfig/node10/-/node10-1.0.12.tgz 658ms (cache miss)
1727 http fetch GET 200 https://registry.npmjs.org/generate-function/-/generate-function-2.3.1.tgz 654ms (cache miss)
1728 http fetch GET 200 https://registry.npmjs.org/named-placeholders/-/named-placeholders-1.1.6.tgz 654ms (cache miss)
1729 http fetch GET 200 https://registry.npmjs.org/seq-queue/-/seq-queue-0.0.5.tgz 655ms (cache miss)
1730 http fetch GET 200 https://registry.npmjs.org/denque/-/denque-2.1.0.tgz 654ms (cache miss)
1731 http fetch GET 200 https://registry.npmjs.org/sqlstring/-/sqlstring-2.3.3.tgz 659ms (cache miss)
1732 http fetch GET 200 https://registry.npmjs.org/minimist/-/minimist-1.2.8.tgz 671ms (cache miss)
1733 http fetch GET 200 https://registry.npmjs.org/shebang-command/-/shebang-command-2.0.0.tgz 683ms (cache miss)
1734 http fetch GET 200 https://registry.npmjs.org/aws-ssl-profiles/-/aws-ssl-profiles-1.1.2.tgz 685ms (cache miss)
1735 http fetch GET 200 https://registry.npmjs.org/is-property/-/is-property-1.0.2.tgz 691ms (cache miss)
1736 http fetch GET 200 https://registry.npmjs.org/lru.min/-/lru.min-1.1.4.tgz 691ms (cache miss)
1737 http fetch GET 200 https://registry.npmjs.org/long/-/long-5.3.2.tgz 691ms (cache miss)
1738 http fetch GET 200 https://registry.npmjs.org/graceful-fs/-/graceful-fs-4.2.11.tgz 718ms (cache miss)
1739 http fetch GET 200 https://registry.npmjs.org/path-key/-/path-key-3.1.1.tgz 743ms (cache miss)
1740 http fetch GET 200 https://registry.npmjs.org/which/-/which-2.0.2.tgz 743ms (cache miss)
1741 http fetch GET 200 https://registry.npmjs.org/fast-decode-uri-component/-/fast-decode-uri-component-1.0.1.tgz 751ms (cache miss)
1742 http fetch GET 200 https://registry.npmjs.org/@tsconfig/node14/-/node14-1.0.3.tgz 769ms (cache miss)
1743 http fetch GET 200 https://registry.npmjs.org/safe-regex2/-/safe-regex2-5.1.1.tgz 758ms (cache miss)
1744 http fetch GET 200 https://registry.npmjs.org/signal-exit/-/signal-exit-4.1.0.tgz 760ms (cache miss)
1745 http fetch GET 200 https://registry.npmjs.org/fast-querystring/-/fast-querystring-1.1.2.tgz 759ms (cache miss)
1746 http fetch GET 200 https://registry.npmjs.org/cross-spawn/-/cross-spawn-7.0.6.tgz 762ms (cache miss)
1747 http fetch GET 200 https://registry.npmjs.org/pure-rand/-/pure-rand-6.1.0.tgz 778ms (cache miss)
1748 http fetch GET 200 https://registry.npmjs.org/perfect-debounce/-/perfect-debounce-2.1.0.tgz 785ms (cache miss)
1749 http fetch GET 200 https://registry.npmjs.org/readdirp/-/readdirp-5.0.0.tgz 807ms (cache miss)
1750 http fetch GET 200 https://registry.npmjs.org/ohash/-/ohash-2.0.11.tgz 806ms (cache miss)
1751 http fetch GET 200 https://registry.npmjs.org/giget/-/giget-3.3.1.tgz 832ms (cache miss)
1752 http fetch GET 200 https://registry.npmjs.org/pkg-types/-/pkg-types-2.3.1.tgz 842ms (cache miss)
1753 http fetch GET 200 https://registry.npmjs.org/defu/-/defu-6.1.7.tgz 841ms (cache miss)
1754 http fetch GET 200 https://registry.npmjs.org/exsolve/-/exsolve-1.1.1.tgz 854ms (cache miss)
1755 http fetch GET 200 https://registry.npmjs.org/confbox/-/confbox-0.2.4.tgz 866ms (cache miss)
1756 http fetch GET 200 https://registry.npmjs.org/robust-predicates/-/robust-predicates-3.0.3.tgz 869ms (cache miss)
1757 http fetch GET 200 https://registry.npmjs.org/delaunator/-/delaunator-5.1.0.tgz 883ms (cache miss)
1758 http fetch GET 200 https://registry.npmjs.org/rc9/-/rc9-3.0.1.tgz 898ms (cache miss)
1759 http fetch GET 200 https://registry.npmjs.org/chokidar/-/chokidar-5.0.0.tgz 909ms (cache miss)
1760 http fetch GET 200 https://registry.npmjs.org/require-from-string/-/require-from-string-2.0.2.tgz 961ms (cache miss)
1761 http fetch GET 200 https://registry.npmjs.org/json-schema-traverse/-/json-schema-traverse-1.0.0.tgz 961ms (cache miss)
1762 http fetch GET 200 https://registry.npmjs.org/fast-deep-equal/-/fast-deep-equal-3.1.3.tgz 1034ms (cache miss)
1763 http fetch GET 200 https://registry.npmjs.org/internmap/-/internmap-2.0.3.tgz 1034ms (cache miss)
1764 http fetch GET 200 https://registry.npmjs.org/fast-uri/-/fast-uri-3.1.5.tgz 1045ms (cache miss)
1765 http fetch GET 200 https://registry.npmjs.org/d3-path/-/d3-path-3.1.0.tgz 1075ms (cache miss)
1766 http fetch GET 200 https://registry.npmjs.org/d3-time/-/d3-time-3.1.0.tgz 1076ms (cache miss)
1767 http fetch GET 200 https://registry.npmjs.org/d3-time-format/-/d3-time-format-4.1.0.tgz 1088ms (cache miss)
1768 http fetch GET 200 https://registry.npmjs.org/@standard-schema/spec/-/spec-1.1.0.tgz 1122ms (cache miss)
1769 http fetch GET 200 https://registry.npmjs.org/d3-format/-/d3-format-3.1.0.tgz 1128ms (cache miss)
1770 http fetch GET 200 https://registry.npmjs.org/d3-interpolate/-/d3-interpolate-3.0.1.tgz 1196ms (cache miss)
1771 http fetch GET 200 https://registry.npmjs.org/d3-geo/-/d3-geo-3.1.0.tgz 1196ms (cache miss)
1772 http fetch GET 200 https://registry.npmjs.org/d3-scale/-/d3-scale-4.0.2.tgz 1204ms (cache miss)
1773 http fetch GET 200 https://registry.npmjs.org/d3-delaunay/-/d3-delaunay-6.0.2.tgz 1209ms (cache miss)
1774 http fetch GET 200 https://registry.npmjs.org/@types/geojson/-/geojson-7946.0.16.tgz 1210ms (cache miss)
1775 http fetch GET 200 https://registry.npmjs.org/d3-color/-/d3-color-3.1.0.tgz 1211ms (cache miss)
1776 http fetch GET 200 https://registry.npmjs.org/jiti/-/jiti-2.7.0.tgz 1246ms (cache miss)
1777 http fetch GET 200 https://registry.npmjs.org/supports-preserve-symlinks-flag/-/supports-preserve-symlinks-flag-1.0.0.tgz 1319ms (cache miss)
1778 http fetch GET 200 https://registry.npmjs.org/classnames/-/classnames-2.5.1.tgz 1342ms (cache miss)
1779 http fetch GET 200 https://registry.npmjs.org/@types/d3-time-format/-/d3-time-format-2.1.0.tgz 1387ms (cache miss)
1780 http fetch GET 200 https://registry.npmjs.org/@types/d3-scale/-/d3-scale-4.0.2.tgz 1401ms (cache miss)
1781 http fetch GET 200 https://registry.npmjs.org/csstype/-/csstype-3.2.3.tgz 1485ms (cache miss)
1782 http fetch GET 200 https://registry.npmjs.org/@types/d3-path/-/d3-path-3.1.1.tgz 1499ms (cache miss)
1783 http fetch GET 200 https://registry.npmjs.org/@types/d3-format/-/d3-format-3.0.1.tgz 1505ms (cache miss)
1784 http fetch GET 200 https://registry.npmjs.org/@types/d3-time/-/d3-time-3.0.0.tgz 1516ms (cache miss)
1785 http fetch GET 200 https://registry.npmjs.org/@types/d3-geo/-/d3-geo-3.1.0.tgz 1518ms (cache miss)
1786 http fetch GET 200 https://registry.npmjs.org/@types/d3-color/-/d3-color-3.1.0.tgz 1533ms (cache miss)
1787 http fetch GET 200 https://registry.npmjs.org/@types/d3-shape/-/d3-shape-3.1.7.tgz 1535ms (cache miss)
1788 http fetch GET 200 https://registry.npmjs.org/@types/d3-delaunay/-/d3-delaunay-6.0.1.tgz 1549ms (cache miss)
1789 http fetch GET 200 https://registry.npmjs.org/@types/d3-array/-/d3-array-3.0.3.tgz 1604ms (cache miss)
1790 http fetch GET 200 https://registry.npmjs.org/fast-check/-/fast-check-3.23.2.tgz 1650ms (cache miss)
1791 http fetch GET 200 https://registry.npmjs.org/d3-shape/-/d3-shape-3.2.0.tgz 1653ms (cache miss)
1792 http fetch GET 200 https://registry.npmjs.org/@types/d3-interpolate/-/d3-interpolate-3.0.1.tgz 1693ms (cache miss)
1793 http fetch GET 200 https://registry.npmjs.org/@radix-ui/react-use-layout-effect/-/react-use-layout-effect-1.1.1.tgz 1697ms (cache miss)
1794 http fetch GET 200 https://registry.npmjs.org/@types/lodash/-/lodash-4.17.25.tgz 1771ms (cache miss)
1795 http fetch GET 200 https://registry.npmjs.org/d3-array/-/d3-array-3.2.4.tgz 1806ms (cache miss)
1796 http fetch GET 200 https://registry.npmjs.org/@visx/vendor/-/vendor-4.0.0-alpha.0.tgz 1811ms (cache miss)
1797 http fetch GET 200 https://registry.npmjs.org/@radix-ui/react-compose-refs/-/react-compose-refs-1.1.2.tgz 1840ms (cache miss)
1798 http fetch GET 200 https://registry.npmjs.org/@radix-ui/react-primitive/-/react-primitive-2.1.3.tgz 1856ms (cache miss)
1799 http fetch GET 200 https://registry.npmjs.org/@radix-ui/react-use-controllable-state/-/react-use-controllable-state-1.2.2.tgz 1857ms (cache miss)
1800 http fetch GET 200 https://registry.npmjs.org/@radix-ui/primitive/-/primitive-1.1.3.tgz 1858ms (cache miss)
1801 http fetch GET 200 https://registry.npmjs.org/@visx/point/-/point-4.0.1-alpha.0.tgz 2028ms (cache miss)
1802 http fetch GET 200 https://registry.npmjs.org/env-paths/-/env-paths-3.0.0.tgz 2065ms (cache miss)
1803 http fetch GET 200 https://registry.npmjs.org/@visx/responsive/-/responsive-4.0.1-alpha.0.tgz 2092ms (cache miss)
1804 http fetch GET 200 https://registry.npmjs.org/@visx/scale/-/scale-4.0.1-alpha.0.tgz 2100ms (cache miss)
1805 http fetch GET 200 https://registry.npmjs.org/better-result/-/better-result-2.10.0.tgz 2121ms (cache miss)
1806 http fetch GET 200 https://registry.npmjs.org/zeptomatch/-/zeptomatch-2.1.0.tgz 2201ms (cache miss)
1807 http fetch GET 200 https://registry.npmjs.org/@visx/grid/-/grid-4.0.1-alpha.0.tgz 2208ms (cache miss)
1808 http fetch GET 200 https://registry.npmjs.org/@visx/curve/-/curve-4.0.1-alpha.0.tgz 2291ms (cache miss)
1809 http fetch GET 200 https://registry.npmjs.org/@radix-ui/react-toggle/-/react-toggle-1.1.10.tgz 2312ms (cache miss)
1810 http fetch GET 200 https://registry.npmjs.org/valibot/-/valibot-1.4.2.tgz 2319ms (cache miss)
1811 http fetch GET 200 https://registry.npmjs.org/@radix-ui/react-slot/-/react-slot-1.2.3.tgz 2329ms (cache miss)
1812 http fetch GET 200 https://registry.npmjs.org/ajv/-/ajv-8.20.0.tgz 2337ms (cache miss)
1813 http fetch GET 200 https://registry.npmjs.org/@prisma/debug/-/debug-7.9.1.tgz 2356ms (cache miss)
1814 http fetch GET 200 https://registry.npmjs.org/proper-lockfile/-/proper-lockfile-4.1.2.tgz 2359ms (cache miss)
1815 http fetch GET 200 https://registry.npmjs.org/@prisma/engines-version/-/engines-version-7.9.0-1.e922089b7d7502aff4249d5da3420f6fa55fc6ad.tgz 2367ms (cache miss)
1816 http fetch GET 200 https://registry.npmjs.org/pathe/-/pathe-2.0.3.tgz 2372ms (cache miss)
1817 http fetch GET 200 https://registry.npmjs.org/foreground-child/-/foreground-child-3.3.1.tgz 2376ms (cache miss)
1818 http fetch GET 200 https://registry.npmjs.org/get-port-please/-/get-port-please-3.2.0.tgz 2400ms (cache miss)
1819 http fetch GET 200 https://registry.npmjs.org/find-my-way/-/find-my-way-9.7.0.tgz 2455ms (cache miss)
1820 http fetch GET 200 https://registry.npmjs.org/empathic/-/empathic-2.0.0.tgz 2615ms (cache miss)
1821 http fetch GET 200 https://registry.npmjs.org/@visx/group/-/group-4.0.1-alpha.0.tgz 2655ms (cache miss)
1822 http fetch GET 200 https://registry.npmjs.org/deepmerge-ts/-/deepmerge-ts-7.1.5.tgz 2694ms (cache miss)
1823 http fetch GET 200 https://registry.npmjs.org/c12/-/c12-3.3.4.tgz 2735ms (cache miss)
1824 http fetch GET 200 https://registry.npmjs.org/@electric-sql/pglite-socket/-/pglite-socket-0.1.3.tgz 2770ms (cache miss)
1825 http fetch GET 200 https://registry.npmjs.org/postgres/-/postgres-3.4.7.tgz 2870ms (cache miss)
1826 http fetch GET 200 https://registry.npmjs.org/@prisma/get-platform/-/get-platform-7.2.0.tgz 3042ms (cache miss)
1827 http fetch GET 200 https://registry.npmjs.org/@prisma/streams-local/-/streams-local-0.1.11.tgz 3071ms (cache miss)
1828 http fetch GET 200 https://registry.npmjs.org/@radix-ui/react-use-effect-event/-/react-use-effect-event-0.0.2.tgz 3306ms (cache miss)
1829 http fetch GET 200 https://registry.npmjs.org/@types/react/-/react-19.2.18.tgz 3375ms (cache miss)
1830 http fetch GET 200 https://registry.npmjs.org/@prisma/fetch-engine/-/fetch-engine-7.9.1.tgz 3478ms (cache miss)
1831 http fetch GET 200 https://registry.npmjs.org/mysql2/-/mysql2-3.15.3.tgz 3487ms (cache miss)
1832 http fetch GET 200 https://registry.npmjs.org/@visx/event/-/event-4.0.1-alpha.0.tgz 3503ms (cache miss)
1833 http fetch GET 200 https://registry.npmjs.org/react/-/react-19.2.8.tgz 3567ms (cache miss)
1834 http fetch GET 200 https://registry.npmjs.org/@types/http-errors/-/http-errors-2.0.5.tgz 4032ms (cache miss)
1835 http fetch GET 200 https://registry.npmjs.org/@prisma/engines/-/engines-7.9.1.tgz 4044ms (cache miss)
1836 http fetch GET 200 https://registry.npmjs.org/@types/send/-/send-1.2.1.tgz 4076ms (cache miss)
1837 http fetch GET 200 https://registry.npmjs.org/@visx/shape/-/shape-4.0.1-alpha.0.tgz 4109ms (cache miss)
1838 http fetch GET 200 https://registry.npmjs.org/@prisma/config/-/config-7.9.1.tgz 4367ms (cache miss)
1839 http fetch GET 200 https://registry.npmjs.org/@types/ms/-/ms-2.1.0.tgz 4554ms (cache miss)
1840 http fetch GET 200 https://registry.npmjs.org/@types/range-parser/-/range-parser-1.2.7.tgz 4555ms (cache miss)
1841 http fetch GET 200 https://registry.npmjs.org/@types/connect/-/connect-3.4.38.tgz 4554ms (cache miss)
1842 http fetch GET 200 https://registry.npmjs.org/@types/serve-static/-/serve-static-2.2.0.tgz 4554ms (cache miss)
1843 http fetch GET 200 https://registry.npmjs.org/@types/express-serve-static-core/-/express-serve-static-core-5.1.3.tgz 4845ms (cache miss)
1844 http fetch GET 200 https://registry.npmjs.org/ts-node-dev/-/ts-node-dev-2.0.0.tgz 5068ms (cache miss)
1845 http fetch GET 200 https://registry.npmjs.org/@types/qs/-/qs-6.15.1.tgz 5236ms (cache miss)
1846 http fetch GET 200 https://registry.npmjs.org/@types/body-parser/-/body-parser-1.19.6.tgz 5236ms (cache miss)
1847 http fetch GET 200 https://registry.npmjs.org/@types/jsonwebtoken/-/jsonwebtoken-9.0.10.tgz 5392ms (cache miss)
1848 http fetch GET 200 https://registry.npmjs.org/@electric-sql/pglite-tools/-/pglite-tools-0.3.3.tgz 5406ms (cache miss)
1849 http fetch GET 200 https://registry.npmjs.org/@prisma/query-plan-executor/-/query-plan-executor-7.2.0.tgz 5413ms (cache miss)
1850 http fetch GET 200 https://registry.npmjs.org/signal-exit/-/signal-exit-3.0.7.tgz 5685ms (cache miss)
1851 http fetch GET 200 https://registry.npmjs.org/typescript/-/typescript-7.0.2.tgz 5794ms (cache miss)
1852 http fetch GET 200 https://registry.npmjs.org/@types/multer/-/multer-2.2.0.tgz 5803ms (cache miss)
1853 http fetch GET 200 https://registry.npmjs.org/@types/express/-/express-5.0.6.tgz 5851ms (cache miss)
1854 http fetch GET 200 https://registry.npmjs.org/remeda/-/remeda-2.33.4.tgz 5897ms (cache miss)
1855 http fetch GET 200 https://registry.npmjs.org/@types/bcryptjs/-/bcryptjs-2.4.6.tgz 5892ms (cache miss)
1856 http fetch GET 200 https://registry.npmjs.org/d3-array/-/d3-array-3.2.1.tgz 6004ms (cache miss)
1857 http fetch GET 200 https://registry.npmjs.org/readdirp/-/readdirp-3.6.0.tgz 6078ms (cache miss)
1858 http fetch GET 200 https://registry.npmjs.org/react-dom/-/react-dom-19.2.8.tgz 6142ms (cache miss)
1859 http fetch GET 200 https://registry.npmjs.org/chokidar/-/chokidar-3.6.0.tgz 6183ms (cache miss)
1860 http fetch GET 200 https://registry.npmjs.org/@prisma/debug/-/debug-7.2.0.tgz 6200ms (cache miss)
1861 http fetch GET 200 https://registry.npmjs.org/@prisma/get-platform/-/get-platform-7.9.1.tgz 6250ms (cache miss)
1862 http fetch GET 200 https://registry.npmjs.org/std-env/-/std-env-3.10.0.tgz 6262ms (cache miss)
1863 http fetch GET 200 https://registry.npmjs.org/@prisma/get-platform/-/get-platform-7.9.1.tgz 6743ms (cache miss)
1864 http fetch GET 200 https://registry.npmjs.org/@typescript/typescript-darwin-arm64/-/typescript-darwin-arm64-7.0.2.tgz 12873ms (cache miss)
1865 http fetch GET 200 https://registry.npmjs.org/@prisma/dev/-/dev-0.24.17.tgz 16740ms (cache miss)
1866 http fetch GET 200 https://registry.npmjs.org/elkjs/-/elkjs-0.11.1.tgz 18587ms (cache miss)
1867 http fetch GET 200 https://registry.npmjs.org/effect/-/effect-3.20.0.tgz 19910ms (cache miss)
1868 http fetch GET 200 https://registry.npmjs.org/@prisma/studio-core/-/studio-core-0.33.0.tgz 25663ms (cache miss)
1869 http fetch GET 200 https://registry.npmjs.org/@electric-sql/pglite/-/pglite-0.4.3.tgz 27907ms (cache miss)
1870 http fetch GET 200 https://registry.npmjs.org/prisma/-/prisma-7.9.1.tgz 36789ms (cache miss)
1871 info run prisma@7.9.1 preinstall node_modules/prisma node scripts/preinstall-entry.js
1872 info run prisma@7.9.1 preinstall { code: 0, signal: null }
1873 info run fsevents@2.3.3 install node_modules/fsevents node-gyp rebuild
1874 info run fsevents@2.3.3 install { code: 1, signal: null }
1875 verbose reify failed optional dependency /Users/mushfiq/Desktop/football-auction2/football-auction-backend/node_modules/fsevents
1876 silly reify mark deleted [
1876 silly reify   '/Users/mushfiq/Desktop/football-auction2/football-auction-backend/node_modules/fsevents'
1876 silly reify ]
1877 info run @prisma/engines@7.9.1 postinstall node_modules/@prisma/engines node scripts/postinstall.js
1878 info run @prisma/engines@7.9.1 postinstall { code: 0, signal: null }
1879 silly ADD node_modules/is-number
1880 silly ADD node_modules/is-extglob
1881 silly ADD node_modules/binary-extensions
1882 silly ADD node_modules/to-regex-range
1883 silly ADD node_modules/fill-range
1884 silly ADD node_modules/picomatch
1885 silly ADD node_modules/normalize-path
1886 silly ADD node_modules/is-glob
1887 silly ADD node_modules/is-binary-path
1888 silly ADD node_modules/glob-parent
1889 silly ADD
1890 silly ADD node_modules/braces
1891 silly ADD node_modules/anymatch
1892 silly ADD node_modules/graphmatch
1893 silly ADD node_modules/grammex
1894 silly ADD node_modules/isexe
1895 silly ADD node_modules/@typescript/typescript-darwin-arm64
1896 silly ADD node_modules/strip-json-comments
1897 silly ADD node_modules/strip-bom
1898 silly ADD node_modules/@types/strip-json-comments
1899 silly ADD node_modules/@types/strip-bom
1900 silly ADD node_modules/@jridgewell/sourcemap-codec
1901 silly ADD node_modules/@jridgewell/resolve-uri
1902 silly ADD node_modules/@jridgewell/trace-mapping
1903 silly ADD node_modules/yn
1904 silly ADD node_modules/v8-compile-cache-lib
1905 silly ADD node_modules/make-error
1906 silly ADD node_modules/diff
1907 silly ADD node_modules/create-require
1908 silly ADD node_modules/arg
1909 silly ADD node_modules/acorn-walk
1910 silly ADD node_modules/acorn
1911 silly ADD node_modules/@tsconfig/node16
1912 silly ADD node_modules/@tsconfig/node14
1913 silly ADD node_modules/@tsconfig/node12
1914 silly ADD node_modules/@tsconfig/node10
1915 silly ADD node_modules/@cspotcode/source-map-support
1916 silly ADD node_modules/source-map
1917 silly ADD node_modules/concat-map
1918 silly ADD node_modules/balanced-match
1919 silly ADD node_modules/brace-expansion
1920 silly ADD node_modules/path-is-absolute
1921 silly ADD node_modules/minimatch
1922 silly ADD node_modules/inflight
1923 silly ADD node_modules/fs.realpath
1924 silly ADD node_modules/glob
1925 silly ADD node_modules/supports-preserve-symlinks-flag
1926 silly ADD node_modules/path-parse
1927 silly ADD node_modules/is-core-module
1928 silly ADD node_modules/xtend
1929 silly ADD node_modules/tsconfig
1930 silly ADD node_modules/ts-node
1931 silly ADD node_modules/tree-kill
1932 silly ADD node_modules/source-map-support
1933 silly ADD node_modules/rimraf
1934 silly ADD node_modules/resolve
1935 silly ADD node_modules/mkdirp
1936 silly ADD node_modules/minimist
1937 silly ADD node_modules/dynamic-dedupe
1938 silly ADD node_modules/shebang-regex
1939 silly ADD node_modules/ret
1940 silly ADD node_modules/scheduler
1941 silly ADD node_modules/destr
1942 silly ADD node_modules/retry
1943 silly ADD node_modules/graceful-fs
1944 silly ADD node_modules/is-property
1945 silly ADD node_modules/sqlstring
1946 silly ADD node_modules/seq-queue
1947 silly ADD node_modules/named-placeholders
1948 silly ADD node_modules/lru.min
1949 silly ADD node_modules/long
1950 silly ADD node_modules/generate-function
1951 silly ADD node_modules/denque
1952 silly ADD node_modules/aws-ssl-profiles
1953 silly ADD node_modules/which
1954 silly ADD node_modules/shebang-command
1955 silly ADD node_modules/path-key
1956 silly ADD node_modules/signal-exit
1957 silly ADD node_modules/cross-spawn
1958 silly ADD node_modules/fast-decode-uri-component
1959 silly ADD node_modules/safe-regex2
1960 silly ADD node_modules/fast-querystring
1961 silly ADD node_modules/pure-rand
1962 silly ADD node_modules/fast-check
1963 silly ADD node_modules/@standard-schema/spec
1964 silly ADD node_modules/robust-predicates
1965 silly ADD node_modules/delaunator
1966 silly ADD node_modules/readdirp
1967 silly ADD node_modules/rc9
1968 silly ADD node_modules/pkg-types
1969 silly ADD node_modules/perfect-debounce
1970 silly ADD node_modules/ohash
1971 silly ADD node_modules/jiti
1972 silly ADD node_modules/giget
1973 silly ADD node_modules/exsolve
1974 silly ADD node_modules/defu
1975 silly ADD node_modules/confbox
1976 silly ADD node_modules/chokidar
1977 silly ADD node_modules/require-from-string
1978 silly ADD node_modules/json-schema-traverse
1979 silly ADD node_modules/fast-uri
1980 silly ADD node_modules/fast-deep-equal
1981 silly ADD node_modules/@types/geojson
1982 silly ADD node_modules/internmap
1983 silly ADD node_modules/d3-time-format
1984 silly ADD node_modules/d3-time
1985 silly ADD node_modules/d3-scale
1986 silly ADD node_modules/d3-path
1987 silly ADD node_modules/d3-interpolate
1988 silly ADD node_modules/d3-geo
1989 silly ADD node_modules/d3-format
1990 silly ADD node_modules/d3-delaunay
1991 silly ADD node_modules/d3-color
1992 silly ADD node_modules/@types/d3-time-format
1993 silly ADD node_modules/@types/d3-time
1994 silly ADD node_modules/@types/d3-shape
1995 silly ADD node_modules/@types/d3-scale
1996 silly ADD node_modules/@types/d3-path
1997 silly ADD node_modules/@types/d3-interpolate
1998 silly ADD node_modules/@types/d3-geo
1999 silly ADD node_modules/@types/d3-format
2000 silly ADD node_modules/@types/d3-delaunay
2001 silly ADD node_modules/@types/d3-color
2002 silly ADD node_modules/@types/d3-array
2003 silly ADD node_modules/@types/lodash
2004 silly ADD node_modules/classnames
2005 silly ADD node_modules/@visx/point
2006 silly ADD node_modules/@visx/vendor
2007 silly ADD node_modules/@visx/vendor/node_modules/d3-array
2008 silly ADD node_modules/csstype
2009 silly ADD node_modules/@radix-ui/react-use-layout-effect
2010 silly ADD node_modules/@radix-ui/react-use-effect-event
2011 silly ADD node_modules/@radix-ui/react-compose-refs
2012 silly ADD node_modules/@radix-ui/react-slot
2013 silly ADD node_modules/@radix-ui/react-use-controllable-state
2014 silly ADD node_modules/@radix-ui/react-primitive
2015 silly ADD node_modules/@radix-ui/primitive
2016 silly ADD node_modules/elkjs
2017 silly ADD node_modules/d3-shape
2018 silly ADD node_modules/d3-array
2019 silly ADD node_modules/@visx/shape
2020 silly ADD node_modules/@visx/scale
2021 silly ADD node_modules/@visx/responsive
2022 silly ADD node_modules/@visx/group
2023 silly ADD node_modules/@visx/grid
2024 silly ADD node_modules/@visx/event
2025 silly ADD node_modules/@visx/curve
2026 silly ADD node_modules/@radix-ui/react-toggle
2027 silly ADD node_modules/env-paths
2028 silly ADD node_modules/better-result
2029 silly ADD node_modules/ajv
2030 silly ADD node_modules/@prisma/fetch-engine
2031 silly ADD node_modules/@prisma/fetch-engine/node_modules/@prisma/get-platform
2032 silly ADD node_modules/@prisma/engines-version
2033 silly ADD node_modules/@prisma/debug
2034 silly ADD node_modules/zeptomatch
2035 silly ADD node_modules/valibot
2036 silly ADD node_modules/std-env
2037 silly ADD node_modules/remeda
2038 silly ADD node_modules/proper-lockfile
2039 silly ADD node_modules/proper-lockfile/node_modules/signal-exit
2040 silly ADD node_modules/pathe
2041 silly ADD node_modules/get-port-please
2042 silly ADD node_modules/foreground-child
2043 silly ADD node_modules/find-my-way
2044 silly ADD node_modules/@prisma/streams-local
2045 silly ADD node_modules/@prisma/query-plan-executor
2046 silly ADD node_modules/@prisma/get-platform
2047 silly ADD node_modules/@prisma/get-platform/node_modules/@prisma/debug
2048 silly ADD node_modules/@electric-sql/pglite-tools
2049 silly ADD node_modules/@electric-sql/pglite-socket
2050 silly ADD node_modules/@electric-sql/pglite
2051 silly ADD node_modules/empathic
2052 silly ADD node_modules/effect
2053 silly ADD node_modules/deepmerge-ts
2054 silly ADD node_modules/c12
2055 silly ADD node_modules/postgres
2056 silly ADD node_modules/mysql2
2057 silly ADD node_modules/react-dom
2058 silly ADD node_modules/react
2059 silly ADD node_modules/@types/react
2060 silly ADD node_modules/@prisma/studio-core
2061 silly ADD node_modules/@prisma/engines
2062 silly ADD node_modules/@prisma/engines/node_modules/@prisma/get-platform
2063 silly ADD node_modules/@prisma/dev
2064 silly ADD node_modules/@prisma/config
2065 silly ADD node_modules/@types/http-errors
2066 silly ADD node_modules/@types/ms
2067 silly ADD node_modules/@types/send
2068 silly ADD node_modules/@types/range-parser
2069 silly ADD node_modules/@types/qs
2070 silly ADD node_modules/@types/connect
2071 silly ADD node_modules/@types/serve-static
2072 silly ADD node_modules/@types/express-serve-static-core
2073 silly ADD node_modules/@types/body-parser
2074 silly ADD node_modules/typescript
2075 silly ADD node_modules/ts-node-dev
2076 silly ADD node_modules/ts-node-dev/node_modules/readdirp
2077 silly ADD node_modules/ts-node-dev/node_modules/chokidar
2078 silly ADD node_modules/prisma
2079 silly ADD node_modules/@types/multer
2080 silly ADD node_modules/@types/jsonwebtoken
2081 silly ADD node_modules/@types/express
2082 silly ADD node_modules/@types/bcryptjs
2083 warn allow-scripts 2 packages have install scripts not yet covered by allowScripts:
2083 warn allow-scripts   prisma@7.9.1 (preinstall: node scripts/preinstall-entry.js)
2083 warn allow-scripts   @prisma/engines@7.9.1 (postinstall: node scripts/postinstall.js)
2083 warn allow-scripts
2083 warn allow-scripts Run `npm approve-scripts --allow-scripts-pending` to review, or `npm approve-scripts <pkg>` to allow.
2084 verbose cwd /Users/mushfiq/Desktop/football-auction2/football-auction-backend
2085 verbose os Darwin 24.1.0
2086 verbose node v24.18.0
2087 verbose npm  v11.16.0
2088 verbose exit 0
2089 info ok
