0 verbose cli /usr/local/bin/node /usr/local/bin/npm
1 info using npm@11.16.0
2 info using node@v24.18.0
3 silly config load:file:/usr/local/lib/node_modules/npm/npmrc
4 silly config load:file:/Users/mushfiq/Desktop/football-auction2/football-auction-backend/.npmrc
5 silly config load:file:/Users/mushfiq/.npmrc
6 silly config load:file:/usr/local/etc/npmrc
7 verbose title npm install prisma typescript @types/node @types/express ts-node-dev
8 verbose argv "install" "--cache" "/Users/mushfiq/Desktop/football-auction2/.npm-cache" "prisma" "typescript" "@types/node" "@types/express" "ts-node-dev"
9 verbose logfile logs-max:10 dir:/Users/mushfiq/Desktop/football-auction2/.npm-cache/_logs/2026-08-04T17_03_23_178Z-
10 verbose logfile /Users/mushfiq/Desktop/football-auction2/.npm-cache/_logs/2026-08-04T17_03_23_178Z-debug-0.log
11 silly logfile done cleaning log files
12 silly packumentCache heap:2348810240 maxSize:587202560 maxEntrySize:293601280
13 verbose shrinkwrap failed to load node_modules/.package-lock.json out of date, updated: node_modules
14 silly idealTree buildDeps
15 silly fetch manifest prisma@*
16 silly packumentCache full:https://registry.npmjs.org/prisma cache-miss
17 http cache https://registry.npmjs.org/prisma 88ms (cache hit)
18 silly packumentCache full:https://registry.npmjs.org/prisma set size:43649502 disposed:false
19 silly fetch manifest better-sqlite3@>=9.0.0
20 silly packumentCache full:https://registry.npmjs.org/better-sqlite3 cache-miss
21 http cache https://registry.npmjs.org/better-sqlite3 76ms (cache hit)
22 silly packumentCache full:https://registry.npmjs.org/better-sqlite3 set size:390485 disposed:false
23 silly fetch manifest typescript@*
24 silly packumentCache full:https://registry.npmjs.org/typescript cache-miss
25 http cache https://registry.npmjs.org/typescript 27ms (cache hit)
26 silly packumentCache full:https://registry.npmjs.org/typescript set size:15513951 disposed:false
27 silly fetch manifest @types/node@*
28 silly packumentCache full:https://registry.npmjs.org/@types%2fnode cache-miss
29 http cache https://registry.npmjs.org/@types%2fnode 16ms (cache hit)
30 silly packumentCache full:https://registry.npmjs.org/@types%2fnode set size:11084776 disposed:false
31 silly fetch manifest @types/express@*
32 silly packumentCache full:https://registry.npmjs.org/@types%2fexpress cache-miss
33 http cache https://registry.npmjs.org/@types%2fexpress 5ms (cache hit)
34 silly packumentCache full:https://registry.npmjs.org/@types%2fexpress set size:111364 disposed:false
35 silly fetch manifest ts-node-dev@*
36 silly packumentCache full:https://registry.npmjs.org/ts-node-dev cache-miss
37 http cache https://registry.npmjs.org/ts-node-dev 3ms (cache hit)
38 silly packumentCache full:https://registry.npmjs.org/ts-node-dev set size:292560 disposed:false
39 silly fetch manifest node-notifier@*
40 silly packumentCache full:https://registry.npmjs.org/node-notifier cache-miss
41 http cache https://registry.npmjs.org/node-notifier 1ms (cache hit)
42 silly packumentCache full:https://registry.npmjs.org/node-notifier set size:171519 disposed:false
43 silly placeDep ROOT @types/express@5.0.6 OK for: football-auction-backend@1.0.0 want: *
44 silly placeDep ROOT @types/node@26.1.2 REPLACE for: football-auction-backend@1.0.0 want: *
45 silly placeDep ROOT prisma@7.9.1 OK for: football-auction-backend@1.0.0 want: *
46 silly placeDep ROOT ts-node-dev@2.0.0 OK for: football-auction-backend@1.0.0 want: *
47 silly placeDep ROOT typescript@7.0.2 OK for: ts-node-dev@2.0.0 want: *
48 silly placeDep ROOT typescript@7.0.2 REPLACE for: football-auction-backend@1.0.0 want: *
49 silly fetch manifest @types/body-parser@*
50 silly packumentCache full:https://registry.npmjs.org/@types%2fbody-parser cache-miss
51 silly fetch manifest @types/serve-static@^2
52 silly packumentCache full:https://registry.npmjs.org/@types%2fserve-static cache-miss
53 silly fetch manifest @types/express-serve-static-core@^5.0.0
54 silly packumentCache full:https://registry.npmjs.org/@types%2fexpress-serve-static-core cache-miss
55 silly fetch manifest mysql2@3.15.3
56 silly packumentCache full:https://registry.npmjs.org/mysql2 cache-miss
57 silly fetch manifest postgres@3.4.7
58 silly packumentCache full:https://registry.npmjs.org/postgres cache-miss
59 silly fetch manifest @prisma/dev@0.24.17
60 silly packumentCache full:https://registry.npmjs.org/@prisma%2fdev cache-miss
61 silly fetch manifest @prisma/config@7.9.1
62 silly packumentCache full:https://registry.npmjs.org/@prisma%2fconfig cache-miss
63 http cache https://registry.npmjs.org/mysql2 7ms (cache hit)
64 silly packumentCache full:https://registry.npmjs.org/mysql2 set size:907302 disposed:false
65 silly fetch manifest @prisma/engines@7.9.1
66 silly packumentCache full:https://registry.npmjs.org/@prisma%2fengines cache-miss
67 http cache https://registry.npmjs.org/@types%2fexpress-serve-static-core 13ms (cache hit)
68 silly packumentCache full:https://registry.npmjs.org/@types%2fexpress-serve-static-core set size:271755 disposed:false
69 silly fetch manifest @prisma/studio-core@0.33.0
70 silly packumentCache full:https://registry.npmjs.org/@prisma%2fstudio-core cache-miss
71 http cache https://registry.npmjs.org/@types%2fbody-parser 16ms (cache hit)
72 silly packumentCache full:https://registry.npmjs.org/@types%2fbody-parser set size:59466 disposed:false
73 silly fetch manifest chokidar@^3.5.1
74 silly packumentCache full:https://registry.npmjs.org/chokidar cache-miss
75 http cache https://registry.npmjs.org/@types%2fserve-static 17ms (cache hit)
76 silly packumentCache full:https://registry.npmjs.org/@types%2fserve-static set size:70859 disposed:false
77 silly fetch manifest dynamic-dedupe@^0.3.0
78 silly packumentCache full:https://registry.npmjs.org/dynamic-dedupe cache-miss
79 http cache https://registry.npmjs.org/@prisma%2fdev 19ms (cache hit)
80 silly packumentCache full:https://registry.npmjs.org/@prisma%2fdev set size:2671042 disposed:false
81 silly fetch manifest minimist@^1.2.6
82 silly packumentCache full:https://registry.npmjs.org/minimist cache-miss
83 http cache https://registry.npmjs.org/postgres 30ms (cache hit)
84 silly packumentCache full:https://registry.npmjs.org/postgres set size:185872 disposed:false
85 silly fetch manifest mkdirp@^1.0.4
86 silly packumentCache full:https://registry.npmjs.org/mkdirp cache-miss
87 http cache https://registry.npmjs.org/@prisma%2fconfig 34ms (cache hit)
88 silly packumentCache full:https://registry.npmjs.org/@prisma%2fconfig set size:3937731 disposed:false
89 silly fetch manifest resolve@^1.0.0
90 silly packumentCache full:https://registry.npmjs.org/resolve cache-miss
91 http cache https://registry.npmjs.org/mkdirp 32ms (cache hit)
92 silly packumentCache full:https://registry.npmjs.org/mkdirp set size:116415 disposed:false
93 silly fetch manifest rimraf@^2.6.1
94 silly packumentCache full:https://registry.npmjs.org/rimraf cache-miss
95 http cache https://registry.npmjs.org/minimist 36ms (cache hit)
96 silly packumentCache full:https://registry.npmjs.org/minimist set size:77063 disposed:false
97 silly fetch manifest source-map-support@^0.5.12
98 silly packumentCache full:https://registry.npmjs.org/source-map-support cache-miss
99 http cache https://registry.npmjs.org/@prisma%2fstudio-core 61ms (cache hit)
100 silly packumentCache full:https://registry.npmjs.org/@prisma%2fstudio-core set size:7261725 disposed:false
101 silly fetch manifest tree-kill@^1.2.2
102 silly packumentCache full:https://registry.npmjs.org/tree-kill cache-miss
103 http cache https://registry.npmjs.org/dynamic-dedupe 101ms (cache hit)
104 silly packumentCache full:https://registry.npmjs.org/dynamic-dedupe set size:10666 disposed:false
105 silly fetch manifest ts-node@^10.4.0
106 silly packumentCache full:https://registry.npmjs.org/ts-node cache-miss
107 http cache https://registry.npmjs.org/resolve 64ms (cache hit)
108 silly packumentCache full:https://registry.npmjs.org/resolve set size:244568 disposed:false
109 silly fetch manifest tsconfig@^7.0.0
110 silly packumentCache full:https://registry.npmjs.org/tsconfig cache-miss
111 http cache https://registry.npmjs.org/@prisma%2fengines 125ms (cache hit)
112 silly packumentCache full:https://registry.npmjs.org/@prisma%2fengines set size:21933451 disposed:false
113 silly fetch manifest @typescript/typescript-aix-ppc64@7.0.2
114 silly packumentCache full:https://registry.npmjs.org/@typescript%2ftypescript-aix-ppc64 cache-miss
115 http cache https://registry.npmjs.org/chokidar 179ms (cache hit)
116 silly packumentCache full:https://registry.npmjs.org/chokidar set size:255902 disposed:false
117 silly fetch manifest @typescript/typescript-linux-arm@7.0.2
118 silly packumentCache full:https://registry.npmjs.org/@typescript%2ftypescript-linux-arm cache-miss
119 http cache https://registry.npmjs.org/ts-node 84ms (cache hit)
120 silly packumentCache full:https://registry.npmjs.org/ts-node set size:574573 disposed:false
121 silly fetch manifest @typescript/typescript-linux-x64@7.0.2
122 silly packumentCache full:https://registry.npmjs.org/@typescript%2ftypescript-linux-x64 cache-miss
123 http cache https://registry.npmjs.org/tsconfig 85ms (cache hit)
124 silly packumentCache full:https://registry.npmjs.org/tsconfig set size:51634 disposed:false
125 silly fetch manifest @typescript/typescript-sunos-x64@7.0.2
126 silly packumentCache full:https://registry.npmjs.org/@typescript%2ftypescript-sunos-x64 cache-miss
127 http cache https://registry.npmjs.org/source-map-support 140ms (cache hit)
128 silly packumentCache full:https://registry.npmjs.org/source-map-support set size:125488 disposed:false
129 silly fetch manifest @typescript/typescript-win32-x64@7.0.2
130 silly packumentCache full:https://registry.npmjs.org/@typescript%2ftypescript-win32-x64 cache-miss
131 http cache https://registry.npmjs.org/@typescript%2ftypescript-aix-ppc64 13ms (cache hit)
132 silly packumentCache full:https://registry.npmjs.org/@typescript%2ftypescript-aix-ppc64 set size:6049 disposed:false
133 silly fetch manifest @typescript/typescript-darwin-x64@7.0.2
134 silly packumentCache full:https://registry.npmjs.org/@typescript%2ftypescript-darwin-x64 cache-miss
135 http cache https://registry.npmjs.org/rimraf 143ms (cache hit)
136 silly packumentCache full:https://registry.npmjs.org/rimraf set size:212626 disposed:false
137 silly fetch manifest @typescript/typescript-netbsd-x64@7.0.2
138 silly packumentCache full:https://registry.npmjs.org/@typescript%2ftypescript-netbsd-x64 cache-miss
139 http cache https://registry.npmjs.org/tree-kill 94ms (cache hit)
140 silly packumentCache full:https://registry.npmjs.org/tree-kill set size:24180 disposed:false
141 silly fetch manifest @typescript/typescript-freebsd-x64@7.0.2
142 silly packumentCache full:https://registry.npmjs.org/@typescript%2ftypescript-freebsd-x64 cache-miss
143 http cache https://registry.npmjs.org/@typescript%2ftypescript-linux-arm 12ms (cache hit)
144 silly packumentCache full:https://registry.npmjs.org/@typescript%2ftypescript-linux-arm set size:67261 disposed:false
145 silly fetch manifest @typescript/typescript-linux-arm64@7.0.2
146 silly packumentCache full:https://registry.npmjs.org/@typescript%2ftypescript-linux-arm64 cache-miss
147 http cache https://registry.npmjs.org/@typescript%2ftypescript-linux-x64 10ms (cache hit)
148 silly packumentCache full:https://registry.npmjs.org/@typescript%2ftypescript-linux-x64 set size:69101 disposed:false
149 silly fetch manifest @typescript/typescript-linux-ppc64@7.0.2
150 silly packumentCache full:https://registry.npmjs.org/@typescript%2ftypescript-linux-ppc64 cache-miss
151 http cache https://registry.npmjs.org/@typescript%2ftypescript-sunos-x64 10ms (cache hit)
152 silly packumentCache full:https://registry.npmjs.org/@typescript%2ftypescript-sunos-x64 set size:6046 disposed:false
153 silly fetch manifest @typescript/typescript-linux-s390x@7.0.2
154 silly packumentCache full:https://registry.npmjs.org/@typescript%2ftypescript-linux-s390x cache-miss
155 http cache https://registry.npmjs.org/@typescript%2ftypescript-freebsd-x64 5ms (cache hit)
156 silly packumentCache full:https://registry.npmjs.org/@typescript%2ftypescript-freebsd-x64 set size:6088 disposed:false
157 silly fetch manifest @typescript/typescript-openbsd-x64@7.0.2
158 silly packumentCache full:https://registry.npmjs.org/@typescript%2ftypescript-openbsd-x64 cache-miss
159 http cache https://registry.npmjs.org/@typescript%2ftypescript-win32-x64 9ms (cache hit)
160 silly packumentCache full:https://registry.npmjs.org/@typescript%2ftypescript-win32-x64 set size:67253 disposed:false
161 silly fetch manifest @typescript/typescript-win32-arm64@7.0.2
162 silly packumentCache full:https://registry.npmjs.org/@typescript%2ftypescript-win32-arm64 cache-miss
163 http cache https://registry.npmjs.org/@typescript%2ftypescript-darwin-x64 10ms (cache hit)
164 silly packumentCache full:https://registry.npmjs.org/@typescript%2ftypescript-darwin-x64 set size:67463 disposed:false
165 silly fetch manifest @typescript/typescript-darwin-arm64@7.0.2
166 silly packumentCache full:https://registry.npmjs.org/@typescript%2ftypescript-darwin-arm64 cache-miss
167 http cache https://registry.npmjs.org/@typescript%2ftypescript-linux-arm64 6ms (cache hit)
168 silly packumentCache full:https://registry.npmjs.org/@typescript%2ftypescript-linux-arm64 set size:69359 disposed:false
169 silly fetch manifest @typescript/typescript-netbsd-arm64@7.0.2
170 silly packumentCache full:https://registry.npmjs.org/@typescript%2ftypescript-netbsd-arm64 cache-miss
171 http cache https://registry.npmjs.org/@typescript%2ftypescript-netbsd-x64 9ms (cache hit)
172 silly packumentCache full:https://registry.npmjs.org/@typescript%2ftypescript-netbsd-x64 set size:6065 disposed:false
173 silly fetch manifest @typescript/typescript-freebsd-arm64@7.0.2
174 silly packumentCache full:https://registry.npmjs.org/@typescript%2ftypescript-freebsd-arm64 cache-miss
175 http cache https://registry.npmjs.org/@typescript%2ftypescript-openbsd-x64 8ms (cache hit)
176 silly packumentCache full:https://registry.npmjs.org/@typescript%2ftypescript-openbsd-x64 set size:6086 disposed:false
177 silly fetch manifest @typescript/typescript-linux-loong64@7.0.2
178 silly packumentCache full:https://registry.npmjs.org/@typescript%2ftypescript-linux-loong64 cache-miss
179 http cache https://registry.npmjs.org/@typescript%2ftypescript-linux-s390x 9ms (cache hit)
180 silly packumentCache full:https://registry.npmjs.org/@typescript%2ftypescript-linux-s390x set size:6086 disposed:false
181 silly fetch manifest @typescript/typescript-linux-riscv64@7.0.2
182 silly packumentCache full:https://registry.npmjs.org/@typescript%2ftypescript-linux-riscv64 cache-miss
183 http cache https://registry.npmjs.org/@typescript%2ftypescript-linux-ppc64 11ms (cache hit)
184 silly packumentCache full:https://registry.npmjs.org/@typescript%2ftypescript-linux-ppc64 set size:6087 disposed:false
185 silly fetch manifest @typescript/typescript-openbsd-arm64@7.0.2
186 silly packumentCache full:https://registry.npmjs.org/@typescript%2ftypescript-openbsd-arm64 cache-miss
187 http cache https://registry.npmjs.org/@typescript%2ftypescript-win32-arm64 9ms (cache hit)
188 silly packumentCache full:https://registry.npmjs.org/@typescript%2ftypescript-win32-arm64 set size:67672 disposed:false
189 silly fetch manifest @typescript/typescript-linux-mips64el@7.0.2
190 silly packumentCache full:https://registry.npmjs.org/@typescript%2ftypescript-linux-mips64el cache-miss
191 http cache https://registry.npmjs.org/@typescript%2ftypescript-netbsd-arm64 8ms (cache hit)
192 silly packumentCache full:https://registry.npmjs.org/@typescript%2ftypescript-netbsd-arm64 set size:6109 disposed:false
193 silly fetch manifest @typescript/typescript-darwin-arm64@7.0.2
194 silly packumentCache full:https://registry.npmjs.org/@typescript%2ftypescript-darwin-arm64 cache-miss
195 http cache https://registry.npmjs.org/@typescript%2ftypescript-darwin-arm64 10ms (cache hit)
196 silly packumentCache full:https://registry.npmjs.org/@typescript%2ftypescript-darwin-arm64 set size:68390 disposed:false
197 silly fetch manifest @typescript/typescript-freebsd-arm64@7.0.2
198 silly packumentCache full:https://registry.npmjs.org/@typescript%2ftypescript-freebsd-arm64 cache-miss
199 http cache https://registry.npmjs.org/@typescript%2ftypescript-freebsd-arm64 9ms (cache hit)
200 silly packumentCache full:https://registry.npmjs.org/@typescript%2ftypescript-freebsd-arm64 set size:6126 disposed:false
201 silly fetch manifest @typescript/typescript-linux-loong64@7.0.2
202 silly packumentCache full:https://registry.npmjs.org/@typescript%2ftypescript-linux-loong64 cache-miss
203 http cache https://registry.npmjs.org/@typescript%2ftypescript-linux-loong64 8ms (cache hit)
204 silly packumentCache full:https://registry.npmjs.org/@typescript%2ftypescript-linux-loong64 set size:6127 disposed:false
205 silly fetch manifest @typescript/typescript-linux-riscv64@7.0.2
206 silly packumentCache full:https://registry.npmjs.org/@typescript%2ftypescript-linux-riscv64 cache-miss
207 http cache https://registry.npmjs.org/@typescript%2ftypescript-linux-mips64el 7ms (cache hit)
208 silly packumentCache full:https://registry.npmjs.org/@typescript%2ftypescript-linux-mips64el set size:6146 disposed:false
209 silly fetch manifest @typescript/typescript-openbsd-arm64@7.0.2
210 silly packumentCache full:https://registry.npmjs.org/@typescript%2ftypescript-openbsd-arm64 cache-miss
211 http cache https://registry.npmjs.org/@typescript%2ftypescript-darwin-arm64 6ms (cache hit)
212 silly packumentCache full:https://registry.npmjs.org/@typescript%2ftypescript-darwin-arm64 set size:68390 disposed:false
213 silly packumentCache full:https://registry.npmjs.org/@typescript%2ftypescript-darwin-arm64 dispose
214 http cache https://registry.npmjs.org/@typescript%2ftypescript-openbsd-arm64 9ms (cache hit)
215 silly packumentCache full:https://registry.npmjs.org/@typescript%2ftypescript-openbsd-arm64 set size:6126 disposed:false
216 http cache https://registry.npmjs.org/@typescript%2ftypescript-freebsd-arm64 7ms (cache hit)
217 silly packumentCache full:https://registry.npmjs.org/@typescript%2ftypescript-freebsd-arm64 set size:6126 disposed:false
218 silly packumentCache full:https://registry.npmjs.org/@typescript%2ftypescript-freebsd-arm64 dispose
219 http cache https://registry.npmjs.org/@typescript%2ftypescript-linux-riscv64 9ms (cache hit)
220 silly packumentCache full:https://registry.npmjs.org/@typescript%2ftypescript-linux-riscv64 set size:6127 disposed:false
221 http cache https://registry.npmjs.org/@typescript%2ftypescript-linux-loong64 6ms (cache hit)
222 silly packumentCache full:https://registry.npmjs.org/@typescript%2ftypescript-linux-loong64 set size:6127 disposed:false
223 silly packumentCache full:https://registry.npmjs.org/@typescript%2ftypescript-linux-loong64 dispose
224 http cache https://registry.npmjs.org/@typescript%2ftypescript-linux-riscv64 4ms (cache hit)
225 silly packumentCache full:https://registry.npmjs.org/@typescript%2ftypescript-linux-riscv64 set size:6127 disposed:false
226 silly packumentCache full:https://registry.npmjs.org/@typescript%2ftypescript-linux-riscv64 dispose
227 http cache https://registry.npmjs.org/@typescript%2ftypescript-openbsd-arm64 3ms (cache hit)
228 silly packumentCache full:https://registry.npmjs.org/@typescript%2ftypescript-openbsd-arm64 set size:6126 disposed:false
229 silly packumentCache full:https://registry.npmjs.org/@typescript%2ftypescript-openbsd-arm64 dispose
230 silly placeDep ROOT @types/body-parser@1.19.6 OK for: @types/express@5.0.6 want: *
231 silly placeDep ROOT @types/express-serve-static-core@5.1.3 OK for: @types/express@5.0.6 want: ^5.0.0
232 silly placeDep ROOT @types/serve-static@2.2.0 OK for: @types/express@5.0.6 want: ^2
233 silly fetch manifest @types/connect@*
234 silly packumentCache full:https://registry.npmjs.org/@types%2fconnect cache-miss
235 silly fetch manifest @types/qs@*
236 silly packumentCache full:https://registry.npmjs.org/@types%2fqs cache-miss
237 silly fetch manifest @types/send@*
238 silly packumentCache full:https://registry.npmjs.org/@types%2fsend cache-miss
239 silly fetch manifest @types/range-parser@*
240 silly packumentCache full:https://registry.npmjs.org/@types%2frange-parser cache-miss
241 silly fetch manifest @types/http-errors@*
242 silly packumentCache full:https://registry.npmjs.org/@types%2fhttp-errors cache-miss
243 http cache https://registry.npmjs.org/@types%2fconnect 6ms (cache hit)
244 silly packumentCache full:https://registry.npmjs.org/@types%2fconnect set size:31512 disposed:false
245 http cache https://registry.npmjs.org/@types%2fqs 6ms (cache hit)
246 silly packumentCache full:https://registry.npmjs.org/@types%2fqs set size:84522 disposed:false
247 http cache https://registry.npmjs.org/@types%2fsend 9ms (cache hit)
248 silly packumentCache full:https://registry.npmjs.org/@types%2fsend set size:29985 disposed:false
249 http cache https://registry.npmjs.org/@types%2fhttp-errors 10ms (cache hit)
250 silly packumentCache full:https://registry.npmjs.org/@types%2fhttp-errors set size:48994 disposed:false
251 http cache https://registry.npmjs.org/@types%2frange-parser 10ms (cache hit)
252 silly packumentCache full:https://registry.npmjs.org/@types%2frange-parser set size:15278 disposed:false
253 silly placeDep ROOT @types/connect@3.4.38 OK for: @types/body-parser@1.19.6 want: *
254 silly placeDep ROOT @types/qs@6.15.1 OK for: @types/express-serve-static-core@5.1.3 want: *
255 silly placeDep ROOT @types/range-parser@1.2.7 OK for: @types/express-serve-static-core@5.1.3 want: *
256 silly placeDep ROOT @types/send@1.2.1 OK for: @types/express-serve-static-core@5.1.3 want: *
257 silly placeDep ROOT @types/http-errors@2.0.5 OK for: @types/serve-static@2.2.0 want: *
258 silly fetch manifest @types/react@^18.0.0 || ^19.0.0
259 silly packumentCache full:https://registry.npmjs.org/@types%2freact cache-miss
260 http cache https://registry.npmjs.org/@types%2freact 8ms (cache hit)
261 silly packumentCache full:https://registry.npmjs.org/@types%2freact set size:2637439 disposed:false
262 silly fetch manifest react@^18.0.0 || ^19.0.0
263 silly packumentCache full:https://registry.npmjs.org/react cache-miss
264 http cache https://registry.npmjs.org/react 10ms (cache hit)
265 silly packumentCache full:https://registry.npmjs.org/react set size:6863945 disposed:false
266 silly fetch manifest react-dom@^18.0.0 || ^19.0.0
267 silly packumentCache full:https://registry.npmjs.org/react-dom cache-miss
268 http cache https://registry.npmjs.org/react-dom 19ms (cache hit)
269 silly packumentCache full:https://registry.npmjs.org/react-dom set size:9214049 disposed:false
270 silly placeDep ROOT @prisma/config@7.9.1 OK for: prisma@7.9.1 want: 7.9.1
271 silly placeDep ROOT @prisma/dev@0.24.17 OK for: prisma@7.9.1 want: 0.24.17
272 silly placeDep ROOT @prisma/engines@7.9.1 OK for: prisma@7.9.1 want: 7.9.1
273 silly placeDep ROOT @prisma/studio-core@0.33.0 OK for: prisma@7.9.1 want: 0.33.0
274 silly placeDep ROOT @types/react@19.2.18 OK for: @prisma/studio-core@0.33.0 want: ^18.0.0 || ^19.0.0
275 silly placeDep ROOT react@19.2.8 OK for: @prisma/studio-core@0.33.0 want: ^18.0.0 || ^19.0.0
276 silly placeDep ROOT react-dom@19.2.8 OK for: @prisma/studio-core@0.33.0 want: ^18.0.0 || ^19.0.0
277 silly placeDep ROOT mysql2@3.15.3 OK for: prisma@7.9.1 want: 3.15.3
278 silly placeDep ROOT postgres@3.4.7 OK for: prisma@7.9.1 want: 3.4.7
279 silly fetch manifest c12@3.3.4
280 silly packumentCache full:https://registry.npmjs.org/c12 cache-miss
281 silly fetch manifest effect@3.20.0
282 silly packumentCache full:https://registry.npmjs.org/effect cache-miss
283 silly fetch manifest empathic@2.0.0
284 silly packumentCache full:https://registry.npmjs.org/empathic cache-miss
285 silly fetch manifest deepmerge-ts@7.1.5
286 silly packumentCache full:https://registry.npmjs.org/deepmerge-ts cache-miss
287 silly fetch manifest pathe@2.0.3
288 silly packumentCache full:https://registry.npmjs.org/pathe cache-miss
289 silly fetch manifest remeda@2.33.4
290 silly packumentCache full:https://registry.npmjs.org/remeda cache-miss
291 silly fetch manifest std-env@3.10.0
292 silly packumentCache full:https://registry.npmjs.org/std-env cache-miss
293 http cache https://registry.npmjs.org/empathic 4ms (cache hit)
294 silly packumentCache full:https://registry.npmjs.org/empathic set size:20342 disposed:false
295 silly fetch manifest valibot@1.4.2
296 silly packumentCache full:https://registry.npmjs.org/valibot cache-miss
297 http cache https://registry.npmjs.org/deepmerge-ts 5ms (cache hit)
298 silly packumentCache full:https://registry.npmjs.org/deepmerge-ts set size:334522 disposed:false
299 silly fetch manifest zeptomatch@2.1.0
300 silly packumentCache full:https://registry.npmjs.org/zeptomatch cache-miss
301 http cache https://registry.npmjs.org/c12 11ms (cache hit)
302 silly packumentCache full:https://registry.npmjs.org/c12 set size:188644 disposed:false
303 silly fetch manifest find-my-way@9.7.0
304 silly packumentCache full:https://registry.npmjs.org/find-my-way cache-miss
305 http cache https://registry.npmjs.org/pathe 11ms (cache hit)
306 silly packumentCache full:https://registry.npmjs.org/pathe set size:68788 disposed:false
307 silly fetch manifest get-port-please@3.2.0
308 silly packumentCache full:https://registry.npmjs.org/get-port-please cache-miss
309 http cache https://registry.npmjs.org/effect 22ms (cache hit)
310 silly packumentCache full:https://registry.npmjs.org/effect set size:10288072 disposed:false
311 silly fetch manifest proper-lockfile@4.1.2
312 silly packumentCache full:https://registry.npmjs.org/proper-lockfile cache-miss
313 http cache https://registry.npmjs.org/std-env 72ms (cache hit)
314 silly packumentCache full:https://registry.npmjs.org/std-env set size:90491 disposed:false
315 silly fetch manifest foreground-child@3.3.1
316 silly packumentCache full:https://registry.npmjs.org/foreground-child cache-miss
317 http cache https://registry.npmjs.org/remeda 74ms (cache hit)
318 silly packumentCache full:https://registry.npmjs.org/remeda set size:807125 disposed:false
319 silly fetch manifest @electric-sql/pglite@0.4.3
320 silly packumentCache full:https://registry.npmjs.org/@electric-sql%2fpglite cache-miss
321 http cache https://registry.npmjs.org/valibot 82ms (cache hit)
322 silly packumentCache full:https://registry.npmjs.org/valibot set size:258931 disposed:false
323 silly fetch manifest @prisma/get-platform@7.2.0
324 silly packumentCache full:https://registry.npmjs.org/@prisma%2fget-platform cache-miss
325 http cache https://registry.npmjs.org/foreground-child 16ms (cache hit)
326 silly packumentCache full:https://registry.npmjs.org/foreground-child set size:71503 disposed:false
327 silly fetch manifest @prisma/streams-local@0.1.11
328 silly packumentCache full:https://registry.npmjs.org/@prisma%2fstreams-local cache-miss
329 http cache https://registry.npmjs.org/zeptomatch 81ms (cache hit)
330 silly packumentCache full:https://registry.npmjs.org/zeptomatch set size:30766 disposed:false
331 silly fetch manifest @electric-sql/pglite-tools@0.3.3
332 silly packumentCache full:https://registry.npmjs.org/@electric-sql%2fpglite-tools cache-miss
333 http cache https://registry.npmjs.org/@electric-sql%2fpglite 8ms (cache hit)
334 silly packumentCache full:https://registry.npmjs.org/@electric-sql%2fpglite set size:344589 disposed:false
335 silly fetch manifest @electric-sql/pglite-socket@0.1.3
336 silly packumentCache full:https://registry.npmjs.org/@electric-sql%2fpglite-socket cache-miss
337 http cache https://registry.npmjs.org/proper-lockfile 22ms (cache hit)
338 silly packumentCache full:https://registry.npmjs.org/proper-lockfile set size:82421 disposed:false
339 silly fetch manifest @prisma/query-plan-executor@7.2.0
340 silly packumentCache full:https://registry.npmjs.org/@prisma%2fquery-plan-executor cache-miss
341 http cache https://registry.npmjs.org/find-my-way 85ms (cache hit)
342 silly packumentCache full:https://registry.npmjs.org/find-my-way set size:338080 disposed:false
343 silly fetch manifest @prisma/debug@7.9.1
344 silly packumentCache full:https://registry.npmjs.org/@prisma%2fdebug cache-miss
345 http cache https://registry.npmjs.org/get-port-please 86ms (cache hit)
346 silly packumentCache full:https://registry.npmjs.org/get-port-please set size:58285 disposed:false
347 silly fetch manifest @prisma/fetch-engine@7.9.1
348 silly packumentCache full:https://registry.npmjs.org/@prisma%2ffetch-engine cache-miss
349 http cache https://registry.npmjs.org/@prisma%2fstreams-local 15ms (cache hit)
350 silly packumentCache full:https://registry.npmjs.org/@prisma%2fstreams-local set size:32950 disposed:false
351 silly fetch manifest @prisma/get-platform@7.9.1
352 silly packumentCache full:https://registry.npmjs.org/@prisma%2fget-platform cache-miss
353 http cache https://registry.npmjs.org/@prisma%2fquery-plan-executor 16ms (cache hit)
354 silly packumentCache full:https://registry.npmjs.org/@prisma%2fquery-plan-executor set size:1827848 disposed:false
355 silly fetch manifest @prisma/engines-version@7.9.0-1.e922089b7d7502aff4249d5da3420f6fa55fc6ad
356 silly packumentCache full:https://registry.npmjs.org/@prisma%2fengines-version cache-miss
357 http cache https://registry.npmjs.org/@electric-sql%2fpglite-socket 42ms (cache hit)
358 silly packumentCache full:https://registry.npmjs.org/@electric-sql%2fpglite-socket set size:117381 disposed:false
359 silly fetch manifest @radix-ui/react-toggle@1.1.10
360 silly packumentCache full:https://registry.npmjs.org/@radix-ui%2freact-toggle cache-miss
361 http cache https://registry.npmjs.org/@prisma%2fget-platform 75ms (cache hit)
362 silly packumentCache full:https://registry.npmjs.org/@prisma%2fget-platform set size:28570750 disposed:false
363 silly fetch manifest @visx/curve@4.0.1-alpha.0
364 silly packumentCache full:https://registry.npmjs.org/@visx%2fcurve cache-miss
365 http cache https://registry.npmjs.org/@prisma%2fdebug 196ms (cache hit)
366 silly packumentCache full:https://registry.npmjs.org/@prisma%2fdebug set size:28880520 disposed:false
367 silly fetch manifest @visx/event@4.0.1-alpha.0
368 silly packumentCache full:https://registry.npmjs.org/@visx%2fevent cache-miss
369 http cache https://registry.npmjs.org/@prisma%2ffetch-engine 345ms (cache hit)
370 silly packumentCache full:https://registry.npmjs.org/@prisma%2ffetch-engine set size:32482255 disposed:false
371 silly fetch manifest @visx/grid@4.0.1-alpha.0
372 silly packumentCache full:https://registry.npmjs.org/@visx%2fgrid cache-miss
373 http cache https://registry.npmjs.org/@electric-sql%2fpglite-tools 437ms (cache hit)
374 silly packumentCache full:https://registry.npmjs.org/@electric-sql%2fpglite-tools set size:94133 disposed:false
375 silly fetch manifest @visx/group@4.0.1-alpha.0
376 silly packumentCache full:https://registry.npmjs.org/@visx%2fgroup cache-miss
377 http cache https://registry.npmjs.org/@radix-ui%2freact-toggle 404ms (cache hit)
378 silly packumentCache full:https://registry.npmjs.org/@radix-ui%2freact-toggle set size:806860 disposed:false
379 silly fetch manifest @visx/responsive@4.0.1-alpha.0
380 silly packumentCache full:https://registry.npmjs.org/@visx%2fresponsive cache-miss
381 http cache https://registry.npmjs.org/@prisma%2fget-platform 470ms (cache hit)
382 silly packumentCache full:https://registry.npmjs.org/@prisma%2fget-platform set size:28570750 disposed:false
383 silly fetch manifest @visx/scale@4.0.1-alpha.0
384 silly packumentCache full:https://registry.npmjs.org/@visx%2fscale cache-miss
385 http cache https://registry.npmjs.org/@visx%2fgroup 140ms (cache hit)
386 silly packumentCache full:https://registry.npmjs.org/@visx%2fgroup set size:74664 disposed:false
387 silly fetch manifest @visx/shape@4.0.1-alpha.0
388 silly packumentCache full:https://registry.npmjs.org/@visx%2fshape cache-miss
389 http cache https://registry.npmjs.org/@prisma%2fengines-version 542ms (cache hit)
390 silly packumentCache full:https://registry.npmjs.org/@prisma%2fengines-version set size:9946667 disposed:false
391 silly fetch manifest d3-array@3.2.4
392 silly packumentCache full:https://registry.npmjs.org/d3-array cache-miss
393 http cache https://registry.npmjs.org/@visx%2fcurve 443ms (cache hit)
394 silly packumentCache full:https://registry.npmjs.org/@visx%2fcurve set size:56664 disposed:false
395 silly fetch manifest d3-shape@3.2.0
396 silly packumentCache full:https://registry.npmjs.org/d3-shape cache-miss
397 http cache https://registry.npmjs.org/@visx%2fgrid 186ms (cache hit)
398 silly packumentCache full:https://registry.npmjs.org/@visx%2fgrid set size:142211 disposed:false
399 silly fetch manifest elkjs@0.11.1
400 silly packumentCache full:https://registry.npmjs.org/elkjs cache-miss
401 http cache https://registry.npmjs.org/@visx%2fevent 307ms (cache hit)
402 silly packumentCache full:https://registry.npmjs.org/@visx%2fevent set size:67383 disposed:false
403 silly fetch manifest scheduler@^0.27.0
404 silly packumentCache full:https://registry.npmjs.org/scheduler cache-miss
405 http cache https://registry.npmjs.org/@visx%2fresponsive 171ms (cache hit)
406 silly packumentCache full:https://registry.npmjs.org/@visx%2fresponsive set size:117776 disposed:false
407 silly fetch manifest csstype@^3.2.2
408 silly packumentCache full:https://registry.npmjs.org/csstype cache-miss
409 http cache https://registry.npmjs.org/@visx%2fscale 53ms (cache hit)
410 silly packumentCache full:https://registry.npmjs.org/@visx%2fscale set size:88572 disposed:false
411 silly fetch manifest long@^5.2.1
412 silly packumentCache full:https://registry.npmjs.org/long cache-miss
413 http cache https://registry.npmjs.org/@visx%2fshape 56ms (cache hit)
414 silly packumentCache full:https://registry.npmjs.org/@visx%2fshape set size:137497 disposed:false
415 silly fetch manifest denque@^2.1.0
416 silly packumentCache full:https://registry.npmjs.org/denque cache-miss
417 http cache https://registry.npmjs.org/d3-shape 15ms (cache hit)
418 silly packumentCache full:https://registry.npmjs.org/d3-shape set size:275657 disposed:false
419 silly fetch manifest lru.min@^1.0.0
420 silly packumentCache full:https://registry.npmjs.org/lru.min cache-miss
421 http cache https://registry.npmjs.org/d3-array 22ms (cache hit)
422 silly packumentCache full:https://registry.npmjs.org/d3-array set size:246308 disposed:false
423 silly fetch manifest seq-queue@^0.0.5
424 silly packumentCache full:https://registry.npmjs.org/seq-queue cache-miss
425 http cache https://registry.npmjs.org/elkjs 18ms (cache hit)
426 silly packumentCache full:https://registry.npmjs.org/elkjs set size:90830 disposed:false
427 silly fetch manifest sqlstring@^2.3.2
428 silly packumentCache full:https://registry.npmjs.org/sqlstring cache-miss
429 http cache https://registry.npmjs.org/scheduler 25ms (cache hit)
430 silly packumentCache full:https://registry.npmjs.org/scheduler set size:5667500 disposed:false
431 silly fetch manifest aws-ssl-profiles@^1.1.1
432 silly packumentCache full:https://registry.npmjs.org/aws-ssl-profiles cache-miss
433 http cache https://registry.npmjs.org/long 57ms (cache hit)
434 silly packumentCache full:https://registry.npmjs.org/long set size:80704 disposed:false
435 silly fetch manifest generate-function@^2.3.1
436 silly packumentCache full:https://registry.npmjs.org/generate-function cache-miss
437 http cache https://registry.npmjs.org/denque 53ms (cache hit)
438 silly packumentCache full:https://registry.npmjs.org/denque set size:62908 disposed:false
439 silly fetch manifest named-placeholders@^1.1.3
440 silly packumentCache full:https://registry.npmjs.org/named-placeholders cache-miss
441 http cache https://registry.npmjs.org/lru.min 51ms (cache hit)
442 silly packumentCache full:https://registry.npmjs.org/lru.min set size:51593 disposed:false
443 http cache https://registry.npmjs.org/csstype 61ms (cache hit)
444 silly packumentCache full:https://registry.npmjs.org/csstype set size:274189 disposed:false
445 http cache https://registry.npmjs.org/seq-queue 51ms (cache hit)
446 silly packumentCache full:https://registry.npmjs.org/seq-queue set size:10958 disposed:false
447 http cache https://registry.npmjs.org/sqlstring 51ms (cache hit)
448 silly packumentCache full:https://registry.npmjs.org/sqlstring set size:31678 disposed:false
449 http cache https://registry.npmjs.org/aws-ssl-profiles 22ms (cache hit)
450 silly packumentCache full:https://registry.npmjs.org/aws-ssl-profiles set size:13721 disposed:false
451 http cache https://registry.npmjs.org/named-placeholders 4ms (cache hit)
452 silly packumentCache full:https://registry.npmjs.org/named-placeholders set size:20384 disposed:false
453 http cache https://registry.npmjs.org/generate-function 6ms (cache hit)
454 silly packumentCache full:https://registry.npmjs.org/generate-function set size:22290 disposed:false
455 silly fetch manifest magicast@*
456 silly packumentCache full:https://registry.npmjs.org/magicast cache-miss
457 http cache https://registry.npmjs.org/magicast 2ms (cache hit)
458 silly packumentCache full:https://registry.npmjs.org/magicast set size:87467 disposed:false
459 silly placeDep ROOT c12@3.3.4 OK for: @prisma/config@7.9.1 want: 3.3.4
460 silly placeDep ROOT deepmerge-ts@7.1.5 OK for: @prisma/config@7.9.1 want: 7.1.5
461 silly placeDep ROOT effect@3.20.0 OK for: @prisma/config@7.9.1 want: 3.20.0
462 silly placeDep ROOT empathic@2.0.0 OK for: @prisma/config@7.9.1 want: 2.0.0
463 silly fetch manifest rc9@^3.0.1
464 silly packumentCache full:https://registry.npmjs.org/rc9 cache-miss
465 silly fetch manifest defu@^6.1.6
466 silly packumentCache full:https://registry.npmjs.org/defu cache-miss
467 silly fetch manifest jiti@^2.6.1
468 silly packumentCache full:https://registry.npmjs.org/jiti cache-miss
469 silly fetch manifest giget@^3.2.0
470 silly packumentCache full:https://registry.npmjs.org/giget cache-miss
471 silly fetch manifest ohash@^2.0.11
472 silly packumentCache full:https://registry.npmjs.org/ohash cache-miss
473 silly fetch manifest pathe@^2.0.3
474 silly packumentCache full:https://registry.npmjs.org/pathe cache-hit
475 silly fetch manifest confbox@^0.2.4
476 silly packumentCache full:https://registry.npmjs.org/confbox cache-miss
477 silly fetch manifest exsolve@^1.0.8
478 silly packumentCache full:https://registry.npmjs.org/exsolve cache-miss
479 http cache https://registry.npmjs.org/rc9 19ms (cache hit)
480 silly packumentCache full:https://registry.npmjs.org/rc9 set size:62610 disposed:false
481 silly fetch manifest chokidar@^5.0.0
482 silly packumentCache full:https://registry.npmjs.org/chokidar cache-hit
483 silly fetch manifest pkg-types@^2.3.0
484 silly packumentCache full:https://registry.npmjs.org/pkg-types cache-miss
485 http cache https://registry.npmjs.org/ohash 18ms (cache hit)
486 silly packumentCache full:https://registry.npmjs.org/ohash set size:69122 disposed:false
487 silly fetch manifest perfect-debounce@^2.1.0
488 silly packumentCache full:https://registry.npmjs.org/perfect-debounce cache-miss
489 http cache https://registry.npmjs.org/giget 19ms (cache hit)
490 silly packumentCache full:https://registry.npmjs.org/giget set size:102437 disposed:false
491 silly fetch manifest fast-check@^3.23.1
492 silly packumentCache full:https://registry.npmjs.org/fast-check cache-miss
493 http cache https://registry.npmjs.org/exsolve 19ms (cache hit)
494 silly packumentCache full:https://registry.npmjs.org/exsolve set size:60813 disposed:false
495 silly fetch manifest @standard-schema/spec@^1.0.0
496 silly packumentCache full:https://registry.npmjs.org/@standard-schema%2fspec cache-miss
497 http cache https://registry.npmjs.org/confbox 19ms (cache hit)
498 silly packumentCache full:https://registry.npmjs.org/confbox set size:44789 disposed:false
499 http cache https://registry.npmjs.org/jiti 22ms (cache hit)
500 silly packumentCache full:https://registry.npmjs.org/jiti set size:387989 disposed:false
501 http cache https://registry.npmjs.org/defu 25ms (cache hit)
502 silly packumentCache full:https://registry.npmjs.org/defu set size:87806 disposed:false
503 http cache https://registry.npmjs.org/@standard-schema%2fspec 6ms (cache hit)
504 silly packumentCache full:https://registry.npmjs.org/@standard-schema%2fspec set size:27284 disposed:false
505 http cache https://registry.npmjs.org/perfect-debounce 8ms (cache hit)
506 silly packumentCache full:https://registry.npmjs.org/perfect-debounce set size:28201 disposed:false
507 http cache https://registry.npmjs.org/pkg-types 9ms (cache hit)
508 silly packumentCache full:https://registry.npmjs.org/pkg-types set size:90685 disposed:false
509 http cache https://registry.npmjs.org/fast-check 9ms (cache hit)
510 silly packumentCache full:https://registry.npmjs.org/fast-check set size:902374 disposed:false
511 silly fetch manifest typescript@>=5
512 silly packumentCache full:https://registry.npmjs.org/typescript cache-miss
513 http cache https://registry.npmjs.org/typescript 16ms (cache hit)
514 silly packumentCache full:https://registry.npmjs.org/typescript set size:15513951 disposed:false
515 silly placeDep ROOT @electric-sql/pglite@0.4.3 OK for: @prisma/dev@0.24.17 want: 0.4.3
516 silly placeDep ROOT @electric-sql/pglite-socket@0.1.3 OK for: @prisma/dev@0.24.17 want: 0.1.3
517 silly placeDep ROOT @electric-sql/pglite-tools@0.3.3 OK for: @prisma/dev@0.24.17 want: 0.3.3
518 silly placeDep ROOT @prisma/get-platform@7.2.0 OK for: @prisma/dev@0.24.17 want: 7.2.0
519 silly placeDep ROOT @prisma/query-plan-executor@7.2.0 OK for: @prisma/dev@0.24.17 want: 7.2.0
520 silly placeDep ROOT @prisma/streams-local@0.1.11 OK for: @prisma/dev@0.24.17 want: 0.1.11
521 silly placeDep ROOT find-my-way@9.7.0 OK for: @prisma/dev@0.24.17 want: 9.7.0
522 silly placeDep ROOT foreground-child@3.3.1 OK for: @prisma/dev@0.24.17 want: 3.3.1
523 silly placeDep ROOT get-port-please@3.2.0 OK for: @prisma/dev@0.24.17 want: 3.2.0
524 silly placeDep ROOT pathe@2.0.3 OK for: @prisma/dev@0.24.17 want: 2.0.3
525 silly placeDep ROOT proper-lockfile@4.1.2 OK for: @prisma/dev@0.24.17 want: 4.1.2
526 silly placeDep ROOT remeda@2.33.4 OK for: @prisma/dev@0.24.17 want: 2.33.4
527 silly placeDep ROOT std-env@3.10.0 OK for: @prisma/dev@0.24.17 want: 3.10.0
528 silly placeDep ROOT valibot@1.4.2 OK for: @prisma/dev@0.24.17 want: 1.4.2
529 silly placeDep ROOT zeptomatch@2.1.0 OK for: @prisma/dev@0.24.17 want: 2.1.0
530 silly fetch manifest @prisma/debug@7.2.0
531 silly packumentCache full:https://registry.npmjs.org/@prisma%2fdebug cache-miss
532 silly fetch manifest ajv@^8.12.0
533 silly packumentCache full:https://registry.npmjs.org/ajv cache-miss
534 silly fetch manifest better-result@^2.7.0
535 silly packumentCache full:https://registry.npmjs.org/better-result cache-miss
536 silly fetch manifest env-paths@^3.0.0
537 silly packumentCache full:https://registry.npmjs.org/env-paths cache-miss
538 silly fetch manifest proper-lockfile@^4.1.2
539 silly packumentCache full:https://registry.npmjs.org/proper-lockfile cache-hit
540 silly fetch manifest fast-deep-equal@^3.1.3
541 silly packumentCache full:https://registry.npmjs.org/fast-deep-equal cache-miss
542 silly fetch manifest fast-querystring@^1.0.0
543 silly packumentCache full:https://registry.npmjs.org/fast-querystring cache-miss
544 silly fetch manifest safe-regex2@^5.0.0
545 silly packumentCache full:https://registry.npmjs.org/safe-regex2 cache-miss
546 http cache https://registry.npmjs.org/env-paths 4ms (cache hit)
547 silly packumentCache full:https://registry.npmjs.org/env-paths set size:26913 disposed:false
548 silly fetch manifest cross-spawn@^7.0.6
549 silly packumentCache full:https://registry.npmjs.org/cross-spawn cache-miss
550 http cache https://registry.npmjs.org/fast-deep-equal 6ms (cache hit)
551 silly packumentCache full:https://registry.npmjs.org/fast-deep-equal set size:48634 disposed:false
552 silly fetch manifest signal-exit@^4.0.1
553 silly packumentCache full:https://registry.npmjs.org/signal-exit cache-miss
554 http cache https://registry.npmjs.org/safe-regex2 6ms (cache hit)
555 silly packumentCache full:https://registry.npmjs.org/safe-regex2 set size:24611 disposed:false
556 silly fetch manifest graceful-fs@^4.2.4
557 silly packumentCache full:https://registry.npmjs.org/graceful-fs cache-miss
558 http cache https://registry.npmjs.org/better-result 8ms (cache hit)
559 silly packumentCache full:https://registry.npmjs.org/better-result set size:84410 disposed:false
560 silly fetch manifest retry@^0.12.0
561 silly packumentCache full:https://registry.npmjs.org/retry cache-miss
562 http cache https://registry.npmjs.org/fast-querystring 9ms (cache hit)
563 silly packumentCache full:https://registry.npmjs.org/fast-querystring set size:68476 disposed:false
564 silly fetch manifest signal-exit@^3.0.2
565 silly packumentCache full:https://registry.npmjs.org/signal-exit cache-miss
566 http cache https://registry.npmjs.org/@prisma%2fdebug 32ms (cache hit)
567 silly packumentCache full:https://registry.npmjs.org/@prisma%2fdebug set size:28880520 disposed:false
568 silly fetch manifest grammex@^3.1.11
569 silly packumentCache full:https://registry.npmjs.org/grammex cache-miss
570 http cache https://registry.npmjs.org/ajv 126ms (cache hit)
571 silly packumentCache full:https://registry.npmjs.org/ajv set size:1142658 disposed:false
572 silly fetch manifest graphmatch@^1.1.0
573 silly packumentCache full:https://registry.npmjs.org/graphmatch cache-miss
574 http cache https://registry.npmjs.org/signal-exit 125ms (cache hit)
575 silly packumentCache full:https://registry.npmjs.org/signal-exit set size:53489 disposed:false
576 http cache https://registry.npmjs.org/cross-spawn 128ms (cache hit)
577 silly packumentCache full:https://registry.npmjs.org/cross-spawn set size:109066 disposed:false
578 http cache https://registry.npmjs.org/graceful-fs 127ms (cache hit)
579 silly packumentCache full:https://registry.npmjs.org/graceful-fs set size:124285 disposed:false
580 http cache https://registry.npmjs.org/signal-exit 125ms (cache hit)
581 silly packumentCache full:https://registry.npmjs.org/signal-exit set size:53489 disposed:false
582 silly packumentCache full:https://registry.npmjs.org/signal-exit dispose
583 http cache https://registry.npmjs.org/retry 126ms (cache hit)
584 silly packumentCache full:https://registry.npmjs.org/retry set size:31161 disposed:false
585 http cache https://registry.npmjs.org/grammex 11ms (cache hit)
586 silly packumentCache full:https://registry.npmjs.org/grammex set size:50124 disposed:false
587 http cache https://registry.npmjs.org/graphmatch 6ms (cache hit)
588 silly packumentCache full:https://registry.npmjs.org/graphmatch set size:13700 disposed:false
589 silly placeDep ROOT @prisma/debug@7.9.1 OK for: @prisma/engines@7.9.1 want: 7.9.1
590 silly placeDep ROOT @prisma/engines-version@7.9.0-1.e922089b7d7502aff4249d5da3420f6fa55fc6ad OK for: @prisma/engines@7.9.1 want: 7.9.0-1.e922089b7d7502aff4249d5da3420f6fa55fc6ad
591 silly placeDep ROOT @prisma/fetch-engine@7.9.1 OK for: @prisma/engines@7.9.1 want: 7.9.1
592 silly placeDep node_modules/@prisma/engines @prisma/get-platform@7.9.1 OK for: @prisma/engines@7.9.1 want: 7.9.1
593 silly placeDep node_modules/@prisma/fetch-engine @prisma/get-platform@7.9.1 OK for: @prisma/fetch-engine@7.9.1 want: 7.9.1
594 silly placeDep node_modules/@prisma/get-platform @prisma/debug@7.2.0 OK for: @prisma/get-platform@7.2.0 want: 7.2.0
595 silly placeDep ROOT ajv@8.20.0 OK for: @prisma/streams-local@0.1.11 want: ^8.12.0
596 silly placeDep ROOT better-result@2.10.0 OK for: @prisma/streams-local@0.1.11 want: ^2.7.0
597 silly placeDep ROOT env-paths@3.0.0 OK for: @prisma/streams-local@0.1.11 want: ^3.0.0
598 silly fetch manifest fast-uri@^3.0.1
599 silly packumentCache full:https://registry.npmjs.org/fast-uri cache-miss
600 silly fetch manifest json-schema-traverse@^1.0.0
601 silly packumentCache full:https://registry.npmjs.org/json-schema-traverse cache-miss
602 silly fetch manifest require-from-string@^2.0.2
603 silly packumentCache full:https://registry.npmjs.org/require-from-string cache-miss
604 http cache https://registry.npmjs.org/json-schema-traverse 2ms (cache hit)
605 silly packumentCache full:https://registry.npmjs.org/json-schema-traverse set size:23537 disposed:false
606 http cache https://registry.npmjs.org/fast-uri 2ms (cache hit)
607 silly packumentCache full:https://registry.npmjs.org/fast-uri set size:91614 disposed:false
608 http cache https://registry.npmjs.org/require-from-string 3ms (cache hit)
609 silly packumentCache full:https://registry.npmjs.org/require-from-string set size:15128 disposed:false
610 silly fetch manifest @types/react-dom@*
611 silly packumentCache full:https://registry.npmjs.org/@types%2freact-dom cache-miss
612 http cache https://registry.npmjs.org/@types%2freact-dom 3ms (cache hit)
613 silly packumentCache full:https://registry.npmjs.org/@types%2freact-dom set size:432855 disposed:false
614 silly placeDep ROOT @radix-ui/react-toggle@1.1.10 OK for: @prisma/studio-core@0.33.0 want: 1.1.10
615 silly placeDep ROOT @visx/curve@4.0.1-alpha.0 OK for: @prisma/studio-core@0.33.0 want: 4.0.1-alpha.0
616 silly placeDep ROOT @visx/event@4.0.1-alpha.0 OK for: @prisma/studio-core@0.33.0 want: 4.0.1-alpha.0
617 silly placeDep ROOT @visx/grid@4.0.1-alpha.0 OK for: @prisma/studio-core@0.33.0 want: 4.0.1-alpha.0
618 silly placeDep ROOT @visx/group@4.0.1-alpha.0 OK for: @prisma/studio-core@0.33.0 want: 4.0.1-alpha.0
619 silly placeDep ROOT @visx/responsive@4.0.1-alpha.0 OK for: @prisma/studio-core@0.33.0 want: 4.0.1-alpha.0
620 silly placeDep ROOT @visx/scale@4.0.1-alpha.0 OK for: @prisma/studio-core@0.33.0 want: 4.0.1-alpha.0
621 silly placeDep ROOT @visx/shape@4.0.1-alpha.0 OK for: @prisma/studio-core@0.33.0 want: 4.0.1-alpha.0
622 silly placeDep ROOT d3-array@3.2.4 OK for: @prisma/studio-core@0.33.0 want: 3.2.4
623 silly placeDep ROOT d3-shape@3.2.0 OK for: @prisma/studio-core@0.33.0 want: 3.2.0
624 silly placeDep ROOT elkjs@0.11.1 OK for: @prisma/studio-core@0.33.0 want: 0.11.1
625 silly fetch manifest @radix-ui/primitive@1.1.3
626 silly packumentCache full:https://registry.npmjs.org/@radix-ui%2fprimitive cache-miss
627 silly fetch manifest @radix-ui/react-primitive@2.1.3
628 silly packumentCache full:https://registry.npmjs.org/@radix-ui%2freact-primitive cache-miss
629 silly fetch manifest @radix-ui/react-use-controllable-state@1.2.2
630 silly packumentCache full:https://registry.npmjs.org/@radix-ui%2freact-use-controllable-state cache-miss
631 silly fetch manifest @visx/vendor@4.0.0-alpha.0
632 silly packumentCache full:https://registry.npmjs.org/@visx%2fvendor cache-miss
633 silly fetch manifest @visx/point@4.0.1-alpha.0
634 silly packumentCache full:https://registry.npmjs.org/@visx%2fpoint cache-miss
635 silly fetch manifest classnames@^2.3.1
636 silly packumentCache full:https://registry.npmjs.org/classnames cache-miss
637 silly fetch manifest @visx/point@4.0.1-alpha.0
638 silly packumentCache full:https://registry.npmjs.org/@visx%2fpoint cache-miss
639 http cache https://registry.npmjs.org/@radix-ui%2fprimitive 21ms (cache hit)
640 silly packumentCache full:https://registry.npmjs.org/@radix-ui%2fprimitive set size:210937 disposed:false
641 silly fetch manifest classnames@^2.3.1
642 silly packumentCache full:https://registry.npmjs.org/classnames cache-miss
643 http cache https://registry.npmjs.org/@radix-ui%2freact-primitive 24ms (cache hit)
644 silly packumentCache full:https://registry.npmjs.org/@radix-ui%2freact-primitive set size:724066 disposed:false
645 silly fetch manifest @types/lodash@^4.17.13
646 silly packumentCache full:https://registry.npmjs.org/@types%2flodash cache-miss
647 http cache https://registry.npmjs.org/@visx%2fpoint 27ms (cache hit)
648 silly packumentCache full:https://registry.npmjs.org/@visx%2fpoint set size:55895 disposed:false
649 silly fetch manifest @visx/vendor@4.0.0-alpha.0
650 silly packumentCache full:https://registry.npmjs.org/@visx%2fvendor cache-miss
651 http cache https://registry.npmjs.org/classnames 26ms (cache hit)
652 silly packumentCache full:https://registry.npmjs.org/classnames set size:63028 disposed:false
653 silly fetch manifest @visx/vendor@4.0.0-alpha.0
654 silly packumentCache full:https://registry.npmjs.org/@visx%2fvendor cache-miss
655 http cache https://registry.npmjs.org/@radix-ui%2freact-use-controllable-state 28ms (cache hit)
656 silly packumentCache full:https://registry.npmjs.org/@radix-ui%2freact-use-controllable-state set size:342904 disposed:false
657 silly fetch manifest @types/lodash@^4.17.13
658 silly packumentCache full:https://registry.npmjs.org/@types%2flodash cache-miss
659 http cache https://registry.npmjs.org/@visx%2fpoint 29ms (cache hit)
660 silly packumentCache full:https://registry.npmjs.org/@visx%2fpoint set size:55895 disposed:false
661 silly packumentCache full:https://registry.npmjs.org/@visx%2fpoint dispose
662 silly fetch manifest internmap@1 - 2
663 silly packumentCache full:https://registry.npmjs.org/internmap cache-miss
664 http cache https://registry.npmjs.org/@visx%2fvendor 31ms (cache hit)
665 silly packumentCache full:https://registry.npmjs.org/@visx%2fvendor set size:50206 disposed:false
666 silly fetch manifest d3-path@^3.1.0
667 silly packumentCache full:https://registry.npmjs.org/d3-path cache-miss
668 http cache https://registry.npmjs.org/@visx%2fvendor 7ms (cache hit)
669 silly packumentCache full:https://registry.npmjs.org/@visx%2fvendor set size:50206 disposed:false
670 silly packumentCache full:https://registry.npmjs.org/@visx%2fvendor dispose
671 http cache https://registry.npmjs.org/classnames 11ms (cache hit)
672 silly packumentCache full:https://registry.npmjs.org/classnames set size:63028 disposed:false
673 silly packumentCache full:https://registry.npmjs.org/classnames dispose
674 http cache https://registry.npmjs.org/@types%2flodash 5ms (cache hit)
675 silly packumentCache full:https://registry.npmjs.org/@types%2flodash set size:494468 disposed:false
676 http cache https://registry.npmjs.org/@visx%2fvendor 9ms (cache hit)
677 silly packumentCache full:https://registry.npmjs.org/@visx%2fvendor set size:50206 disposed:true
678 silly packumentCache full:https://registry.npmjs.org/@visx%2fvendor dispose
679 http cache https://registry.npmjs.org/@types%2flodash 12ms (cache hit)
680 silly packumentCache full:https://registry.npmjs.org/@types%2flodash set size:494468 disposed:false
681 silly packumentCache full:https://registry.npmjs.org/@types%2flodash dispose
682 http cache https://registry.npmjs.org/internmap 10ms (cache hit)
683 silly packumentCache full:https://registry.npmjs.org/internmap set size:19637 disposed:false
684 http cache https://registry.npmjs.org/d3-path 10ms (cache hit)
685 silly packumentCache full:https://registry.npmjs.org/d3-path set size:77883 disposed:false
686 silly fetch manifest @types/react@*
687 silly packumentCache full:https://registry.npmjs.org/@types%2freact cache-miss
688 http cache https://registry.npmjs.org/@types%2freact 3ms (cache hit)
689 silly packumentCache full:https://registry.npmjs.org/@types%2freact set size:2637439 disposed:false
690 silly fetch manifest react@^16.8 || ^17.0 || ^18.0 || ^19.0 || ^19.0.0-rc
691 silly packumentCache full:https://registry.npmjs.org/react cache-miss
692 http cache https://registry.npmjs.org/react 7ms (cache hit)
693 silly packumentCache full:https://registry.npmjs.org/react set size:6863945 disposed:false
694 silly fetch manifest react-dom@^16.8 || ^17.0 || ^18.0 || ^19.0 || ^19.0.0-rc
695 silly packumentCache full:https://registry.npmjs.org/react-dom cache-miss
696 http cache https://registry.npmjs.org/react-dom 13ms (cache hit)
697 silly packumentCache full:https://registry.npmjs.org/react-dom set size:9214049 disposed:false
698 silly placeDep ROOT @radix-ui/primitive@1.1.3 OK for: @radix-ui/react-toggle@1.1.10 want: 1.1.3
699 silly placeDep ROOT @radix-ui/react-primitive@2.1.3 OK for: @radix-ui/react-toggle@1.1.10 want: 2.1.3
700 silly placeDep ROOT @radix-ui/react-use-controllable-state@1.2.2 OK for: @radix-ui/react-toggle@1.1.10 want: 1.2.2
701 silly fetch manifest @radix-ui/react-slot@1.2.3
702 silly packumentCache full:https://registry.npmjs.org/@radix-ui%2freact-slot cache-miss
703 silly fetch manifest @radix-ui/react-use-effect-event@0.0.2
704 silly packumentCache full:https://registry.npmjs.org/@radix-ui%2freact-use-effect-event cache-miss
705 silly fetch manifest @radix-ui/react-use-layout-effect@1.1.1
706 silly packumentCache full:https://registry.npmjs.org/@radix-ui%2freact-use-layout-effect cache-miss
707 http cache https://registry.npmjs.org/@radix-ui%2freact-use-effect-event 3ms (cache hit)
708 silly packumentCache full:https://registry.npmjs.org/@radix-ui%2freact-use-effect-event set size:58358 disposed:false
709 http cache https://registry.npmjs.org/@radix-ui%2freact-use-layout-effect 4ms (cache hit)
710 silly packumentCache full:https://registry.npmjs.org/@radix-ui%2freact-use-layout-effect set size:247104 disposed:false
711 http cache https://registry.npmjs.org/@radix-ui%2freact-slot 6ms (cache hit)
712 silly packumentCache full:https://registry.npmjs.org/@radix-ui%2freact-slot set size:495625 disposed:false
713 silly placeDep ROOT @radix-ui/react-slot@1.2.3 OK for: @radix-ui/react-primitive@2.1.3 want: 1.2.3
714 silly fetch manifest @radix-ui/react-compose-refs@1.1.2
715 silly packumentCache full:https://registry.npmjs.org/@radix-ui%2freact-compose-refs cache-miss
716 http cache https://registry.npmjs.org/@radix-ui%2freact-compose-refs 2ms (cache hit)
717 silly packumentCache full:https://registry.npmjs.org/@radix-ui%2freact-compose-refs set size:252692 disposed:false
718 silly placeDep ROOT @radix-ui/react-compose-refs@1.1.2 OK for: @radix-ui/react-slot@1.2.3 want: 1.1.2
719 silly placeDep ROOT @radix-ui/react-use-effect-event@0.0.2 OK for: @radix-ui/react-use-controllable-state@1.2.2 want: 0.0.2
720 silly placeDep ROOT @radix-ui/react-use-layout-effect@1.1.1 OK for: @radix-ui/react-use-controllable-state@1.2.2 want: 1.1.1
721 silly placeDep ROOT csstype@3.2.3 OK for: @types/react@19.2.18 want: ^3.2.2
722 silly placeDep ROOT @visx/vendor@4.0.0-alpha.0 OK for: @visx/curve@4.0.1-alpha.0 want: 4.0.0-alpha.0
723 silly fetch manifest d3-geo@3.1.0
724 silly packumentCache full:https://registry.npmjs.org/d3-geo cache-miss
725 silly fetch manifest d3-path@3.1.0
726 silly packumentCache full:https://registry.npmjs.org/d3-path cache-hit
727 silly fetch manifest d3-time@3.1.0
728 silly packumentCache full:https://registry.npmjs.org/d3-time cache-miss
729 silly fetch manifest d3-array@3.2.1
730 silly packumentCache full:https://registry.npmjs.org/d3-array cache-hit
731 silly fetch manifest d3-color@3.1.0
732 silly packumentCache full:https://registry.npmjs.org/d3-color cache-miss
733 silly fetch manifest d3-scale@4.0.2
734 silly packumentCache full:https://registry.npmjs.org/d3-scale cache-miss
735 silly fetch manifest d3-format@3.1.0
736 silly packumentCache full:https://registry.npmjs.org/d3-format cache-miss
737 silly fetch manifest internmap@2.0.3
738 silly packumentCache full:https://registry.npmjs.org/internmap cache-hit
739 silly fetch manifest d3-delaunay@6.0.2
740 silly packumentCache full:https://registry.npmjs.org/d3-delaunay cache-miss
741 silly fetch manifest @types/d3-geo@3.1.0
742 silly packumentCache full:https://registry.npmjs.org/@types%2fd3-geo cache-miss
743 http cache https://registry.npmjs.org/d3-scale 5ms (cache hit)
744 silly packumentCache full:https://registry.npmjs.org/d3-scale set size:514172 disposed:false
745 silly fetch manifest @types/d3-path@3.1.1
746 silly packumentCache full:https://registry.npmjs.org/@types%2fd3-path cache-miss
747 http cache https://registry.npmjs.org/d3-time 7ms (cache hit)
748 silly packumentCache full:https://registry.npmjs.org/d3-time set size:150406 disposed:false
749 silly fetch manifest @types/d3-time@3.0.0
750 silly packumentCache full:https://registry.npmjs.org/@types%2fd3-time cache-miss
751 http cache https://registry.npmjs.org/d3-geo 8ms (cache hit)
752 silly packumentCache full:https://registry.npmjs.org/d3-geo set size:350591 disposed:false
753 silly fetch manifest d3-interpolate@3.0.1
754 silly packumentCache full:https://registry.npmjs.org/d3-interpolate cache-miss
755 http cache https://registry.npmjs.org/d3-color 9ms (cache hit)
756 silly packumentCache full:https://registry.npmjs.org/d3-color set size:142335 disposed:false
757 silly fetch manifest d3-time-format@4.1.0
758 silly packumentCache full:https://registry.npmjs.org/d3-time-format cache-miss
759 http cache https://registry.npmjs.org/@types%2fd3-geo 9ms (cache hit)
760 silly packumentCache full:https://registry.npmjs.org/@types%2fd3-geo set size:104642 disposed:false
761 silly fetch manifest @types/d3-array@3.0.3
762 silly packumentCache full:https://registry.npmjs.org/@types%2fd3-array cache-miss
763 http cache https://registry.npmjs.org/d3-format 10ms (cache hit)
764 silly packumentCache full:https://registry.npmjs.org/d3-format set size:107249 disposed:false
765 silly fetch manifest @types/d3-color@3.1.0
766 silly packumentCache full:https://registry.npmjs.org/@types%2fd3-color cache-miss
767 http cache https://registry.npmjs.org/d3-delaunay 11ms (cache hit)
768 silly packumentCache full:https://registry.npmjs.org/d3-delaunay set size:187894 disposed:false
769 silly fetch manifest @types/d3-scale@4.0.2
770 silly packumentCache full:https://registry.npmjs.org/@types%2fd3-scale cache-miss
771 http cache https://registry.npmjs.org/@types%2fd3-time 7ms (cache hit)
772 silly packumentCache full:https://registry.npmjs.org/@types%2fd3-time set size:52652 disposed:false
773 silly fetch manifest @types/d3-shape@3.1.7
774 silly packumentCache full:https://registry.npmjs.org/@types%2fd3-shape cache-miss
775 http cache https://registry.npmjs.org/d3-time-format 6ms (cache hit)
776 silly packumentCache full:https://registry.npmjs.org/d3-time-format set size:124514 disposed:false
777 silly fetch manifest @types/d3-format@3.0.1
778 silly packumentCache full:https://registry.npmjs.org/@types%2fd3-format cache-miss
779 http cache https://registry.npmjs.org/d3-interpolate 8ms (cache hit)
780 silly packumentCache full:https://registry.npmjs.org/d3-interpolate set size:162337 disposed:false
781 silly fetch manifest @types/d3-delaunay@6.0.1
782 silly packumentCache full:https://registry.npmjs.org/@types%2fd3-delaunay cache-miss
783 http cache https://registry.npmjs.org/@types%2fd3-array 7ms (cache hit)
784 silly packumentCache full:https://registry.npmjs.org/@types%2fd3-array set size:130543 disposed:false
785 silly fetch manifest @types/d3-interpolate@3.0.1
786 silly packumentCache full:https://registry.npmjs.org/@types%2fd3-interpolate cache-miss
787 http cache https://registry.npmjs.org/@types%2fd3-color 7ms (cache hit)
788 silly packumentCache full:https://registry.npmjs.org/@types%2fd3-color set size:69998 disposed:false
789 silly fetch manifest @types/d3-time-format@2.1.0
790 silly packumentCache full:https://registry.npmjs.org/@types%2fd3-time-format cache-miss
791 http cache https://registry.npmjs.org/@types%2fd3-path 13ms (cache hit)
792 silly packumentCache full:https://registry.npmjs.org/@types%2fd3-path set size:41268 disposed:false
793 http cache https://registry.npmjs.org/@types%2fd3-scale 7ms (cache hit)
794 silly packumentCache full:https://registry.npmjs.org/@types%2fd3-scale set size:131176 disposed:false
795 http cache https://registry.npmjs.org/@types%2fd3-delaunay 5ms (cache hit)
796 silly packumentCache full:https://registry.npmjs.org/@types%2fd3-delaunay set size:30217 disposed:false
797 http cache https://registry.npmjs.org/@types%2fd3-format 6ms (cache hit)
798 silly packumentCache full:https://registry.npmjs.org/@types%2fd3-format set size:60985 disposed:false
799 http cache https://registry.npmjs.org/@types%2fd3-shape 8ms (cache hit)
800 silly packumentCache full:https://registry.npmjs.org/@types%2fd3-shape set size:115816 disposed:false
801 http cache https://registry.npmjs.org/@types%2fd3-interpolate 5ms (cache hit)
802 silly packumentCache full:https://registry.npmjs.org/@types%2fd3-interpolate set size:56692 disposed:false
803 http cache https://registry.npmjs.org/@types%2fd3-time-format 6ms (cache hit)
804 silly packumentCache full:https://registry.npmjs.org/@types%2fd3-time-format set size:44290 disposed:false
805 silly placeDep ROOT @visx/point@4.0.1-alpha.0 OK for: @visx/event@4.0.1-alpha.0 want: 4.0.1-alpha.0
806 silly placeDep ROOT classnames@2.5.1 OK for: @visx/grid@4.0.1-alpha.0 want: ^2.3.1
807 silly placeDep ROOT @types/lodash@4.17.25 OK for: @visx/responsive@4.0.1-alpha.0 want: ^4.17.13
808 silly placeDep ROOT @types/d3-array@3.0.3 OK for: @visx/vendor@4.0.0-alpha.0 want: 3.0.3
809 silly placeDep ROOT @types/d3-color@3.1.0 OK for: @visx/vendor@4.0.0-alpha.0 want: 3.1.0
810 silly placeDep ROOT @types/d3-delaunay@6.0.1 OK for: @visx/vendor@4.0.0-alpha.0 want: 6.0.1
811 silly placeDep ROOT @types/d3-format@3.0.1 OK for: @visx/vendor@4.0.0-alpha.0 want: 3.0.1
812 silly placeDep ROOT @types/d3-geo@3.1.0 OK for: @visx/vendor@4.0.0-alpha.0 want: 3.1.0
813 silly placeDep ROOT @types/d3-interpolate@3.0.1 OK for: @visx/vendor@4.0.0-alpha.0 want: 3.0.1
814 silly placeDep ROOT @types/d3-path@3.1.1 OK for: @visx/vendor@4.0.0-alpha.0 want: 3.1.1
815 silly placeDep ROOT @types/d3-scale@4.0.2 OK for: @visx/vendor@4.0.0-alpha.0 want: 4.0.2
816 silly placeDep ROOT @types/d3-shape@3.1.7 OK for: @visx/vendor@4.0.0-alpha.0 want: 3.1.7
817 silly placeDep ROOT @types/d3-time@3.0.0 OK for: @visx/vendor@4.0.0-alpha.0 want: 3.0.0
818 silly placeDep ROOT @types/d3-time-format@2.1.0 OK for: @visx/vendor@4.0.0-alpha.0 want: 2.1.0
819 silly placeDep node_modules/@visx/vendor d3-array@3.2.1 OK for: @visx/vendor@4.0.0-alpha.0 want: 3.2.1
820 silly placeDep ROOT d3-color@3.1.0 OK for: @visx/vendor@4.0.0-alpha.0 want: 3.1.0
821 silly placeDep ROOT d3-delaunay@6.0.2 OK for: @visx/vendor@4.0.0-alpha.0 want: 6.0.2
822 silly placeDep ROOT d3-format@3.1.0 OK for: @visx/vendor@4.0.0-alpha.0 want: 3.1.0
823 silly placeDep ROOT d3-geo@3.1.0 OK for: @visx/vendor@4.0.0-alpha.0 want: 3.1.0
824 silly placeDep ROOT d3-interpolate@3.0.1 OK for: @visx/vendor@4.0.0-alpha.0 want: 3.0.1
825 silly placeDep ROOT d3-path@3.1.0 OK for: @visx/vendor@4.0.0-alpha.0 want: 3.1.0
826 silly placeDep ROOT d3-scale@4.0.2 OK for: @visx/vendor@4.0.0-alpha.0 want: 4.0.2
827 silly placeDep ROOT d3-time@3.1.0 OK for: @visx/vendor@4.0.0-alpha.0 want: 3.1.0
828 silly placeDep ROOT d3-time-format@4.1.0 OK for: @visx/vendor@4.0.0-alpha.0 want: 4.1.0
829 silly placeDep ROOT internmap@2.0.3 OK for: @visx/vendor@4.0.0-alpha.0 want: 2.0.3
830 silly fetch manifest @types/geojson@*
831 silly packumentCache full:https://registry.npmjs.org/@types%2fgeojson cache-miss
832 silly fetch manifest @types/d3-time@*
833 silly packumentCache full:https://registry.npmjs.org/@types%2fd3-time cache-hit
834 silly fetch manifest delaunator@5
835 silly packumentCache full:https://registry.npmjs.org/delaunator cache-miss
836 silly fetch manifest d3-time@2.1.1 - 3
837 silly packumentCache full:https://registry.npmjs.org/d3-time cache-hit
838 silly fetch manifest d3-time-format@2 - 4
839 silly packumentCache full:https://registry.npmjs.org/d3-time-format cache-hit
840 http cache https://registry.npmjs.org/@types%2fgeojson 3ms (cache hit)
841 silly packumentCache full:https://registry.npmjs.org/@types%2fgeojson set size:66640 disposed:false
842 http cache https://registry.npmjs.org/delaunator 4ms (cache hit)
843 silly packumentCache full:https://registry.npmjs.org/delaunator set size:123358 disposed:false
844 silly placeDep ROOT @types/geojson@7946.0.16 OK for: @types/d3-geo@3.1.0 want: *
845 silly placeDep ROOT fast-deep-equal@3.1.3 OK for: ajv@8.20.0 want: ^3.1.3
846 silly placeDep ROOT fast-uri@3.1.5 OK for: ajv@8.20.0 want: ^3.0.1
847 silly placeDep ROOT json-schema-traverse@1.0.0 OK for: ajv@8.20.0 want: ^1.0.0
848 silly placeDep ROOT require-from-string@2.0.2 OK for: ajv@8.20.0 want: ^2.0.2
849 silly placeDep ROOT chokidar@5.0.0 OK for: c12@3.3.4 want: ^5.0.0
850 silly placeDep ROOT confbox@0.2.4 OK for: c12@3.3.4 want: ^0.2.4
851 silly placeDep ROOT defu@6.1.7 OK for: c12@3.3.4 want: ^6.1.6
852 silly placeDep ROOT exsolve@1.1.1 OK for: c12@3.3.4 want: ^1.0.8
853 silly placeDep ROOT giget@3.3.1 OK for: c12@3.3.4 want: ^3.2.0
854 silly placeDep ROOT jiti@2.7.0 OK for: c12@3.3.4 want: ^2.6.1
855 silly placeDep ROOT ohash@2.0.11 OK for: c12@3.3.4 want: ^2.0.11
856 silly placeDep ROOT perfect-debounce@2.1.0 OK for: c12@3.3.4 want: ^2.1.0
857 silly placeDep ROOT pkg-types@2.3.1 OK for: c12@3.3.4 want: ^2.3.0
858 silly placeDep ROOT rc9@3.0.1 OK for: c12@3.3.4 want: ^3.0.1
859 silly fetch manifest readdirp@^5.0.0
860 silly packumentCache full:https://registry.npmjs.org/readdirp cache-miss
861 silly fetch manifest destr@^2.0.5
862 silly packumentCache full:https://registry.npmjs.org/destr cache-miss
863 http cache https://registry.npmjs.org/readdirp 2ms (cache hit)
864 silly packumentCache full:https://registry.npmjs.org/readdirp set size:107589 disposed:false
865 http cache https://registry.npmjs.org/destr 3ms (cache hit)
866 silly packumentCache full:https://registry.npmjs.org/destr set size:65344 disposed:false
867 silly placeDep ROOT readdirp@5.0.0 OK for: chokidar@5.0.0 want: ^5.0.0
868 silly placeDep ROOT delaunator@5.1.0 OK for: d3-delaunay@6.0.2 want: 5
869 silly fetch manifest robust-predicates@^3.0.2
870 silly packumentCache full:https://registry.npmjs.org/robust-predicates cache-miss
871 http cache https://registry.npmjs.org/robust-predicates 2ms (cache hit)
872 silly packumentCache full:https://registry.npmjs.org/robust-predicates set size:42172 disposed:false
873 silly placeDep ROOT robust-predicates@3.0.3 OK for: delaunator@5.1.0 want: ^3.0.2
874 silly placeDep ROOT @standard-schema/spec@1.1.0 OK for: effect@3.20.0 want: ^1.0.0
875 silly placeDep ROOT fast-check@3.23.2 OK for: effect@3.20.0 want: ^3.23.1
876 silly fetch manifest pure-rand@^6.1.0
877 silly packumentCache full:https://registry.npmjs.org/pure-rand cache-miss
878 http cache https://registry.npmjs.org/pure-rand 2ms (cache hit)
879 silly packumentCache full:https://registry.npmjs.org/pure-rand set size:186002 disposed:false
880 silly placeDep ROOT pure-rand@6.1.0 OK for: fast-check@3.23.2 want: ^6.1.0
881 silly placeDep ROOT fast-querystring@1.1.2 OK for: find-my-way@9.7.0 want: ^1.0.0
882 silly placeDep ROOT safe-regex2@5.1.1 OK for: find-my-way@9.7.0 want: ^5.0.0
883 silly fetch manifest fast-decode-uri-component@^1.0.1
884 silly packumentCache full:https://registry.npmjs.org/fast-decode-uri-component cache-miss
885 silly fetch manifest ret@~0.5.0
886 silly packumentCache full:https://registry.npmjs.org/ret cache-miss
887 http cache https://registry.npmjs.org/ret 2ms (cache hit)
888 silly packumentCache full:https://registry.npmjs.org/ret set size:59258 disposed:false
889 http cache https://registry.npmjs.org/fast-decode-uri-component 3ms (cache hit)
890 silly packumentCache full:https://registry.npmjs.org/fast-decode-uri-component set size:7045 disposed:false
891 silly placeDep ROOT fast-decode-uri-component@1.0.1 OK for: fast-querystring@1.1.2 want: ^1.0.1
892 silly placeDep ROOT cross-spawn@7.0.6 OK for: foreground-child@3.3.1 want: ^7.0.6
893 silly placeDep ROOT signal-exit@4.1.0 OK for: foreground-child@3.3.1 want: ^4.0.1
894 silly fetch manifest which@^2.0.1
895 silly packumentCache full:https://registry.npmjs.org/which cache-miss
896 silly fetch manifest path-key@^3.1.0
897 silly packumentCache full:https://registry.npmjs.org/path-key cache-miss
898 silly fetch manifest shebang-command@^2.0.0
899 silly packumentCache full:https://registry.npmjs.org/shebang-command cache-miss
900 http cache https://registry.npmjs.org/path-key 1ms (cache hit)
901 silly packumentCache full:https://registry.npmjs.org/path-key set size:16975 disposed:false
902 http cache https://registry.npmjs.org/shebang-command 2ms (cache hit)
903 silly packumentCache full:https://registry.npmjs.org/shebang-command set size:8525 disposed:false
904 http cache https://registry.npmjs.org/which 2ms (cache hit)
905 silly packumentCache full:https://registry.npmjs.org/which set size:70087 disposed:false
906 silly placeDep ROOT path-key@3.1.1 OK for: cross-spawn@7.0.6 want: ^3.1.0
907 silly placeDep ROOT shebang-command@2.0.0 OK for: cross-spawn@7.0.6 want: ^2.0.0
908 silly placeDep ROOT which@2.0.2 OK for: cross-spawn@7.0.6 want: ^2.0.1
909 silly fetch manifest shebang-regex@^3.0.0
910 silly packumentCache full:https://registry.npmjs.org/shebang-regex cache-miss
911 silly fetch manifest isexe@^2.0.0
912 silly packumentCache full:https://registry.npmjs.org/isexe cache-miss
913 http cache https://registry.npmjs.org/shebang-regex 2ms (cache hit)
914 silly packumentCache full:https://registry.npmjs.org/shebang-regex set size:9763 disposed:false
915 http cache https://registry.npmjs.org/isexe 3ms (cache hit)
916 silly packumentCache full:https://registry.npmjs.org/isexe set size:31756 disposed:false
917 silly placeDep ROOT aws-ssl-profiles@1.1.2 OK for: mysql2@3.15.3 want: ^1.1.1
918 silly placeDep ROOT denque@2.1.0 OK for: mysql2@3.15.3 want: ^2.1.0
919 silly placeDep ROOT generate-function@2.3.1 OK for: mysql2@3.15.3 want: ^2.3.1
920 silly placeDep ROOT long@5.3.2 OK for: mysql2@3.15.3 want: ^5.2.1
921 silly placeDep ROOT lru.min@1.1.4 OK for: mysql2@3.15.3 want: ^1.0.0
922 silly placeDep ROOT named-placeholders@1.1.6 OK for: mysql2@3.15.3 want: ^1.1.3
923 silly placeDep ROOT seq-queue@0.0.5 OK for: mysql2@3.15.3 want: ^0.0.5
924 silly placeDep ROOT sqlstring@2.3.3 OK for: mysql2@3.15.3 want: ^2.3.2
925 silly fetch manifest is-property@^1.0.2
926 silly packumentCache full:https://registry.npmjs.org/is-property cache-miss
927 http cache https://registry.npmjs.org/is-property 2ms (cache hit)
928 silly packumentCache full:https://registry.npmjs.org/is-property set size:6745 disposed:false
929 silly placeDep ROOT is-property@1.0.2 OK for: generate-function@2.3.1 want: ^1.0.2
930 silly placeDep ROOT graceful-fs@4.2.11 OK for: proper-lockfile@4.1.2 want: ^4.2.4
931 silly placeDep ROOT retry@0.12.0 OK for: proper-lockfile@4.1.2 want: ^0.12.0
932 silly placeDep node_modules/proper-lockfile signal-exit@3.0.7 OK for: proper-lockfile@4.1.2 want: ^3.0.2
933 silly placeDep ROOT destr@2.0.5 OK for: rc9@3.0.1 want: ^2.0.5
934 silly placeDep ROOT scheduler@0.27.0 OK for: react-dom@19.2.8 want: ^0.27.0
935 silly placeDep ROOT ret@0.5.0 OK for: safe-regex2@5.1.1 want: ~0.5.0
936 silly placeDep ROOT shebang-regex@3.0.0 OK for: shebang-command@2.0.0 want: ^3.0.0
937 silly fetch manifest @swc/core@>=1.2.50
938 silly packumentCache full:https://registry.npmjs.org/@swc%2fcore cache-miss
939 http cache https://registry.npmjs.org/@swc%2fcore 6ms (cache hit)
940 silly packumentCache full:https://registry.npmjs.org/@swc%2fcore set size:4070054 disposed:false
941 silly fetch manifest @swc/helpers@>=0.5.17
942 silly packumentCache full:https://registry.npmjs.org/@swc%2fhelpers cache-miss
943 http cache https://registry.npmjs.org/@swc%2fhelpers 2ms (cache hit)
944 silly packumentCache full:https://registry.npmjs.org/@swc%2fhelpers set size:775458 disposed:false
945 silly fetch manifest @swc/wasm@>=1.2.50
946 silly packumentCache full:https://registry.npmjs.org/@swc%2fwasm cache-miss
947 http cache https://registry.npmjs.org/@swc%2fwasm 3ms (cache hit)
948 silly packumentCache full:https://registry.npmjs.org/@swc%2fwasm set size:1371857 disposed:false
949 silly placeDep node_modules/ts-node-dev chokidar@3.6.0 OK for: ts-node-dev@2.0.0 want: ^3.5.1
950 silly placeDep ROOT dynamic-dedupe@0.3.0 OK for: ts-node-dev@2.0.0 want: ^0.3.0
951 silly placeDep ROOT minimist@1.2.8 OK for: ts-node-dev@2.0.0 want: ^1.2.6
952 silly placeDep ROOT mkdirp@1.0.4 OK for: ts-node-dev@2.0.0 want: ^1.0.4
953 silly placeDep ROOT resolve@1.22.12 OK for: ts-node-dev@2.0.0 want: ^1.0.0
954 silly placeDep ROOT rimraf@2.7.1 OK for: ts-node-dev@2.0.0 want: ^2.6.1
955 silly placeDep ROOT source-map-support@0.5.21 OK for: ts-node-dev@2.0.0 want: ^0.5.12
956 silly placeDep ROOT tree-kill@1.2.2 OK for: ts-node-dev@2.0.0 want: ^1.2.2
957 silly placeDep ROOT ts-node@10.9.2 OK for: ts-node-dev@2.0.0 want: ^10.4.0
958 silly placeDep ROOT tsconfig@7.0.0 OK for: ts-node-dev@2.0.0 want: ^7.0.0
959 silly fetch manifest braces@~3.0.2
960 silly packumentCache full:https://registry.npmjs.org/braces cache-miss
961 silly fetch manifest is-glob@~4.0.1
962 silly packumentCache full:https://registry.npmjs.org/is-glob cache-miss
963 silly fetch manifest anymatch@~3.1.2
964 silly packumentCache full:https://registry.npmjs.org/anymatch cache-miss
965 silly fetch manifest readdirp@~3.6.0
966 silly packumentCache full:https://registry.npmjs.org/readdirp cache-hit
967 silly fetch manifest glob-parent@~5.1.2
968 silly packumentCache full:https://registry.npmjs.org/glob-parent cache-miss
969 silly fetch manifest is-binary-path@~2.1.0
970 silly packumentCache full:https://registry.npmjs.org/is-binary-path cache-miss
971 silly fetch manifest normalize-path@~3.0.0
972 silly packumentCache full:https://registry.npmjs.org/normalize-path cache-miss
973 silly fetch manifest fsevents@~2.3.2
974 silly packumentCache full:https://registry.npmjs.org/fsevents cache-miss
975 http cache https://registry.npmjs.org/is-glob 3ms (cache hit)
976 silly packumentCache full:https://registry.npmjs.org/is-glob set size:40530 disposed:false
977 silly fetch manifest xtend@^4.0.0
978 silly packumentCache full:https://registry.npmjs.org/xtend cache-miss
979 http cache https://registry.npmjs.org/anymatch 4ms (cache hit)
980 silly packumentCache full:https://registry.npmjs.org/anymatch set size:42974 disposed:false
981 silly fetch manifest path-parse@^1.0.7
982 silly packumentCache full:https://registry.npmjs.org/path-parse cache-miss
983 http cache https://registry.npmjs.org/normalize-path 5ms (cache hit)
984 silly packumentCache full:https://registry.npmjs.org/normalize-path set size:28713 disposed:false
985 silly fetch manifest is-core-module@^2.16.1
986 silly packumentCache full:https://registry.npmjs.org/is-core-module cache-miss
987 http cache https://registry.npmjs.org/is-binary-path 5ms (cache hit)
988 silly packumentCache full:https://registry.npmjs.org/is-binary-path set size:13475 disposed:false
989 silly fetch manifest supports-preserve-symlinks-flag@^1.0.0
990 silly packumentCache full:https://registry.npmjs.org/supports-preserve-symlinks-flag cache-miss
991 http cache https://registry.npmjs.org/braces 7ms (cache hit)
992 silly packumentCache full:https://registry.npmjs.org/braces set size:114529 disposed:false
993 silly fetch manifest glob@^7.1.3
994 silly packumentCache full:https://registry.npmjs.org/glob cache-miss
995 http cache https://registry.npmjs.org/fsevents 6ms (cache hit)
996 silly packumentCache full:https://registry.npmjs.org/fsevents set size:182472 disposed:false
997 silly fetch manifest source-map@^0.6.0
998 silly packumentCache full:https://registry.npmjs.org/source-map cache-miss
999 http cache https://registry.npmjs.org/glob-parent 9ms (cache hit)
1000 silly packumentCache full:https://registry.npmjs.org/glob-parent set size:42445 disposed:false
1001 silly fetch manifest yn@3.1.1
1002 silly packumentCache full:https://registry.npmjs.org/yn cache-miss
1003 http cache https://registry.npmjs.org/supports-preserve-symlinks-flag 9ms (cache hit)
1004 silly packumentCache full:https://registry.npmjs.org/supports-preserve-symlinks-flag set size:6802 disposed:false
1005 silly fetch manifest arg@^4.1.0
1006 silly packumentCache full:https://registry.npmjs.org/arg cache-miss
1007 http cache https://registry.npmjs.org/xtend 11ms (cache hit)
1008 silly packumentCache full:https://registry.npmjs.org/xtend set size:28314 disposed:false
1009 silly fetch manifest diff@^4.0.1
1010 silly packumentCache full:https://registry.npmjs.org/diff cache-miss
1011 http cache https://registry.npmjs.org/path-parse 12ms (cache hit)
1012 silly packumentCache full:https://registry.npmjs.org/path-parse set size:14523 disposed:false
1013 silly fetch manifest acorn@^8.4.1
1014 silly packumentCache full:https://registry.npmjs.org/acorn cache-miss
1015 http cache https://registry.npmjs.org/glob 11ms (cache hit)
1016 silly packumentCache full:https://registry.npmjs.org/glob set size:469465 disposed:false
1017 silly fetch manifest acorn-walk@^8.1.1
1018 silly packumentCache full:https://registry.npmjs.org/acorn-walk cache-miss
1019 http cache https://registry.npmjs.org/source-map 11ms (cache hit)
1020 silly packumentCache full:https://registry.npmjs.org/source-map set size:231637 disposed:false
1021 silly fetch manifest make-error@^1.1.1
1022 silly packumentCache full:https://registry.npmjs.org/make-error cache-miss
1023 http cache https://registry.npmjs.org/yn 12ms (cache hit)
1024 silly packumentCache full:https://registry.npmjs.org/yn set size:23572 disposed:false
1025 silly fetch manifest create-require@^1.1.0
1026 silly packumentCache full:https://registry.npmjs.org/create-require cache-miss
1027 http cache https://registry.npmjs.org/is-core-module 17ms (cache hit)
1028 silly packumentCache full:https://registry.npmjs.org/is-core-module set size:74378 disposed:false
1029 silly fetch manifest @tsconfig/node10@^1.0.7
1030 silly packumentCache full:https://registry.npmjs.org/@tsconfig%2fnode10 cache-miss
1031 http cache https://registry.npmjs.org/diff 9ms (cache hit)
1032 silly packumentCache full:https://registry.npmjs.org/diff set size:154400 disposed:false
1033 silly fetch manifest @tsconfig/node12@^1.0.7
1034 silly packumentCache full:https://registry.npmjs.org/@tsconfig%2fnode12 cache-miss
1035 http cache https://registry.npmjs.org/arg 12ms (cache hit)
1036 silly packumentCache full:https://registry.npmjs.org/arg set size:67036 disposed:false
1037 silly fetch manifest @tsconfig/node14@^1.0.0
1038 silly packumentCache full:https://registry.npmjs.org/@tsconfig%2fnode14 cache-miss
1039 http cache https://registry.npmjs.org/acorn 11ms (cache hit)
1040 silly packumentCache full:https://registry.npmjs.org/acorn set size:383439 disposed:false
1041 silly fetch manifest @tsconfig/node16@^1.0.2
1042 silly packumentCache full:https://registry.npmjs.org/@tsconfig%2fnode16 cache-miss
1043 http cache https://registry.npmjs.org/create-require 8ms (cache hit)
1044 silly packumentCache full:https://registry.npmjs.org/create-require set size:20551 disposed:false
1045 silly fetch manifest v8-compile-cache-lib@^3.0.1
1046 silly packumentCache full:https://registry.npmjs.org/v8-compile-cache-lib cache-miss
1047 http cache https://registry.npmjs.org/make-error 8ms (cache hit)
1048 silly packumentCache full:https://registry.npmjs.org/make-error set size:45218 disposed:false
1049 silly fetch manifest @cspotcode/source-map-support@^0.8.0
1050 silly packumentCache full:https://registry.npmjs.org/@cspotcode%2fsource-map-support cache-miss
1051 http cache https://registry.npmjs.org/acorn-walk 11ms (cache hit)
1052 silly packumentCache full:https://registry.npmjs.org/acorn-walk set size:49813 disposed:false
1053 silly fetch manifest @types/strip-bom@^3.0.0
1054 silly packumentCache full:https://registry.npmjs.org/@types%2fstrip-bom cache-miss
1055 http cache https://registry.npmjs.org/@tsconfig%2fnode10 9ms (cache hit)
1056 silly packumentCache full:https://registry.npmjs.org/@tsconfig%2fnode10 set size:26787 disposed:false
1057 silly fetch manifest @types/strip-json-comments@0.0.30
1058 silly packumentCache full:https://registry.npmjs.org/@types%2fstrip-json-comments cache-miss
1059 http cache https://registry.npmjs.org/@tsconfig%2fnode14 7ms (cache hit)
1060 silly packumentCache full:https://registry.npmjs.org/@tsconfig%2fnode14 set size:23863 disposed:false
1061 silly fetch manifest strip-bom@^3.0.0
1062 silly packumentCache full:https://registry.npmjs.org/strip-bom cache-miss
1063 http cache https://registry.npmjs.org/@tsconfig%2fnode12 9ms (cache hit)
1064 silly packumentCache full:https://registry.npmjs.org/@tsconfig%2fnode12 set size:38731 disposed:false
1065 silly fetch manifest strip-json-comments@^2.0.0
1066 silly packumentCache full:https://registry.npmjs.org/strip-json-comments cache-miss
1067 http cache https://registry.npmjs.org/@cspotcode%2fsource-map-support 4ms (cache hit)
1068 silly packumentCache full:https://registry.npmjs.org/@cspotcode%2fsource-map-support set size:30214 disposed:false
1069 http cache https://registry.npmjs.org/@types%2fstrip-bom 4ms (cache hit)
1070 silly packumentCache full:https://registry.npmjs.org/@types%2fstrip-bom set size:4415 disposed:false
1071 http cache https://registry.npmjs.org/@tsconfig%2fnode16 6ms (cache hit)
1072 silly packumentCache full:https://registry.npmjs.org/@tsconfig%2fnode16 set size:25134 disposed:false
1073 http cache https://registry.npmjs.org/v8-compile-cache-lib 6ms (cache hit)
1074 silly packumentCache full:https://registry.npmjs.org/v8-compile-cache-lib set size:8746 disposed:false
1075 http cache https://registry.npmjs.org/@types%2fstrip-json-comments 3ms (cache hit)
1076 silly packumentCache full:https://registry.npmjs.org/@types%2fstrip-json-comments set size:21409 disposed:false
1077 http cache https://registry.npmjs.org/strip-bom 2ms (cache hit)
1078 silly packumentCache full:https://registry.npmjs.org/strip-bom set size:19359 disposed:false
1079 http cache https://registry.npmjs.org/strip-json-comments 3ms (cache hit)
1080 silly packumentCache full:https://registry.npmjs.org/strip-json-comments set size:43569 disposed:false
1081 silly placeDep ROOT xtend@4.0.2 OK for: dynamic-dedupe@0.3.0 want: ^4.0.0
1082 silly placeDep ROOT is-core-module@2.16.2 OK for: resolve@1.22.12 want: ^2.16.1
1083 silly placeDep ROOT path-parse@1.0.7 OK for: resolve@1.22.12 want: ^1.0.7
1084 silly placeDep ROOT supports-preserve-symlinks-flag@1.0.0 OK for: resolve@1.22.12 want: ^1.0.0
1085 silly placeDep ROOT glob@7.2.3 OK for: rimraf@2.7.1 want: ^7.1.3
1086 silly fetch manifest inflight@^1.0.4
1087 silly packumentCache full:https://registry.npmjs.org/inflight cache-miss
1088 silly fetch manifest minimatch@^3.1.1
1089 silly packumentCache full:https://registry.npmjs.org/minimatch cache-miss
1090 silly fetch manifest fs.realpath@^1.0.0
1091 silly packumentCache full:https://registry.npmjs.org/fs.realpath cache-miss
1092 silly fetch manifest path-is-absolute@^1.0.0
1093 silly packumentCache full:https://registry.npmjs.org/path-is-absolute cache-miss
1094 http cache https://registry.npmjs.org/inflight 1ms (cache hit)
1095 silly packumentCache full:https://registry.npmjs.org/inflight set size:13140 disposed:false
1096 http cache https://registry.npmjs.org/fs.realpath 2ms (cache hit)
1097 silly packumentCache full:https://registry.npmjs.org/fs.realpath set size:4806 disposed:false
1098 http cache https://registry.npmjs.org/path-is-absolute 2ms (cache hit)
1099 silly packumentCache full:https://registry.npmjs.org/path-is-absolute set size:8253 disposed:false
1100 http cache https://registry.npmjs.org/minimatch 2ms (cache hit)
1101 silly packumentCache full:https://registry.npmjs.org/minimatch set size:377924 disposed:false
1102 silly placeDep ROOT fs.realpath@1.0.0 OK for: glob@7.2.3 want: ^1.0.0
1103 silly placeDep ROOT inflight@1.0.6 OK for: glob@7.2.3 want: ^1.0.4
1104 silly placeDep ROOT minimatch@3.1.5 OK for: glob@7.2.3 want: ^3.1.1
1105 silly placeDep ROOT path-is-absolute@1.0.1 OK for: glob@7.2.3 want: ^1.0.0
1106 silly fetch manifest brace-expansion@^1.1.7
1107 silly packumentCache full:https://registry.npmjs.org/brace-expansion cache-miss
1108 http cache https://registry.npmjs.org/brace-expansion 1ms (cache hit)
1109 silly packumentCache full:https://registry.npmjs.org/brace-expansion set size:101024 disposed:false
1110 silly placeDep ROOT brace-expansion@1.1.18 OK for: minimatch@3.1.5 want: ^1.1.7
1111 silly fetch manifest concat-map@0.0.1
1112 silly packumentCache full:https://registry.npmjs.org/concat-map cache-miss
1113 silly fetch manifest balanced-match@^1.0.0
1114 silly packumentCache full:https://registry.npmjs.org/balanced-match cache-miss
1115 http cache https://registry.npmjs.org/balanced-match 2ms (cache hit)
1116 silly packumentCache full:https://registry.npmjs.org/balanced-match set size:39082 disposed:false
1117 http cache https://registry.npmjs.org/concat-map 2ms (cache hit)
1118 silly packumentCache full:https://registry.npmjs.org/concat-map set size:9290 disposed:false
1119 silly placeDep ROOT balanced-match@1.0.2 OK for: brace-expansion@1.1.18 want: ^1.0.0
1120 silly placeDep ROOT concat-map@0.0.1 OK for: brace-expansion@1.1.18 want: 0.0.1
1121 silly placeDep ROOT source-map@0.6.1 OK for: source-map-support@0.5.21 want: ^0.6.0
1122 silly placeDep ROOT @cspotcode/source-map-support@0.8.1 OK for: ts-node@10.9.2 want: ^0.8.0
1123 silly placeDep ROOT @tsconfig/node10@1.0.12 OK for: ts-node@10.9.2 want: ^1.0.7
1124 silly placeDep ROOT @tsconfig/node12@1.0.11 OK for: ts-node@10.9.2 want: ^1.0.7
1125 silly placeDep ROOT @tsconfig/node14@1.0.3 OK for: ts-node@10.9.2 want: ^1.0.0
1126 silly placeDep ROOT @tsconfig/node16@1.0.4 OK for: ts-node@10.9.2 want: ^1.0.2
1127 silly placeDep ROOT acorn@8.18.0 OK for: ts-node@10.9.2 want: ^8.4.1
1128 silly placeDep ROOT acorn-walk@8.3.5 OK for: ts-node@10.9.2 want: ^8.1.1
1129 silly placeDep ROOT arg@4.1.3 OK for: ts-node@10.9.2 want: ^4.1.0
1130 silly placeDep ROOT create-require@1.1.1 OK for: ts-node@10.9.2 want: ^1.1.0
1131 silly placeDep ROOT diff@4.0.4 OK for: ts-node@10.9.2 want: ^4.0.1
1132 silly placeDep ROOT make-error@1.3.6 OK for: ts-node@10.9.2 want: ^1.1.1
1133 silly placeDep ROOT v8-compile-cache-lib@3.0.1 OK for: ts-node@10.9.2 want: ^3.0.1
1134 silly placeDep ROOT yn@3.1.1 OK for: ts-node@10.9.2 want: 3.1.1
1135 silly fetch manifest @jridgewell/trace-mapping@0.3.9
1136 silly packumentCache full:https://registry.npmjs.org/@jridgewell%2ftrace-mapping cache-miss
1137 http cache https://registry.npmjs.org/@jridgewell%2ftrace-mapping 1ms (cache hit)
1138 silly packumentCache full:https://registry.npmjs.org/@jridgewell%2ftrace-mapping set size:170909 disposed:false
1139 silly placeDep ROOT @jridgewell/trace-mapping@0.3.9 OK for: @cspotcode/source-map-support@0.8.1 want: 0.3.9
1140 silly fetch manifest @jridgewell/resolve-uri@^3.0.3
1141 silly packumentCache full:https://registry.npmjs.org/@jridgewell%2fresolve-uri cache-miss
1142 silly fetch manifest @jridgewell/sourcemap-codec@^1.4.10
1143 silly packumentCache full:https://registry.npmjs.org/@jridgewell%2fsourcemap-codec cache-miss
1144 http cache https://registry.npmjs.org/@jridgewell%2fresolve-uri 2ms (cache hit)
1145 silly packumentCache full:https://registry.npmjs.org/@jridgewell%2fresolve-uri set size:57361 disposed:false
1146 http cache https://registry.npmjs.org/@jridgewell%2fsourcemap-codec 2ms (cache hit)
1147 silly packumentCache full:https://registry.npmjs.org/@jridgewell%2fsourcemap-codec set size:51856 disposed:false
1148 silly placeDep ROOT @jridgewell/resolve-uri@3.1.2 OK for: @jridgewell/trace-mapping@0.3.9 want: ^3.0.3
1149 silly placeDep ROOT @jridgewell/sourcemap-codec@1.5.5 OK for: @jridgewell/trace-mapping@0.3.9 want: ^1.4.10
1150 silly placeDep ROOT @types/strip-bom@3.0.0 OK for: tsconfig@7.0.0 want: ^3.0.0
1151 silly placeDep ROOT @types/strip-json-comments@0.0.30 OK for: tsconfig@7.0.0 want: 0.0.30
1152 silly placeDep ROOT strip-bom@3.0.0 OK for: tsconfig@7.0.0 want: ^3.0.0
1153 silly placeDep ROOT strip-json-comments@2.0.1 OK for: tsconfig@7.0.0 want: ^2.0.0
1154 silly placeDep ROOT @typescript/typescript-aix-ppc64@7.0.2 OK for: typescript@7.0.2 want: 7.0.2
1155 silly placeDep ROOT @typescript/typescript-darwin-arm64@7.0.2 OK for: typescript@7.0.2 want: 7.0.2
1156 silly placeDep ROOT @typescript/typescript-darwin-x64@7.0.2 OK for: typescript@7.0.2 want: 7.0.2
1157 silly placeDep ROOT @typescript/typescript-freebsd-arm64@7.0.2 OK for: typescript@7.0.2 want: 7.0.2
1158 silly placeDep ROOT @typescript/typescript-freebsd-x64@7.0.2 OK for: typescript@7.0.2 want: 7.0.2
1159 silly placeDep ROOT @typescript/typescript-linux-arm@7.0.2 OK for: typescript@7.0.2 want: 7.0.2
1160 silly placeDep ROOT @typescript/typescript-linux-arm64@7.0.2 OK for: typescript@7.0.2 want: 7.0.2
1161 silly placeDep ROOT @typescript/typescript-linux-loong64@7.0.2 OK for: typescript@7.0.2 want: 7.0.2
1162 silly placeDep ROOT @typescript/typescript-linux-mips64el@7.0.2 OK for: typescript@7.0.2 want: 7.0.2
1163 silly placeDep ROOT @typescript/typescript-linux-ppc64@7.0.2 OK for: typescript@7.0.2 want: 7.0.2
1164 silly placeDep ROOT @typescript/typescript-linux-riscv64@7.0.2 OK for: typescript@7.0.2 want: 7.0.2
1165 silly placeDep ROOT @typescript/typescript-linux-s390x@7.0.2 OK for: typescript@7.0.2 want: 7.0.2
1166 silly placeDep ROOT @typescript/typescript-linux-x64@7.0.2 OK for: typescript@7.0.2 want: 7.0.2
1167 silly placeDep ROOT @typescript/typescript-netbsd-arm64@7.0.2 OK for: typescript@7.0.2 want: 7.0.2
1168 silly placeDep ROOT @typescript/typescript-netbsd-x64@7.0.2 OK for: typescript@7.0.2 want: 7.0.2
1169 silly placeDep ROOT @typescript/typescript-openbsd-arm64@7.0.2 OK for: typescript@7.0.2 want: 7.0.2
1170 silly placeDep ROOT @typescript/typescript-openbsd-x64@7.0.2 OK for: typescript@7.0.2 want: 7.0.2
1171 silly placeDep ROOT @typescript/typescript-sunos-x64@7.0.2 OK for: typescript@7.0.2 want: 7.0.2
1172 silly placeDep ROOT @typescript/typescript-win32-arm64@7.0.2 OK for: typescript@7.0.2 want: 7.0.2
1173 silly placeDep ROOT @typescript/typescript-win32-x64@7.0.2 OK for: typescript@7.0.2 want: 7.0.2
1174 silly placeDep ROOT isexe@2.0.0 OK for: which@2.0.2 want: ^2.0.0
1175 silly placeDep ROOT grammex@3.1.13 OK for: zeptomatch@2.1.0 want: ^3.1.11
1176 silly placeDep ROOT graphmatch@1.1.1 OK for: zeptomatch@2.1.0 want: ^1.1.0
1177 silly placeDep ROOT anymatch@3.1.3 OK for: chokidar@3.6.0 want: ~3.1.2
1178 silly placeDep ROOT braces@3.0.3 OK for: chokidar@3.6.0 want: ~3.0.2
1179 silly placeDep ROOT fsevents@2.3.3 OK for: chokidar@3.6.0 want: ~2.3.2
1180 silly placeDep ROOT glob-parent@5.1.2 OK for: chokidar@3.6.0 want: ~5.1.2
1181 silly placeDep ROOT is-binary-path@2.1.0 OK for: chokidar@3.6.0 want: ~2.1.0
1182 silly placeDep ROOT is-glob@4.0.3 OK for: chokidar@3.6.0 want: ~4.0.1
1183 silly placeDep ROOT normalize-path@3.0.0 OK for: chokidar@3.6.0 want: ~3.0.0
1184 silly placeDep node_modules/ts-node-dev readdirp@3.6.0 OK for: chokidar@3.6.0 want: ~3.6.0
1185 silly fetch manifest picomatch@^2.0.4
1186 silly packumentCache full:https://registry.npmjs.org/picomatch cache-miss
1187 silly fetch manifest normalize-path@^3.0.0
1188 silly packumentCache full:https://registry.npmjs.org/normalize-path cache-hit
1189 silly fetch manifest fill-range@^7.1.1
1190 silly packumentCache full:https://registry.npmjs.org/fill-range cache-miss
1191 silly fetch manifest is-glob@^4.0.1
1192 silly packumentCache full:https://registry.npmjs.org/is-glob cache-hit
1193 silly fetch manifest binary-extensions@^2.0.0
1194 silly packumentCache full:https://registry.npmjs.org/binary-extensions cache-miss
1195 silly fetch manifest is-extglob@^2.1.1
1196 silly packumentCache full:https://registry.npmjs.org/is-extglob cache-miss
1197 silly fetch manifest picomatch@^2.2.1
1198 silly packumentCache full:https://registry.npmjs.org/picomatch cache-miss
1199 http cache https://registry.npmjs.org/is-extglob 3ms (cache hit)
1200 silly packumentCache full:https://registry.npmjs.org/is-extglob set size:11766 disposed:false
1201 http cache https://registry.npmjs.org/binary-extensions 3ms (cache hit)
1202 silly packumentCache full:https://registry.npmjs.org/binary-extensions set size:51551 disposed:false
1203 http cache https://registry.npmjs.org/fill-range 5ms (cache hit)
1204 silly packumentCache full:https://registry.npmjs.org/fill-range set size:90162 disposed:false
1205 http cache https://registry.npmjs.org/picomatch 5ms (cache hit)
1206 silly packumentCache full:https://registry.npmjs.org/picomatch set size:128942 disposed:false
1207 http cache https://registry.npmjs.org/picomatch 7ms (cache hit)
1208 silly packumentCache full:https://registry.npmjs.org/picomatch set size:128942 disposed:false
1209 silly packumentCache full:https://registry.npmjs.org/picomatch dispose
1210 silly placeDep ROOT picomatch@2.3.2 OK for: anymatch@3.1.3 want: ^2.0.4
1211 silly placeDep ROOT fill-range@7.1.1 OK for: braces@3.0.3 want: ^7.1.1
1212 silly fetch manifest to-regex-range@^5.0.1
1213 silly packumentCache full:https://registry.npmjs.org/to-regex-range cache-miss
1214 http cache https://registry.npmjs.org/to-regex-range 1ms (cache hit)
1215 silly packumentCache full:https://registry.npmjs.org/to-regex-range set size:61569 disposed:false
1216 silly placeDep ROOT to-regex-range@5.0.1 OK for: fill-range@7.1.1 want: ^5.0.1
1217 silly fetch manifest is-number@^7.0.0
1218 silly packumentCache full:https://registry.npmjs.org/is-number cache-miss
1219 http cache https://registry.npmjs.org/is-number 1ms (cache hit)
1220 silly packumentCache full:https://registry.npmjs.org/is-number set size:36183 disposed:false
1221 silly placeDep ROOT binary-extensions@2.3.0 OK for: is-binary-path@2.1.0 want: ^2.0.0
1222 silly placeDep ROOT is-extglob@2.1.1 OK for: is-glob@4.0.3 want: ^2.1.1
1223 silly placeDep ROOT is-number@7.0.0 OK for: to-regex-range@5.0.1 want: ^7.0.0
1224 silly reify mark retired [
1224 silly reify   '/Users/mushfiq/Desktop/football-auction2/football-auction-backend/node_modules/effect'
1224 silly reify ]
1225 silly reify mark retired [
1225 silly reify   '/Users/mushfiq/Desktop/football-auction2/football-auction-backend/node_modules/elkjs'
1225 silly reify ]
1226 silly reify mark retired [
1226 silly reify   '/Users/mushfiq/Desktop/football-auction2/football-auction-backend/node_modules/prisma'
1226 silly reify ]
1227 silly reify mark retired [
1227 silly reify   '/Users/mushfiq/Desktop/football-auction2/football-auction-backend/node_modules/react-dom'
1227 silly reify ]
1228 silly reify mark retired [
1228 silly reify   '/Users/mushfiq/Desktop/football-auction2/football-auction-backend/node_modules/std-env'
1228 silly reify ]
1229 silly reify mark retired [
1229 silly reify   '/Users/mushfiq/Desktop/football-auction2/football-auction-backend/node_modules/typescript'
1229 silly reify ]
1230 silly reify mark retired [
1230 silly reify   '/Users/mushfiq/Desktop/football-auction2/football-auction-backend/node_modules/ts-node-dev'
1230 silly reify ]
1231 silly reify mark retired [
1231 silly reify   '/Users/mushfiq/Desktop/football-auction2/football-auction-backend/node_modules/@electric-sql/pglite'
1231 silly reify ]
1232 silly reify mark retired [
1232 silly reify   '/Users/mushfiq/Desktop/football-auction2/football-auction-backend/node_modules/@prisma/dev'
1232 silly reify ]
1233 silly reify mark retired [
1233 silly reify   '/Users/mushfiq/Desktop/football-auction2/football-auction-backend/node_modules/@prisma/studio-core'
1233 silly reify ]
1234 silly reify mark retired [
1234 silly reify   '/Users/mushfiq/Desktop/football-auction2/football-auction-backend/node_modules/@prisma/query-plan-executor'
1234 silly reify ]
1235 silly reify mark retired [
1235 silly reify   '/Users/mushfiq/Desktop/football-auction2/football-auction-backend/node_modules/@types/bcryptjs'
1235 silly reify ]
1236 silly reify mark retired [
1236 silly reify   '/Users/mushfiq/Desktop/football-auction2/football-auction-backend/node_modules/@types/body-parser'
1236 silly reify ]
1237 silly reify mark retired [
1237 silly reify   '/Users/mushfiq/Desktop/football-auction2/football-auction-backend/node_modules/@types/express'
1237 silly reify ]
1238 silly reify mark retired [
1238 silly reify   '/Users/mushfiq/Desktop/football-auction2/football-auction-backend/node_modules/@types/jsonwebtoken'
1238 silly reify ]
1239 silly reify mark retired [
1239 silly reify   '/Users/mushfiq/Desktop/football-auction2/football-auction-backend/node_modules/@types/multer'
1239 silly reify ]
1240 silly reify mark retired [
1240 silly reify   '/Users/mushfiq/Desktop/football-auction2/football-auction-backend/node_modules/@types/qs'
1240 silly reify ]
1241 silly reify mark retired [
1241 silly reify   '/Users/mushfiq/Desktop/football-auction2/football-auction-backend/node_modules/@typescript/typescript-darwin-arm64'
1241 silly reify ]
1242 silly reify mark retired [
1242 silly reify   '/Users/mushfiq/Desktop/football-auction2/football-auction-backend/node_modules/acorn',
1242 silly reify   '/Users/mushfiq/Desktop/football-auction2/football-auction-backend/node_modules/.bin/acorn'
1242 silly reify ]
1243 silly reify mark retired [
1243 silly reify   '/Users/mushfiq/Desktop/football-auction2/football-auction-backend/node_modules/arg'
1243 silly reify ]
1244 silly reify mark retired [
1244 silly reify   '/Users/mushfiq/Desktop/football-auction2/football-auction-backend/node_modules/acorn-walk'
1244 silly reify ]
1245 silly reify mark retired [
1245 silly reify   '/Users/mushfiq/Desktop/football-auction2/football-auction-backend/node_modules/ajv'
1245 silly reify ]
1246 silly reify mark retired [
1246 silly reify   '/Users/mushfiq/Desktop/football-auction2/football-auction-backend/node_modules/aws-ssl-profiles'
1246 silly reify ]
1247 silly reify mark retired [
1247 silly reify   '/Users/mushfiq/Desktop/football-auction2/football-auction-backend/node_modules/balanced-match'
1247 silly reify ]
1248 silly reify mark retired [
1248 silly reify   '/Users/mushfiq/Desktop/football-auction2/football-auction-backend/node_modules/better-result'
1248 silly reify ]
1249 silly reify mark retired [
1249 silly reify   '/Users/mushfiq/Desktop/football-auction2/football-auction-backend/node_modules/binary-extensions'
1249 silly reify ]
1250 silly reify mark retired [
1250 silly reify   '/Users/mushfiq/Desktop/football-auction2/football-auction-backend/node_modules/brace-expansion'
1250 silly reify ]
1251 silly reify mark retired [
1251 silly reify   '/Users/mushfiq/Desktop/football-auction2/football-auction-backend/node_modules/anymatch'
1251 silly reify ]
1252 silly reify mark retired [
1252 silly reify   '/Users/mushfiq/Desktop/football-auction2/football-auction-backend/node_modules/braces'
1252 silly reify ]
1253 silly reify mark retired [
1253 silly reify   '/Users/mushfiq/Desktop/football-auction2/football-auction-backend/node_modules/chokidar'
1253 silly reify ]
1254 silly reify mark retired [
1254 silly reify   '/Users/mushfiq/Desktop/football-auction2/football-auction-backend/node_modules/c12'
1254 silly reify ]
1255 silly reify mark retired [
1255 silly reify   '/Users/mushfiq/Desktop/football-auction2/football-auction-backend/node_modules/classnames'
1255 silly reify ]
1256 silly reify mark retired [
1256 silly reify   '/Users/mushfiq/Desktop/football-auction2/football-auction-backend/node_modules/concat-map'
1256 silly reify ]
1257 silly reify mark retired [
1257 silly reify   '/Users/mushfiq/Desktop/football-auction2/football-auction-backend/node_modules/cross-spawn'
1257 silly reify ]
1258 silly reify mark retired [
1258 silly reify   '/Users/mushfiq/Desktop/football-auction2/football-auction-backend/node_modules/confbox'
1258 silly reify ]
1259 silly reify mark retired [
1259 silly reify   '/Users/mushfiq/Desktop/football-auction2/football-auction-backend/node_modules/create-require'
1259 silly reify ]
1260 silly reify mark retired [
1260 silly reify   '/Users/mushfiq/Desktop/football-auction2/football-auction-backend/node_modules/d3-color'
1260 silly reify ]
1261 silly reify mark retired [
1261 silly reify   '/Users/mushfiq/Desktop/football-auction2/football-auction-backend/node_modules/csstype'
1261 silly reify ]
1262 silly reify mark retired [
1262 silly reify   '/Users/mushfiq/Desktop/football-auction2/football-auction-backend/node_modules/d3-geo'
1262 silly reify ]
1263 silly reify mark retired [
1263 silly reify   '/Users/mushfiq/Desktop/football-auction2/football-auction-backend/node_modules/d3-interpolate'
1263 silly reify ]
1264 silly reify mark retired [
1264 silly reify   '/Users/mushfiq/Desktop/football-auction2/football-auction-backend/node_modules/d3-path'
1264 silly reify ]
1265 silly reify mark retired [
1265 silly reify   '/Users/mushfiq/Desktop/football-auction2/football-auction-backend/node_modules/d3-scale'
1265 silly reify ]
1266 silly reify mark retired [
1266 silly reify   '/Users/mushfiq/Desktop/football-auction2/football-auction-backend/node_modules/d3-time-format'
1266 silly reify ]
1267 silly reify mark retired [
1267 silly reify   '/Users/mushfiq/Desktop/football-auction2/football-auction-backend/node_modules/d3-format'
1267 silly reify ]
1268 silly reify mark retired [
1268 silly reify   '/Users/mushfiq/Desktop/football-auction2/football-auction-backend/node_modules/d3-time'
1268 silly reify ]
1269 silly reify mark retired [
1269 silly reify   '/Users/mushfiq/Desktop/football-auction2/football-auction-backend/node_modules/d3-delaunay'
1269 silly reify ]
1270 silly reify mark retired [
1270 silly reify   '/Users/mushfiq/Desktop/football-auction2/football-auction-backend/node_modules/d3-array'
1270 silly reify ]
1271 silly reify mark retired [
1271 silly reify   '/Users/mushfiq/Desktop/football-auction2/football-auction-backend/node_modules/d3-shape'
1271 silly reify ]
1272 silly reify mark retired [
1272 silly reify   '/Users/mushfiq/Desktop/football-auction2/football-auction-backend/node_modules/deepmerge-ts'
1272 silly reify ]
1273 silly reify mark retired [
1273 silly reify   '/Users/mushfiq/Desktop/football-auction2/football-auction-backend/node_modules/denque'
1273 silly reify ]
1274 silly reify mark retired [
1274 silly reify   '/Users/mushfiq/Desktop/football-auction2/football-auction-backend/node_modules/destr'
1274 silly reify ]
1275 silly reify mark retired [
1275 silly reify   '/Users/mushfiq/Desktop/football-auction2/football-auction-backend/node_modules/delaunator'
1275 silly reify ]
1276 silly reify mark retired [
1276 silly reify   '/Users/mushfiq/Desktop/football-auction2/football-auction-backend/node_modules/defu'
1276 silly reify ]
1277 silly reify mark retired [
1277 silly reify   '/Users/mushfiq/Desktop/football-auction2/football-auction-backend/node_modules/diff'
1277 silly reify ]
1278 silly reify mark retired [
1278 silly reify   '/Users/mushfiq/Desktop/football-auction2/football-auction-backend/node_modules/dynamic-dedupe'
1278 silly reify ]
1279 silly reify mark retired [
1279 silly reify   '/Users/mushfiq/Desktop/football-auction2/football-auction-backend/node_modules/empathic'
1279 silly reify ]
1280 silly reify mark retired [
1280 silly reify   '/Users/mushfiq/Desktop/football-auction2/football-auction-backend/node_modules/env-paths'
1280 silly reify ]
1281 silly reify mark retired [
1281 silly reify   '/Users/mushfiq/Desktop/football-auction2/football-auction-backend/node_modules/fast-check'
1281 silly reify ]
1282 silly reify mark retired [
1282 silly reify   '/Users/mushfiq/Desktop/football-auction2/football-auction-backend/node_modules/exsolve'
1282 silly reify ]
1283 silly reify mark retired [
1283 silly reify   '/Users/mushfiq/Desktop/football-auction2/football-auction-backend/node_modules/fast-decode-uri-component'
1283 silly reify ]
1284 silly reify mark retired [
1284 silly reify   '/Users/mushfiq/Desktop/football-auction2/football-auction-backend/node_modules/fast-deep-equal'
1284 silly reify ]
1285 silly reify mark retired [
1285 silly reify   '/Users/mushfiq/Desktop/football-auction2/football-auction-backend/node_modules/fast-uri'
1285 silly reify ]
1286 silly reify mark retired [
1286 silly reify   '/Users/mushfiq/Desktop/football-auction2/football-auction-backend/node_modules/fill-range'
1286 silly reify ]
1287 silly reify mark retired [
1287 silly reify   '/Users/mushfiq/Desktop/football-auction2/football-auction-backend/node_modules/foreground-child'
1287 silly reify ]
1288 silly reify mark retired [
1288 silly reify   '/Users/mushfiq/Desktop/football-auction2/football-auction-backend/node_modules/fast-querystring'
1288 silly reify ]
1289 silly reify mark retired [
1289 silly reify   '/Users/mushfiq/Desktop/football-auction2/football-auction-backend/node_modules/find-my-way'
1289 silly reify ]
1290 silly reify mark retired [
1290 silly reify   '/Users/mushfiq/Desktop/football-auction2/football-auction-backend/node_modules/fsevents'
1290 silly reify ]
1291 silly reify mark retired [
1291 silly reify   '/Users/mushfiq/Desktop/football-auction2/football-auction-backend/node_modules/generate-function'
1291 silly reify ]
1292 silly reify mark retired [
1292 silly reify   '/Users/mushfiq/Desktop/football-auction2/football-auction-backend/node_modules/fs.realpath'
1292 silly reify ]
1293 silly reify mark retired [
1293 silly reify   '/Users/mushfiq/Desktop/football-auction2/football-auction-backend/node_modules/giget',
1293 silly reify   '/Users/mushfiq/Desktop/football-auction2/football-auction-backend/node_modules/.bin/giget'
1293 silly reify ]
1294 silly reify mark retired [
1294 silly reify   '/Users/mushfiq/Desktop/football-auction2/football-auction-backend/node_modules/get-port-please'
1294 silly reify ]
1295 silly reify mark retired [
1295 silly reify   '/Users/mushfiq/Desktop/football-auction2/football-auction-backend/node_modules/glob'
1295 silly reify ]
1296 silly reify mark retired [
1296 silly reify   '/Users/mushfiq/Desktop/football-auction2/football-auction-backend/node_modules/glob-parent'
1296 silly reify ]
1297 silly reify mark retired [
1297 silly reify   '/Users/mushfiq/Desktop/football-auction2/football-auction-backend/node_modules/graceful-fs'
1297 silly reify ]
1298 silly reify mark retired [
1298 silly reify   '/Users/mushfiq/Desktop/football-auction2/football-auction-backend/node_modules/grammex'
1298 silly reify ]
1299 silly reify mark retired [
1299 silly reify   '/Users/mushfiq/Desktop/football-auction2/football-auction-backend/node_modules/graphmatch'
1299 silly reify ]
1300 silly reify mark retired [
1300 silly reify   '/Users/mushfiq/Desktop/football-auction2/football-auction-backend/node_modules/internmap'
1300 silly reify ]
1301 silly reify mark retired [
1301 silly reify   '/Users/mushfiq/Desktop/football-auction2/football-auction-backend/node_modules/inflight'
1301 silly reify ]
1302 silly reify mark retired [
1302 silly reify   '/Users/mushfiq/Desktop/football-auction2/football-auction-backend/node_modules/is-extglob'
1302 silly reify ]
1303 silly reify mark retired [
1303 silly reify   '/Users/mushfiq/Desktop/football-auction2/football-auction-backend/node_modules/is-glob'
1303 silly reify ]
1304 silly reify mark retired [
1304 silly reify   '/Users/mushfiq/Desktop/football-auction2/football-auction-backend/node_modules/is-binary-path'
1304 silly reify ]
1305 silly reify mark retired [
1305 silly reify   '/Users/mushfiq/Desktop/football-auction2/football-auction-backend/node_modules/is-property'
1305 silly reify ]
1306 silly reify mark retired [
1306 silly reify   '/Users/mushfiq/Desktop/football-auction2/football-auction-backend/node_modules/is-core-module'
1306 silly reify ]
1307 silly reify mark retired [
1307 silly reify   '/Users/mushfiq/Desktop/football-auction2/football-auction-backend/node_modules/isexe'
1307 silly reify ]
1308 silly reify mark retired [
1308 silly reify   '/Users/mushfiq/Desktop/football-auction2/football-auction-backend/node_modules/jiti',
1308 silly reify   '/Users/mushfiq/Desktop/football-auction2/football-auction-backend/node_modules/.bin/jiti'
1308 silly reify ]
1309 silly reify mark retired [
1309 silly reify   '/Users/mushfiq/Desktop/football-auction2/football-auction-backend/node_modules/json-schema-traverse'
1309 silly reify ]
1310 silly reify mark retired [
1310 silly reify   '/Users/mushfiq/Desktop/football-auction2/football-auction-backend/node_modules/is-number'
1310 silly reify ]
1311 silly reify mark retired [
1311 silly reify   '/Users/mushfiq/Desktop/football-auction2/football-auction-backend/node_modules/long'
1311 silly reify ]
1312 silly reify mark retired [
1312 silly reify   '/Users/mushfiq/Desktop/football-auction2/football-auction-backend/node_modules/lru.min'
1312 silly reify ]
1313 silly reify mark retired [
1313 silly reify   '/Users/mushfiq/Desktop/football-auction2/football-auction-backend/node_modules/minimatch'
1313 silly reify ]
1314 silly reify mark retired [
1314 silly reify   '/Users/mushfiq/Desktop/football-auction2/football-auction-backend/node_modules/mkdirp',
1314 silly reify   '/Users/mushfiq/Desktop/football-auction2/football-auction-backend/node_modules/.bin/mkdirp'
1314 silly reify ]
1315 silly reify mark retired [
1315 silly reify   '/Users/mushfiq/Desktop/football-auction2/football-auction-backend/node_modules/make-error'
1315 silly reify ]
1316 silly reify mark retired [
1316 silly reify   '/Users/mushfiq/Desktop/football-auction2/football-auction-backend/node_modules/minimist'
1316 silly reify ]
1317 silly reify mark retired [
1317 silly reify   '/Users/mushfiq/Desktop/football-auction2/football-auction-backend/node_modules/mysql2'
1317 silly reify ]
1318 silly reify mark retired [
1318 silly reify   '/Users/mushfiq/Desktop/football-auction2/football-auction-backend/node_modules/named-placeholders'
1318 silly reify ]
1319 silly reify mark retired [
1319 silly reify   '/Users/mushfiq/Desktop/football-auction2/football-auction-backend/node_modules/ohash'
1319 silly reify ]
1320 silly reify mark retired [
1320 silly reify   '/Users/mushfiq/Desktop/football-auction2/football-auction-backend/node_modules/path-is-absolute'
1320 silly reify ]
1321 silly reify mark retired [
1321 silly reify   '/Users/mushfiq/Desktop/football-auction2/football-auction-backend/node_modules/path-key'
1321 silly reify ]
1322 silly reify mark retired [
1322 silly reify   '/Users/mushfiq/Desktop/football-auction2/football-auction-backend/node_modules/pathe'
1322 silly reify ]
1323 silly reify mark retired [
1323 silly reify   '/Users/mushfiq/Desktop/football-auction2/football-auction-backend/node_modules/normalize-path'
1323 silly reify ]
1324 silly reify mark retired [
1324 silly reify   '/Users/mushfiq/Desktop/football-auction2/football-auction-backend/node_modules/picomatch'
1324 silly reify ]
1325 silly reify mark retired [
1325 silly reify   '/Users/mushfiq/Desktop/football-auction2/football-auction-backend/node_modules/perfect-debounce'
1325 silly reify ]
1326 silly reify mark retired [
1326 silly reify   '/Users/mushfiq/Desktop/football-auction2/football-auction-backend/node_modules/postgres'
1326 silly reify ]
1327 silly reify mark retired [
1327 silly reify   '/Users/mushfiq/Desktop/football-auction2/football-auction-backend/node_modules/proper-lockfile'
1327 silly reify ]
1328 silly reify mark retired [
1328 silly reify   '/Users/mushfiq/Desktop/football-auction2/football-auction-backend/node_modules/pkg-types'
1328 silly reify ]
1329 silly reify mark retired [
1329 silly reify   '/Users/mushfiq/Desktop/football-auction2/football-auction-backend/node_modules/path-parse'
1329 silly reify ]
1330 silly reify mark retired [
1330 silly reify   '/Users/mushfiq/Desktop/football-auction2/football-auction-backend/node_modules/rc9'
1330 silly reify ]
1331 silly reify mark retired [
1331 silly reify   '/Users/mushfiq/Desktop/football-auction2/football-auction-backend/node_modules/pure-rand'
1331 silly reify ]
1332 silly reify mark retired [
1332 silly reify   '/Users/mushfiq/Desktop/football-auction2/football-auction-backend/node_modules/react'
1332 silly reify ]
1333 silly reify mark retired [
1333 silly reify   '/Users/mushfiq/Desktop/football-auction2/football-auction-backend/node_modules/readdirp'
1333 silly reify ]
1334 silly reify mark retired [
1334 silly reify   '/Users/mushfiq/Desktop/football-auction2/football-auction-backend/node_modules/ret'
1334 silly reify ]
1335 silly reify mark retired [
1335 silly reify   '/Users/mushfiq/Desktop/football-auction2/football-auction-backend/node_modules/resolve',
1335 silly reify   '/Users/mushfiq/Desktop/football-auction2/football-auction-backend/node_modules/.bin/resolve'
1335 silly reify ]
1336 silly reify mark retired [
1336 silly reify   '/Users/mushfiq/Desktop/football-auction2/football-auction-backend/node_modules/retry'
1336 silly reify ]
1337 silly reify mark retired [
1337 silly reify   '/Users/mushfiq/Desktop/football-auction2/football-auction-backend/node_modules/require-from-string'
1337 silly reify ]
1338 silly reify mark retired [
1338 silly reify   '/Users/mushfiq/Desktop/football-auction2/football-auction-backend/node_modules/robust-predicates'
1338 silly reify ]
1339 silly reify mark retired [
1339 silly reify   '/Users/mushfiq/Desktop/football-auction2/football-auction-backend/node_modules/rimraf',
1339 silly reify   '/Users/mushfiq/Desktop/football-auction2/football-auction-backend/node_modules/.bin/rimraf'
1339 silly reify ]
1340 silly reify mark retired [
1340 silly reify   '/Users/mushfiq/Desktop/football-auction2/football-auction-backend/node_modules/safe-regex2',
1340 silly reify   '/Users/mushfiq/Desktop/football-auction2/football-auction-backend/node_modules/.bin/safe-regex2'
1340 silly reify ]
1341 silly reify mark retired [
1341 silly reify   '/Users/mushfiq/Desktop/football-auction2/football-auction-backend/node_modules/scheduler'
1341 silly reify ]
1342 silly reify mark retired [
1342 silly reify   '/Users/mushfiq/Desktop/football-auction2/football-auction-backend/node_modules/shebang-command'
1342 silly reify ]
1343 silly reify mark retired [
1343 silly reify   '/Users/mushfiq/Desktop/football-auction2/football-auction-backend/node_modules/shebang-regex'
1343 silly reify ]
1344 silly reify mark retired [
1344 silly reify   '/Users/mushfiq/Desktop/football-auction2/football-auction-backend/node_modules/remeda'
1344 silly reify ]
1345 silly reify mark retired [
1345 silly reify   '/Users/mushfiq/Desktop/football-auction2/football-auction-backend/node_modules/seq-queue'
1345 silly reify ]
1346 silly reify mark retired [
1346 silly reify   '/Users/mushfiq/Desktop/football-auction2/football-auction-backend/node_modules/signal-exit'
1346 silly reify ]
1347 silly reify mark retired [
1347 silly reify   '/Users/mushfiq/Desktop/football-auction2/football-auction-backend/node_modules/source-map-support'
1347 silly reify ]
1348 silly reify mark retired [
1348 silly reify   '/Users/mushfiq/Desktop/football-auction2/football-auction-backend/node_modules/source-map'
1348 silly reify ]
1349 silly reify mark retired [
1349 silly reify   '/Users/mushfiq/Desktop/football-auction2/football-auction-backend/node_modules/strip-bom'
1349 silly reify ]
1350 silly reify mark retired [
1350 silly reify   '/Users/mushfiq/Desktop/football-auction2/football-auction-backend/node_modules/supports-preserve-symlinks-flag'
1350 silly reify ]
1351 silly reify mark retired [
1351 silly reify   '/Users/mushfiq/Desktop/football-auction2/football-auction-backend/node_modules/strip-json-comments'
1351 silly reify ]
1352 silly reify mark retired [
1352 silly reify   '/Users/mushfiq/Desktop/football-auction2/football-auction-backend/node_modules/sqlstring'
1352 silly reify ]
1353 silly reify mark retired [
1353 silly reify   '/Users/mushfiq/Desktop/football-auction2/football-auction-backend/node_modules/tree-kill',
1353 silly reify   '/Users/mushfiq/Desktop/football-auction2/football-auction-backend/node_modules/.bin/tree-kill'
1353 silly reify ]
1354 silly reify mark retired [
1354 silly reify   '/Users/mushfiq/Desktop/football-auction2/football-auction-backend/node_modules/tsconfig'
1354 silly reify ]
1355 silly reify mark retired [
1355 silly reify   '/Users/mushfiq/Desktop/football-auction2/football-auction-backend/node_modules/ts-node',
1355 silly reify   '/Users/mushfiq/Desktop/football-auction2/football-auction-backend/node_modules/.bin/ts-node',
1355 silly reify   '/Users/mushfiq/Desktop/football-auction2/football-auction-backend/node_modules/.bin/ts-node-cwd',
1355 silly reify   '/Users/mushfiq/Desktop/football-auction2/football-auction-backend/node_modules/.bin/ts-node-esm',
1355 silly reify   '/Users/mushfiq/Desktop/football-auction2/football-auction-backend/node_modules/.bin/ts-node-script',
1355 silly reify   '/Users/mushfiq/Desktop/football-auction2/football-auction-backend/node_modules/.bin/ts-node-transpile-only',
1355 silly reify   '/Users/mushfiq/Desktop/football-auction2/football-auction-backend/node_modules/.bin/ts-script'
1355 silly reify ]
1356 silly reify mark retired [
1356 silly reify   '/Users/mushfiq/Desktop/football-auction2/football-auction-backend/node_modules/to-regex-range'
1356 silly reify ]
1357 silly reify mark retired [
1357 silly reify   '/Users/mushfiq/Desktop/football-auction2/football-auction-backend/node_modules/v8-compile-cache-lib'
1357 silly reify ]
1358 silly reify mark retired [
1358 silly reify   '/Users/mushfiq/Desktop/football-auction2/football-auction-backend/node_modules/which',
1358 silly reify   '/Users/mushfiq/Desktop/football-auction2/football-auction-backend/node_modules/.bin/node-which'
1358 silly reify ]
1359 silly reify mark retired [
1359 silly reify   '/Users/mushfiq/Desktop/football-auction2/football-auction-backend/node_modules/valibot'
1359 silly reify ]
1360 silly reify mark retired [
1360 silly reify   '/Users/mushfiq/Desktop/football-auction2/football-auction-backend/node_modules/xtend'
1360 silly reify ]
1361 silly reify mark retired [
1361 silly reify   '/Users/mushfiq/Desktop/football-auction2/football-auction-backend/node_modules/zeptomatch'
1361 silly reify ]
1362 silly reify mark retired [
1362 silly reify   '/Users/mushfiq/Desktop/football-auction2/football-auction-backend/node_modules/yn'
1362 silly reify ]
1363 silly reify mark retired [
1363 silly reify   '/Users/mushfiq/Desktop/football-auction2/football-auction-backend/node_modules/@electric-sql/pglite-socket',
1363 silly reify   '/Users/mushfiq/Desktop/football-auction2/football-auction-backend/node_modules/.bin/pglite-server'
1363 silly reify ]
1364 silly reify mark retired [
1364 silly reify   '/Users/mushfiq/Desktop/football-auction2/football-auction-backend/node_modules/@jridgewell/sourcemap-codec'
1364 silly reify ]
1365 silly reify mark retired [
1365 silly reify   '/Users/mushfiq/Desktop/football-auction2/football-auction-backend/node_modules/@electric-sql/pglite-tools'
1365 silly reify ]
1366 silly reify mark retired [
1366 silly reify   '/Users/mushfiq/Desktop/football-auction2/football-auction-backend/node_modules/@prisma/config'
1366 silly reify ]
1367 silly reify mark retired [
1367 silly reify   '/Users/mushfiq/Desktop/football-auction2/football-auction-backend/node_modules/@jridgewell/trace-mapping'
1367 silly reify ]
1368 silly reify mark retired [
1368 silly reify   '/Users/mushfiq/Desktop/football-auction2/football-auction-backend/node_modules/@prisma/debug'
1368 silly reify ]
1369 silly reify mark retired [
1369 silly reify   '/Users/mushfiq/Desktop/football-auction2/football-auction-backend/node_modules/@cspotcode/source-map-support'
1369 silly reify ]
1370 silly reify mark retired [
1370 silly reify   '/Users/mushfiq/Desktop/football-auction2/football-auction-backend/node_modules/@jridgewell/resolve-uri'
1370 silly reify ]
1371 silly reify mark retired [
1371 silly reify   '/Users/mushfiq/Desktop/football-auction2/football-auction-backend/node_modules/@prisma/fetch-engine'
1371 silly reify ]
1372 silly reify mark retired [
1372 silly reify   '/Users/mushfiq/Desktop/football-auction2/football-auction-backend/node_modules/@prisma/engines-version'
1372 silly reify ]
1373 silly reify mark retired [
1373 silly reify   '/Users/mushfiq/Desktop/football-auction2/football-auction-backend/node_modules/@prisma/streams-local'
1373 silly reify ]
1374 silly reify mark retired [
1374 silly reify   '/Users/mushfiq/Desktop/football-auction2/football-auction-backend/node_modules/@radix-ui/primitive'
1374 silly reify ]
1375 silly reify mark retired [
1375 silly reify   '/Users/mushfiq/Desktop/football-auction2/football-auction-backend/node_modules/@prisma/engines'
1375 silly reify ]
1376 silly reify mark retired [
1376 silly reify   '/Users/mushfiq/Desktop/football-auction2/football-auction-backend/node_modules/@radix-ui/react-compose-refs'
1376 silly reify ]
1377 silly reify mark retired [
1377 silly reify   '/Users/mushfiq/Desktop/football-auction2/football-auction-backend/node_modules/@radix-ui/react-slot'
1377 silly reify ]
1378 silly reify mark retired [
1378 silly reify   '/Users/mushfiq/Desktop/football-auction2/football-auction-backend/node_modules/@prisma/get-platform'
1378 silly reify ]
1379 silly reify mark retired [
1379 silly reify   '/Users/mushfiq/Desktop/football-auction2/football-auction-backend/node_modules/@radix-ui/react-primitive'
1379 silly reify ]
1380 silly reify mark retired [
1380 silly reify   '/Users/mushfiq/Desktop/football-auction2/football-auction-backend/node_modules/@radix-ui/react-toggle'
1380 silly reify ]
1381 silly reify mark retired [
1381 silly reify   '/Users/mushfiq/Desktop/football-auction2/football-auction-backend/node_modules/@radix-ui/react-use-layout-effect'
1381 silly reify ]
1382 silly reify mark retired [
1382 silly reify   '/Users/mushfiq/Desktop/football-auction2/football-auction-backend/node_modules/@radix-ui/react-use-controllable-state'
1382 silly reify ]
1383 silly reify mark retired [
1383 silly reify   '/Users/mushfiq/Desktop/football-auction2/football-auction-backend/node_modules/@tsconfig/node12'
1383 silly reify ]
1384 silly reify mark retired [
1384 silly reify   '/Users/mushfiq/Desktop/football-auction2/football-auction-backend/node_modules/@radix-ui/react-use-effect-event'
1384 silly reify ]
1385 silly reify mark retired [
1385 silly reify   '/Users/mushfiq/Desktop/football-auction2/football-auction-backend/node_modules/@types/d3-array'
1385 silly reify ]
1386 silly reify mark retired [
1386 silly reify   '/Users/mushfiq/Desktop/football-auction2/football-auction-backend/node_modules/@tsconfig/node16'
1386 silly reify ]
1387 silly reify mark retired [
1387 silly reify   '/Users/mushfiq/Desktop/football-auction2/football-auction-backend/node_modules/@types/connect'
1387 silly reify ]
1388 silly reify mark retired [
1388 silly reify   '/Users/mushfiq/Desktop/football-auction2/football-auction-backend/node_modules/@types/d3-color'
1388 silly reify ]
1389 silly reify mark retired [
1389 silly reify   '/Users/mushfiq/Desktop/football-auction2/football-auction-backend/node_modules/@types/d3-delaunay'
1389 silly reify ]
1390 silly reify mark retired [
1390 silly reify   '/Users/mushfiq/Desktop/football-auction2/football-auction-backend/node_modules/@types/d3-format'
1390 silly reify ]
1391 silly reify mark retired [
1391 silly reify   '/Users/mushfiq/Desktop/football-auction2/football-auction-backend/node_modules/@standard-schema/spec'
1391 silly reify ]
1392 silly reify mark retired [
1392 silly reify   '/Users/mushfiq/Desktop/football-auction2/football-auction-backend/node_modules/@types/d3-interpolate'
1392 silly reify ]
1393 silly reify mark retired [
1393 silly reify   '/Users/mushfiq/Desktop/football-auction2/football-auction-backend/node_modules/@tsconfig/node10'
1393 silly reify ]
1394 silly reify mark retired [
1394 silly reify   '/Users/mushfiq/Desktop/football-auction2/football-auction-backend/node_modules/@types/d3-path'
1394 silly reify ]
1395 silly reify mark retired [
1395 silly reify   '/Users/mushfiq/Desktop/football-auction2/football-auction-backend/node_modules/@types/d3-scale'
1395 silly reify ]
1396 silly reify mark retired [
1396 silly reify   '/Users/mushfiq/Desktop/football-auction2/football-auction-backend/node_modules/@types/d3-shape'
1396 silly reify ]
1397 silly reify mark retired [
1397 silly reify   '/Users/mushfiq/Desktop/football-auction2/football-auction-backend/node_modules/@types/d3-time'
1397 silly reify ]
1398 silly reify mark retired [
1398 silly reify   '/Users/mushfiq/Desktop/football-auction2/football-auction-backend/node_modules/@types/express-serve-static-core'
1398 silly reify ]
1399 silly reify mark retired [
1399 silly reify   '/Users/mushfiq/Desktop/football-auction2/football-auction-backend/node_modules/@types/http-errors'
1399 silly reify ]
1400 silly reify mark retired [
1400 silly reify   '/Users/mushfiq/Desktop/football-auction2/football-auction-backend/node_modules/@types/geojson'
1400 silly reify ]
1401 silly reify mark retired [
1401 silly reify   '/Users/mushfiq/Desktop/football-auction2/football-auction-backend/node_modules/@types/d3-time-format'
1401 silly reify ]
1402 silly reify mark retired [
1402 silly reify   '/Users/mushfiq/Desktop/football-auction2/football-auction-backend/node_modules/@types/ms'
1402 silly reify ]
1403 silly reify mark retired [
1403 silly reify   '/Users/mushfiq/Desktop/football-auction2/football-auction-backend/node_modules/@types/lodash'
1403 silly reify ]
1404 silly reify mark retired [
1404 silly reify   '/Users/mushfiq/Desktop/football-auction2/football-auction-backend/node_modules/@types/range-parser'
1404 silly reify ]
1405 silly reify mark retired [
1405 silly reify   '/Users/mushfiq/Desktop/football-auction2/football-auction-backend/node_modules/@types/react'
1405 silly reify ]
1406 silly reify mark retired [
1406 silly reify   '/Users/mushfiq/Desktop/football-auction2/football-auction-backend/node_modules/@types/send'
1406 silly reify ]
1407 silly reify mark retired [
1407 silly reify   '/Users/mushfiq/Desktop/football-auction2/football-auction-backend/node_modules/@types/serve-static'
1407 silly reify ]
1408 silly reify mark retired [
1408 silly reify   '/Users/mushfiq/Desktop/football-auction2/football-auction-backend/node_modules/@types/strip-json-comments'
1408 silly reify ]
1409 silly reify mark retired [
1409 silly reify   '/Users/mushfiq/Desktop/football-auction2/football-auction-backend/node_modules/@tsconfig/node14'
1409 silly reify ]
1410 silly reify mark retired [
1410 silly reify   '/Users/mushfiq/Desktop/football-auction2/football-auction-backend/node_modules/@types/d3-geo'
1410 silly reify ]
1411 silly reify mark retired [
1411 silly reify   '/Users/mushfiq/Desktop/football-auction2/football-auction-backend/node_modules/@visx/event'
1411 silly reify ]
1412 silly reify mark retired [
1412 silly reify   '/Users/mushfiq/Desktop/football-auction2/football-auction-backend/node_modules/@visx/group'
1412 silly reify ]
1413 silly reify mark retired [
1413 silly reify   '/Users/mushfiq/Desktop/football-auction2/football-auction-backend/node_modules/@types/strip-bom'
1413 silly reify ]
1414 silly reify mark retired [
1414 silly reify   '/Users/mushfiq/Desktop/football-auction2/football-auction-backend/node_modules/@visx/curve'
1414 silly reify ]
1415 silly reify mark retired [
1415 silly reify   '/Users/mushfiq/Desktop/football-auction2/football-auction-backend/node_modules/@visx/grid'
1415 silly reify ]
1416 silly reify mark retired [
1416 silly reify   '/Users/mushfiq/Desktop/football-auction2/football-auction-backend/node_modules/@visx/responsive'
1416 silly reify ]
1417 silly reify mark retired [
1417 silly reify   '/Users/mushfiq/Desktop/football-auction2/football-auction-backend/node_modules/@visx/shape'
1417 silly reify ]
1418 silly reify mark retired [
1418 silly reify   '/Users/mushfiq/Desktop/football-auction2/football-auction-backend/node_modules/@visx/point'
1418 silly reify ]
1419 silly reify mark retired [
1419 silly reify   '/Users/mushfiq/Desktop/football-auction2/football-auction-backend/node_modules/@visx/vendor'
1419 silly reify ]
1420 silly reify mark retired [
1420 silly reify   '/Users/mushfiq/Desktop/football-auction2/football-auction-backend/node_modules/@visx/scale'
1420 silly reify ]
1421 silly reify moves {
1421 silly reify   '/Users/mushfiq/Desktop/football-auction2/football-auction-backend/node_modules/effect': '/Users/mushfiq/Desktop/football-auction2/football-auction-backend/node_modules/.effect-3aSStaSB',
1421 silly reify   '/Users/mushfiq/Desktop/football-auction2/football-auction-backend/node_modules/elkjs': '/Users/mushfiq/Desktop/football-auction2/football-auction-backend/node_modules/.elkjs-0E9DZjnn',
1421 silly reify   '/Users/mushfiq/Desktop/football-auction2/football-auction-backend/node_modules/prisma': '/Users/mushfiq/Desktop/football-auction2/football-auction-backend/node_modules/.prisma-m4JurWqa',
1421 silly reify   '/Users/mushfiq/Desktop/football-auction2/football-auction-backend/node_modules/react-dom': '/Users/mushfiq/Desktop/football-auction2/football-auction-backend/node_modules/.react-dom-BPNpfrbw',
1421 silly reify   '/Users/mushfiq/Desktop/football-auction2/football-auction-backend/node_modules/std-env': '/Users/mushfiq/Desktop/football-auction2/football-auction-backend/node_modules/.std-env-TjzTRjGY',
1421 silly reify   '/Users/mushfiq/Desktop/football-auction2/football-auction-backend/node_modules/typescript': '/Users/mushfiq/Desktop/football-auction2/football-auction-backend/node_modules/.typescript-at2J0ht0',
1421 silly reify   '/Users/mushfiq/Desktop/football-auction2/football-auction-backend/node_modules/ts-node-dev': '/Users/mushfiq/Desktop/football-auction2/football-auction-backend/node_modules/.ts-node-dev-s8K4KYzN',
1421 silly reify   '/Users/mushfiq/Desktop/football-auction2/football-auction-backend/node_modules/@electric-sql/pglite': '/Users/mushfiq/Desktop/football-auction2/football-auction-backend/node_modules/@electric-sql/.pglite-eQI1tyov',
1421 silly reify   '/Users/mushfiq/Desktop/football-auction2/football-auction-backend/node_modules/@prisma/dev': '/Users/mushfiq/Desktop/football-auction2/football-auction-backend/node_modules/@prisma/.dev-qowBOarY',
1421 silly reify   '/Users/mushfiq/Desktop/football-auction2/football-auction-backend/node_modules/@prisma/studio-core': '/Users/mushfiq/Desktop/football-auction2/football-auction-backend/node_modules/@prisma/.studio-core-HzBQRaG6',
1421 silly reify   '/Users/mushfiq/Desktop/football-auction2/football-auction-backend/node_modules/@prisma/query-plan-executor': '/Users/mushfiq/Desktop/football-auction2/football-auction-backend/node_modules/@prisma/.query-plan-executor-UDhkG7rh',
1421 silly reify   '/Users/mushfiq/Desktop/football-auction2/football-auction-backend/node_modules/@types/bcryptjs': '/Users/mushfiq/Desktop/football-auction2/football-auction-backend/node_modules/@types/.bcryptjs-Sd0m0TCy',
1421 silly reify   '/Users/mushfiq/Desktop/football-auction2/football-auction-backend/node_modules/@types/body-parser': '/Users/mushfiq/Desktop/football-auction2/football-auction-backend/node_modules/@types/.body-parser-TxRnmiZq',
1421 silly reify   '/Users/mushfiq/Desktop/football-auction2/football-auction-backend/node_modules/@types/express': '/Users/mushfiq/Desktop/football-auction2/football-auction-backend/node_modules/@types/.express-TB6qVceO',
1421 silly reify   '/Users/mushfiq/Desktop/football-auction2/football-auction-backend/node_modules/@types/jsonwebtoken': '/Users/mushfiq/Desktop/football-auction2/football-auction-backend/node_modules/@types/.jsonwebtoken-xAQ9AMeQ',
1421 silly reify   '/Users/mushfiq/Desktop/football-auction2/football-auction-backend/node_modules/@types/multer': '/Users/mushfiq/Desktop/football-auction2/football-auction-backend/node_modules/@types/.multer-G9wA6iEF',
1421 silly reify   '/Users/mushfiq/Desktop/football-auction2/football-auction-backend/node_modules/@types/qs': '/Users/mushfiq/Desktop/football-auction2/football-auction-backend/node_modules/@types/.qs-D2QAMou2',
1421 silly reify   '/Users/mushfiq/Desktop/football-auction2/football-auction-backend/node_modules/@typescript/typescript-darwin-arm64': '/Users/mushfiq/Desktop/football-auction2/football-auction-backend/node_modules/@typescript/.typescript-darwin-arm64-5sFj8GCt',
1421 silly reify   '/Users/mushfiq/Desktop/football-auction2/football-auction-backend/node_modules/acorn': '/Users/mushfiq/Desktop/football-auction2/football-auction-backend/node_modules/.acorn-3j4OAyWa',
1421 silly reify   '/Users/mushfiq/Desktop/football-auction2/football-auction-backend/node_modules/.bin/acorn': '/Users/mushfiq/Desktop/football-auction2/football-auction-backend/node_modules/.bin/.acorn-kF7fSCaN',
1421 silly reify   '/Users/mushfiq/Desktop/football-auction2/football-auction-backend/node_modules/arg': '/Users/mushfiq/Desktop/football-auction2/football-auction-backend/node_modules/.arg-jRltY2fm',
1421 silly reify   '/Users/mushfiq/Desktop/football-auction2/football-auction-backend/node_modules/acorn-walk': '/Users/mushfiq/Desktop/football-auction2/football-auction-backend/node_modules/.acorn-walk-ZynP2BRW',
1421 silly reify   '/Users/mushfiq/Desktop/football-auction2/football-auction-backend/node_modules/ajv': '/Users/mushfiq/Desktop/football-auction2/football-auction-backend/node_modules/.ajv-Ib8YR9Eo',
1421 silly reify   '/Users/mushfiq/Desktop/football-auction2/football-auction-backend/node_modules/aws-ssl-profiles': '/Users/mushfiq/Desktop/football-auction2/football-auction-backend/node_modules/.aws-ssl-profiles-4H5iriad',
1421 silly reify   '/Users/mushfiq/Desktop/football-auction2/football-auction-backend/node_modules/balanced-match': '/Users/mushfiq/Desktop/football-auction2/football-auction-backend/node_modules/.balanced-match-g4ZDHZ2G',
1421 silly reify   '/Users/mushfiq/Desktop/football-auction2/football-auction-backend/node_modules/better-result': '/Users/mushfiq/Desktop/football-auction2/football-auction-backend/node_modules/.better-result-ISIrAjDw',
1421 silly reify   '/Users/mushfiq/Desktop/football-auction2/football-auction-backend/node_modules/binary-extensions': '/Users/mushfiq/Desktop/football-auction2/football-auction-backend/node_modules/.binary-extensions-Y7onmOSi',
1421 silly reify   '/Users/mushfiq/Desktop/football-auction2/football-auction-backend/node_modules/brace-expansion': '/Users/mushfiq/Desktop/football-auction2/football-auction-backend/node_modules/.brace-expansion-TmDs4fsd',
1421 silly reify   '/Users/mushfiq/Desktop/football-auction2/football-auction-backend/node_modules/anymatch': '/Users/mushfiq/Desktop/football-auction2/football-auction-backend/node_modules/.anymatch-8WyoyMC5',
1421 silly reify   '/Users/mushfiq/Desktop/football-auction2/football-auction-backend/node_modules/braces': '/Users/mushfiq/Desktop/football-auction2/football-auction-backend/node_modules/.braces-h0sB4WjA',
1421 silly reify   '/Users/mushfiq/Desktop/football-auction2/football-auction-backend/node_modules/chokidar': '/Users/mushfiq/Desktop/football-auction2/football-auction-backend/node_modules/.chokidar-xtjUAQ66',
1421 silly reify   '/Users/mushfiq/Desktop/football-auction2/football-auction-backend/node_modules/c12': '/Users/mushfiq/Desktop/football-auction2/football-auction-backend/node_modules/.c12-S80zXRfN',
1421 silly reify   '/Users/mushfiq/Desktop/football-auction2/football-auction-backend/node_modules/classnames': '/Users/mushfiq/Desktop/football-auction2/football-auction-backend/node_modules/.classnames-huFmuEhE',
1421 silly reify   '/Users/mushfiq/Desktop/football-auction2/football-auction-backend/node_modules/concat-map': '/Users/mushfiq/Desktop/football-auction2/football-auction-backend/node_modules/.concat-map-zVFPPirk',
1421 silly reify   '/Users/mushfiq/Desktop/football-auction2/football-auction-backend/node_modules/cross-spawn': '/Users/mushfiq/Desktop/football-auction2/football-auction-backend/node_modules/.cross-spawn-cgH5Ho4k',
1421 silly reify   '/Users/mushfiq/Desktop/football-auction2/football-auction-backend/node_modules/confbox': '/Users/mushfiq/Desktop/football-auction2/football-auction-backend/node_modules/.confbox-qcgHkfAN',
1421 silly reify   '/Users/mushfiq/Desktop/football-auction2/football-auction-backend/node_modules/create-require': '/Users/mushfiq/Desktop/football-auction2/football-auction-backend/node_modules/.create-require-dny1eCIf',
1421 silly reify   '/Users/mushfiq/Desktop/football-auction2/football-auction-backend/node_modules/d3-color': '/Users/mushfiq/Desktop/football-auction2/football-auction-backend/node_modules/.d3-color-mE3k3Mny',
1421 silly reify   '/Users/mushfiq/Desktop/football-auction2/football-auction-backend/node_modules/csstype': '/Users/mushfiq/Desktop/football-auction2/football-auction-backend/node_modules/.csstype-JIT1JDLD',
1421 silly reify   '/Users/mushfiq/Desktop/football-auction2/football-auction-backend/node_modules/d3-geo': '/Users/mushfiq/Desktop/football-auction2/football-auction-backend/node_modules/.d3-geo-L360wCTE',
1421 silly reify   '/Users/mushfiq/Desktop/football-auction2/football-auction-backend/node_modules/d3-interpolate': '/Users/mushfiq/Desktop/football-auction2/football-auction-backend/node_modules/.d3-interpolate-39K4Q6fq',
1421 silly reify   '/Users/mushfiq/Desktop/football-auction2/football-auction-backend/node_modules/d3-path': '/Users/mushfiq/Desktop/football-auction2/football-auction-backend/node_modules/.d3-path-GE1svJkF',
1421 silly reify   '/Users/mushfiq/Desktop/football-auction2/football-auction-backend/node_modules/d3-scale': '/Users/mushfiq/Desktop/football-auction2/football-auction-backend/node_modules/.d3-scale-7P9q6xYx',
1421 silly reify   '/Users/mushfiq/Desktop/football-auction2/football-auction-backend/node_modules/d3-time-format': '/Users/mushfiq/Desktop/football-auction2/football-auction-backend/node_modules/.d3-time-format-vcIcfV22',
1421 silly reify   '/Users/mushfiq/Desktop/football-auction2/football-auction-backend/node_modules/d3-format': '/Users/mushfiq/Desktop/football-auction2/football-auction-backend/node_modules/.d3-format-aEIXJyNZ',
1421 silly reify   '/Users/mushfiq/Desktop/football-auction2/football-auction-backend/node_modules/d3-time': '/Users/mushfiq/Desktop/football-auction2/football-auction-backend/node_modules/.d3-time-QVtkwowu',
1421 silly reify   '/Users/mushfiq/Desktop/football-auction2/football-auction-backend/node_modules/d3-delaunay': '/Users/mushfiq/Desktop/football-auction2/football-auction-backend/node_modules/.d3-delaunay-ofloYbvq',
1421 silly reify   '/Users/mushfiq/Desktop/football-auction2/football-auction-backend/node_modules/d3-array': '/Users/mushfiq/Desktop/football-auction2/football-auction-backend/node_modules/.d3-array-8D4VSc7L',
1421 silly reify   '/Users/mushfiq/Desktop/football-auction2/football-auction-backend/node_modules/d3-shape': '/Users/mushfiq/Desktop/football-auction2/football-auction-backend/node_modules/.d3-shape-ilPGtRSB',
1421 silly reify   '/Users/mushfiq/Desktop/football-auction2/football-auction-backend/node_modules/deepmerge-ts': '/Users/mushfiq/Desktop/football-auction2/football-auction-backend/node_modules/.deepmerge-ts-MLuHieIs',
1421 silly reify   '/Users/mushfiq/Desktop/football-auction2/football-auction-backend/node_modules/denque': '/Users/mushfiq/Desktop/football-auction2/football-auction-backend/node_modules/.denque-3QwoUhsV',
1421 silly reify   '/Users/mushfiq/Desktop/football-auction2/football-auction-backend/node_modules/destr': '/Users/mushfiq/Desktop/football-auction2/football-auction-backend/node_modules/.destr-sgbAc5Ap',
1421 silly reify   '/Users/mushfiq/Desktop/football-auction2/football-auction-backend/node_modules/delaunator': '/Users/mushfiq/Desktop/football-auction2/football-auction-backend/node_modules/.delaunator-3hok9dck',
1421 silly reify   '/Users/mushfiq/Desktop/football-auction2/football-auction-backend/node_modules/defu': '/Users/mushfiq/Desktop/football-auction2/football-auction-backend/node_modules/.defu-CwA8V9VX',
1421 silly reify   '/Users/mushfiq/Desktop/football-auction2/football-auction-backend/node_modules/diff': '/Users/mushfiq/Desktop/football-auction2/football-auction-backend/node_modules/.diff-XJx7LbPK',
1421 silly reify   '/Users/mushfiq/Desktop/football-auction2/football-auction-backend/node_modules/dynamic-dedupe': '/Users/mushfiq/Desktop/football-auction2/football-auction-backend/node_modules/.dynamic-dedupe-JsVClA0Y',
1421 silly reify   '/Users/mushfiq/Desktop/football-auction2/football-auction-backend/node_modules/empathic': '/Users/mushfiq/Desktop/football-auction2/football-auction-backend/node_modules/.empathic-bQpRNb61',
1421 silly reify   '/Users/mushfiq/Desktop/football-auction2/football-auction-backend/node_modules/env-paths': '/Users/mushfiq/Desktop/football-auction2/football-auction-backend/node_modules/.env-paths-EYVrfJd5',
1421 silly reify   '/Users/mushfiq/Desktop/football-auction2/football-auction-backend/node_modules/fast-check': '/Users/mushfiq/Desktop/football-auction2/football-auction-backend/node_modules/.fast-check-yT8AdRR5',
1421 silly reify   '/Users/mushfiq/Desktop/football-auction2/football-auction-backend/node_modules/exsolve': '/Users/mushfiq/Desktop/football-auction2/football-auction-backend/node_modules/.exsolve-5zGA4k6z',
1421 silly reify   '/Users/mushfiq/Desktop/football-auction2/football-auction-backend/node_modules/fast-decode-uri-component': '/Users/mushfiq/Desktop/football-auction2/football-auction-backend/node_modules/.fast-decode-uri-component-xlBn195n',
1421 silly reify   '/Users/mushfiq/Desktop/football-auction2/football-auction-backend/node_modules/fast-deep-equal': '/Users/mushfiq/Desktop/football-auction2/football-auction-backend/node_modules/.fast-deep-equal-EzmFf5m4',
1421 silly reify   '/Users/mushfiq/Desktop/football-auction2/football-auction-backend/node_modules/fast-uri': '/Users/mushfiq/Desktop/football-auction2/football-auction-backend/node_modules/.fast-uri-IjXVV03o',
1421 silly reify   '/Users/mushfiq/Desktop/football-auction2/football-auction-backend/node_modules/fill-range': '/Users/mushfiq/Desktop/football-auction2/football-auction-backend/node_modules/.fill-range-0x2FUnZE',
1421 silly reify   '/Users/mushfiq/Desktop/football-auction2/football-auction-backend/node_modules/foreground-child': '/Users/mushfiq/Desktop/football-auction2/football-auction-backend/node_modules/.foreground-child-zWwl4KAe',
1421 silly reify   '/Users/mushfiq/Desktop/football-auction2/football-auction-backend/node_modules/fast-querystring': '/Users/mushfiq/Desktop/football-auction2/football-auction-backend/node_modules/.fast-querystring-jk8eG11J',
1421 silly reify   '/Users/mushfiq/Desktop/football-auction2/football-auction-backend/node_modules/find-my-way': '/Users/mushfiq/Desktop/football-auction2/football-auction-backend/node_modules/.find-my-way-8bQvMlCI',
1421 silly reify   '/Users/mushfiq/Desktop/football-auction2/football-auction-backend/node_modules/fsevents': '/Users/mushfiq/Desktop/football-auction2/football-auction-backend/node_modules/.fsevents-tsTgdeqc',
1421 silly reify   '/Users/mushfiq/Desktop/football-auction2/football-auction-backend/node_modules/generate-function': '/Users/mushfiq/Desktop/football-auction2/football-auction-backend/node_modules/.generate-function-T9hosXRs',
1421 silly reify   '/Users/mushfiq/Desktop/football-auction2/football-auction-backend/node_modules/fs.realpath': '/Users/mushfiq/Desktop/football-auction2/football-auction-backend/node_modules/.fs.realpath-17Ofu4k0',
1421 silly reify   '/Users/mushfiq/Desktop/football-auction2/football-auction-backend/node_modules/giget': '/Users/mushfiq/Desktop/football-auction2/football-auction-backend/node_modules/.giget-0VrpqIHl',
1421 silly reify   '/Users/mushfiq/Desktop/football-auction2/football-auction-backend/node_modules/.bin/giget': '/Users/mushfiq/Desktop/football-auction2/football-auction-backend/node_modules/.bin/.giget-0ld1KnUk',
1421 silly reify   '/Users/mushfiq/Desktop/football-auction2/football-auction-backend/node_modules/get-port-please': '/Users/mushfiq/Desktop/football-auction2/football-auction-backend/node_modules/.get-port-please-kr4leVJ2',
1421 silly reify   '/Users/mushfiq/Desktop/football-auction2/football-auction-backend/node_modules/glob': '/Users/mushfiq/Desktop/football-auction2/football-auction-backend/node_modules/.glob-4RV9WhBS',
1421 silly reify   '/Users/mushfiq/Desktop/football-auction2/football-auction-backend/node_modules/glob-parent': '/Users/mushfiq/Desktop/football-auction2/football-auction-backend/node_modules/.glob-parent-MkQc5kXL',
1421 silly reify   '/Users/mushfiq/Desktop/football-auction2/football-auction-backend/node_modules/graceful-fs': '/Users/mushfiq/Desktop/football-auction2/football-auction-backend/node_modules/.graceful-fs-WzKc2Kik',
1421 silly reify   '/Users/mushfiq/Desktop/football-auction2/football-auction-backend/node_modules/grammex': '/Users/mushfiq/Desktop/football-auction2/football-auction-backend/node_modules/.grammex-AS1dbW0F',
1421 silly reify   '/Users/mushfiq/Desktop/football-auction2/football-auction-backend/node_modules/graphmatch': '/Users/mushfiq/Desktop/football-auction2/football-auction-backend/node_modules/.graphmatch-kK5klLgJ',
1421 silly reify   '/Users/mushfiq/Desktop/football-auction2/football-auction-backend/node_modules/internmap': '/Users/mushfiq/Desktop/football-auction2/football-auction-backend/node_modules/.internmap-2pNciZtv',
1421 silly reify   '/Users/mushfiq/Desktop/football-auction2/football-auction-backend/node_modules/inflight': '/Users/mushfiq/Desktop/football-auction2/football-auction-backend/node_modules/.inflight-86JzeJCh',
1421 silly reify   '/Users/mushfiq/Desktop/football-auction2/football-auction-backend/node_modules/is-extglob': '/Users/mushfiq/Desktop/football-auction2/football-auction-backend/node_modules/.is-extglob-fWq1cDQR',
1421 silly reify   '/Users/mushfiq/Desktop/football-auction2/football-auction-backend/node_modules/is-glob': '/Users/mushfiq/Desktop/football-auction2/football-auction-backend/node_modules/.is-glob-cPqra826',
1421 silly reify   '/Users/mushfiq/Desktop/football-auction2/football-auction-backend/node_modules/is-binary-path': '/Users/mushfiq/Desktop/football-auction2/football-auction-backend/node_modules/.is-binary-path-x0Ohgluo',
1421 silly reify   '/Users/mushfiq/Desktop/football-auction2/football-auction-backend/node_modules/is-property': '/Users/mushfiq/Desktop/football-auction2/football-auction-backend/node_modules/.is-property-M5yIahNN',
1421 silly reify   '/Users/mushfiq/Desktop/football-auction2/football-auction-backend/node_modules/is-core-module': '/Users/mushfiq/Desktop/football-auction2/football-auction-backend/node_modules/.is-core-module-y74NKdyp',
1421 silly reify   '/Users/mushfiq/Desktop/football-auction2/football-auction-backend/node_modules/isexe': '/Users/mushfiq/Desktop/football-auction2/football-auction-backend/node_modules/.isexe-RHNW5aag',
1421 silly reify   '/Users/mushfiq/Desktop/football-auction2/football-auction-backend/node_modules/jiti': '/Users/mushfiq/Desktop/football-auction2/football-auction-backend/node_modules/.jiti-kjhi4rHO',
1421 silly reify   '/Users/mushfiq/Desktop/football-auction2/football-auction-backend/node_modules/.bin/jiti': '/Users/mushfiq/Desktop/football-auction2/football-auction-backend/node_modules/.bin/.jiti-joZPVYMg',
1421 silly reify   '/Users/mushfiq/Desktop/football-auction2/football-auction-backend/node_modules/json-schema-traverse': '/Users/mushfiq/Desktop/football-auction2/football-auction-backend/node_modules/.json-schema-traverse-ZsCIMnRm',
1421 silly reify   '/Users/mushfiq/Desktop/football-auction2/football-auction-backend/node_modules/is-number': '/Users/mushfiq/Desktop/football-auction2/football-auction-backend/node_modules/.is-number-YjkVqXAe',
1421 silly reify   '/Users/mushfiq/Desktop/football-auction2/football-auction-backend/node_modules/long': '/Users/mushfiq/Desktop/football-auction2/football-auction-backend/node_modules/.long-CjMnqQnN',
1421 silly reify   '/Users/mushfiq/Desktop/football-auction2/football-auction-backend/node_modules/lru.min': '/Users/mushfiq/Desktop/football-auction2/football-auction-backend/node_modules/.lru.min-mXPL0YVq',
1421 silly reify   '/Users/mushfiq/Desktop/football-auction2/football-auction-backend/node_modules/minimatch': '/Users/mushfiq/Desktop/football-auction2/football-auction-backend/node_modules/.minimatch-JePBVC9r',
1421 silly reify   '/Users/mushfiq/Desktop/football-auction2/football-auction-backend/node_modules/mkdirp': '/Users/mushfiq/Desktop/football-auction2/football-auction-backend/node_modules/.mkdirp-rJAc4bSl',
1421 silly reify   '/Users/mushfiq/Desktop/football-auction2/football-auction-backend/node_modules/.bin/mkdirp': '/Users/mushfiq/Desktop/football-auction2/football-auction-backend/node_modules/.bin/.mkdirp-Pfpq0pKW',
1421 silly reify   '/Users/mushfiq/Desktop/football-auction2/football-auction-backend/node_modules/make-error': '/Users/mushfiq/Desktop/football-auction2/football-auction-backend/node_modules/.make-error-RXdpveCa',
1421 silly reify   '/Users/mushfiq/Desktop/football-auction2/football-auction-backend/node_modules/minimist': '/Users/mushfiq/Desktop/football-auction2/football-auction-backend/node_modules/.minimist-3XU1TTMH',
1421 silly reify   '/Users/mushfiq/Desktop/football-auction2/football-auction-backend/node_modules/mysql2': '/Users/mushfiq/Desktop/football-auction2/football-auction-backend/node_modules/.mysql2-JKMPT2Zr',
1421 silly reify   '/Users/mushfiq/Desktop/football-auction2/football-auction-backend/node_modules/named-placeholders': '/Users/mushfiq/Desktop/football-auction2/football-auction-backend/node_modules/.named-placeholders-0SetsC4P',
1421 silly reify   '/Users/mushfiq/Desktop/football-auction2/football-auction-backend/node_modules/ohash': '/Users/mushfiq/Desktop/football-auction2/football-auction-backend/node_modules/.ohash-E1qzyZZ4',
1421 silly reify   '/Users/mushfiq/Desktop/football-auction2/football-auction-backend/node_modules/path-is-absolute': '/Users/mushfiq/Desktop/football-auction2/football-auction-backend/node_modules/.path-is-absolute-iuJss5a9',
1421 silly reify   '/Users/mushfiq/Desktop/football-auction2/football-auction-backend/node_modules/path-key': '/Users/mushfiq/Desktop/football-auction2/football-auction-backend/node_modules/.path-key-d0OsIxuE',
1421 silly reify   '/Users/mushfiq/Desktop/football-auction2/football-auction-backend/node_modules/pathe': '/Users/mushfiq/Desktop/football-auction2/football-auction-backend/node_modules/.pathe-fXFZxv0Z',
1421 silly reify   '/Users/mushfiq/Desktop/football-auction2/football-auction-backend/node_modules/normalize-path': '/Users/mushfiq/Desktop/football-auction2/football-auction-backend/node_modules/.normalize-path-ScN72BUB',
1421 silly reify   '/Users/mushfiq/Desktop/football-auction2/football-auction-backend/node_modules/picomatch': '/Users/mushfiq/Desktop/football-auction2/football-auction-backend/node_modules/.picomatch-9PgvYYaj',
1421 silly reify   '/Users/mushfiq/Desktop/football-auction2/football-auction-backend/node_modules/perfect-debounce': '/Users/mushfiq/Desktop/football-auction2/football-auction-backend/node_modules/.perfect-debounce-HiCQwmug',
1421 silly reify   '/Users/mushfiq/Desktop/football-auction2/football-auction-backend/node_modules/postgres': '/Users/mushfiq/Desktop/football-auction2/football-auction-backend/node_modules/.postgres-Hm2GC9qy',
1421 silly reify   '/Users/mushfiq/Desktop/football-auction2/football-auction-backend/node_modules/proper-lockfile': '/Users/mushfiq/Desktop/football-auction2/football-auction-backend/node_modules/.proper-lockfile-Fbq8JtU0',
1421 silly reify   '/Users/mushfiq/Desktop/football-auction2/football-auction-backend/node_modules/pkg-types': '/Users/mushfiq/Desktop/football-auction2/football-auction-backend/node_modules/.pkg-types-IH9KaJve',
1421 silly reify   '/Users/mushfiq/Desktop/football-auction2/football-auction-backend/node_modules/path-parse': '/Users/mushfiq/Desktop/football-auction2/football-auction-backend/node_modules/.path-parse-IiZBMHvF',
1421 silly reify   '/Users/mushfiq/Desktop/football-auction2/football-auction-backend/node_modules/rc9': '/Users/mushfiq/Desktop/football-auction2/football-auction-backend/node_modules/.rc9-pP2uIzBJ',
1421 silly reify   '/Users/mushfiq/Desktop/football-auction2/football-auction-backend/node_modules/pure-rand': '/Users/mushfiq/Desktop/football-auction2/football-auction-backend/node_modules/.pure-rand-wSNboggV',
1421 silly reify   '/Users/mushfiq/Desktop/football-auction2/football-auction-backend/node_modules/react': '/Users/mushfiq/Desktop/football-auction2/football-auction-backend/node_modules/.react-nrQM87Tu',
1421 silly reify   '/Users/mushfiq/Desktop/football-auction2/football-auction-backend/node_modules/readdirp': '/Users/mushfiq/Desktop/football-auction2/football-auction-backend/node_modules/.readdirp-xk3V75NF',
1421 silly reify   '/Users/mushfiq/Desktop/football-auction2/football-auction-backend/node_modules/ret': '/Users/mushfiq/Desktop/football-auction2/football-auction-backend/node_modules/.ret-qEKdzz4b',
1421 silly reify   '/Users/mushfiq/Desktop/football-auction2/football-auction-backend/node_modules/resolve': '/Users/mushfiq/Desktop/football-auction2/football-auction-backend/node_modules/.resolve-uPtdA2Cg',
1421 silly reify   '/Users/mushfiq/Desktop/football-auction2/football-auction-backend/node_modules/.bin/resolve': '/Users/mushfiq/Desktop/football-auction2/football-auction-backend/node_modules/.bin/.resolve-qcauA6dG',
1421 silly reify   '/Users/mushfiq/Desktop/football-auction2/football-auction-backend/node_modules/retry': '/Users/mushfiq/Desktop/football-auction2/football-auction-backend/node_modules/.retry-6r5oDBeg',
1421 silly reify   '/Users/mushfiq/Desktop/football-auction2/football-auction-backend/node_modules/require-from-string': '/Users/mushfiq/Desktop/football-auction2/football-auction-backend/node_modules/.require-from-string-9RGxuYXR',
1421 silly reify   '/Users/mushfiq/Desktop/football-auction2/football-auction-backend/node_modules/robust-predicates': '/Users/mushfiq/Desktop/football-auction2/football-auction-backend/node_modules/.robust-predicates-CE6q2ZeQ',
1421 silly reify   '/Users/mushfiq/Desktop/football-auction2/football-auction-backend/node_modules/rimraf': '/Users/mushfiq/Desktop/football-auction2/football-auction-backend/node_modules/.rimraf-7LVChgyk',
1421 silly reify   '/Users/mushfiq/Desktop/football-auction2/football-auction-backend/node_modules/.bin/rimraf': '/Users/mushfiq/Desktop/football-auction2/football-auction-backend/node_modules/.bin/.rimraf-9JXzExv4',
1421 silly reify   '/Users/mushfiq/Desktop/football-auction2/football-auction-backend/node_modules/safe-regex2': '/Users/mushfiq/Desktop/football-auction2/football-auction-backend/node_modules/.safe-regex2-mKIwxWvR',
1421 silly reify   '/Users/mushfiq/Desktop/football-auction2/football-auction-backend/node_modules/.bin/safe-regex2': '/Users/mushfiq/Desktop/football-auction2/football-auction-backend/node_modules/.bin/.safe-regex2-wWPhtzIy',
1421 silly reify   '/Users/mushfiq/Desktop/football-auction2/football-auction-backend/node_modules/scheduler': '/Users/mushfiq/Desktop/football-auction2/football-auction-backend/node_modules/.scheduler-7K8WXyVa',
1421 silly reify   '/Users/mushfiq/Desktop/football-auction2/football-auction-backend/node_modules/shebang-command': '/Users/mushfiq/Desktop/football-auction2/football-auction-backend/node_modules/.shebang-command-ZtCN6jt6',
1421 silly reify   '/Users/mushfiq/Desktop/football-auction2/football-auction-backend/node_modules/shebang-regex': '/Users/mushfiq/Desktop/football-auction2/football-auction-backend/node_modules/.shebang-regex-3qp3ik9A',
1421 silly reify   '/Users/mushfiq/Desktop/football-auction2/football-auction-backend/node_modules/remeda': '/Users/mushfiq/Desktop/football-auction2/football-auction-backend/node_modules/.remeda-cOaMHHig',
1421 silly reify   '/Users/mushfiq/Desktop/football-auction2/football-auction-backend/node_modules/seq-queue': '/Users/mushfiq/Desktop/football-auction2/football-auction-backend/node_modules/.seq-queue-w5Xw9l4S',
1421 silly reify   '/Users/mushfiq/Desktop/football-auction2/football-auction-backend/node_modules/signal-exit': '/Users/mushfiq/Desktop/football-auction2/football-auction-backend/node_modules/.signal-exit-lQvmvS1f',
1421 silly reify   '/Users/mushfiq/Desktop/football-auction2/football-auction-backend/node_modules/source-map-support': '/Users/mushfiq/Desktop/football-auction2/football-auction-backend/node_modules/.source-map-support-OQZt1UR5',
1421 silly reify   '/Users/mushfiq/Desktop/football-auction2/football-auction-backend/node_modules/source-map': '/Users/mushfiq/Desktop/football-auction2/football-auction-backend/node_modules/.source-map-rQyEDiDT',
1421 silly reify   '/Users/mushfiq/Desktop/football-auction2/football-auction-backend/node_modules/strip-bom': '/Users/mushfiq/Desktop/football-auction2/football-auction-backend/node_modules/.strip-bom-lGtKeLzl',
1421 silly reify   '/Users/mushfiq/Desktop/football-auction2/football-auction-backend/node_modules/supports-preserve-symlinks-flag': '/Users/mushfiq/Desktop/football-auction2/football-auction-backend/node_modules/.supports-preserve-symlinks-flag-pGm7dQjn',
1421 silly reify   '/Users/mushfiq/Desktop/football-auction2/football-auction-backend/node_modules/strip-json-comments': '/Users/mushfiq/Desktop/football-auction2/football-auction-backend/node_modules/.strip-json-comments-OHV2n82L',
1421 silly reify   '/Users/mushfiq/Desktop/football-auction2/football-auction-backend/node_modules/sqlstring': '/Users/mushfiq/Desktop/football-auction2/football-auction-backend/node_modules/.sqlstring-IBnpAX7A',
1421 silly reify   '/Users/mushfiq/Desktop/football-auction2/football-auction-backend/node_modules/tree-kill': '/Users/mushfiq/Desktop/football-auction2/football-auction-backend/node_modules/.tree-kill-AXUwTz2g',
1421 silly reify   '/Users/mushfiq/Desktop/football-auction2/football-auction-backend/node_modules/.bin/tree-kill': '/Users/mushfiq/Desktop/football-auction2/football-auction-backend/node_modules/.bin/.tree-kill-hDJ2gBjH',
1421 silly reify   '/Users/mushfiq/Desktop/football-auction2/football-auction-backend/node_modules/tsconfig': '/Users/mushfiq/Desktop/football-auction2/football-auction-backend/node_modules/.tsconfig-01c0X0x8',
1421 silly reify   '/Users/mushfiq/Desktop/football-auction2/football-auction-backend/node_modules/ts-node': '/Users/mushfiq/Desktop/football-auction2/football-auction-backend/node_modules/.ts-node-iF5EgXxI',
1421 silly reify   '/Users/mushfiq/Desktop/football-auction2/football-auction-backend/node_modules/.bin/ts-node': '/Users/mushfiq/Desktop/football-auction2/football-auction-backend/node_modules/.bin/.ts-node-vGV2ytNB',
1421 silly reify   '/Users/mushfiq/Desktop/football-auction2/football-auction-backend/node_modules/.bin/ts-node-cwd': '/Users/mushfiq/Desktop/football-auction2/football-auction-backend/node_modules/.bin/.ts-node-cwd-xdZGEdpR',
1421 silly reify   '/Users/mushfiq/Desktop/football-auction2/football-auction-backend/node_modules/.bin/ts-node-esm': '/Users/mushfiq/Desktop/football-auction2/football-auction-backend/node_modules/.bin/.ts-node-esm-jRF8wvzx',
1421 silly reify   '/Users/mushfiq/Desktop/football-auction2/football-auction-backend/node_modules/.bin/ts-node-script': '/Users/mushfiq/Desktop/football-auction2/football-auction-backend/node_modules/.bin/.ts-node-script-Tynzl4GG',
1421 silly reify   '/Users/mushfiq/Desktop/football-auction2/football-auction-backend/node_modules/.bin/ts-node-transpile-only': '/Users/mushfiq/Desktop/football-auction2/football-auction-backend/node_modules/.bin/.ts-node-transpile-only-S38HDq5c',
1421 silly reify   '/Users/mushfiq/Desktop/football-auction2/football-auction-backend/node_modules/.bin/ts-script': '/Users/mushfiq/Desktop/football-auction2/football-auction-backend/node_modules/.bin/.ts-script-mSLKhcf0',
1421 silly reify   '/Users/mushfiq/Desktop/football-auction2/football-auction-backend/node_modules/to-regex-range': '/Users/mushfiq/Desktop/football-auction2/football-auction-backend/node_modules/.to-regex-range-eQRRnBNt',
1421 silly reify   '/Users/mushfiq/Desktop/football-auction2/football-auction-backend/node_modules/v8-compile-cache-lib': '/Users/mushfiq/Desktop/football-auction2/football-auction-backend/node_modules/.v8-compile-cache-lib-DMQKIYFm',
1421 silly reify   '/Users/mushfiq/Desktop/football-auction2/football-auction-backend/node_modules/which': '/Users/mushfiq/Desktop/football-auction2/football-auction-backend/node_modules/.which-HJckaNeY',
1421 silly reify   '/Users/mushfiq/Desktop/football-auction2/football-auction-backend/node_modules/.bin/node-which': '/Users/mushfiq/Desktop/football-auction2/football-auction-backend/node_modules/.bin/.node-which-gxJvruAO',
1421 silly reify   '/Users/mushfiq/Desktop/football-auction2/football-auction-backend/node_modules/valibot': '/Users/mushfiq/Desktop/football-auction2/football-auction-backend/node_modules/.valibot-Tz6ywfu9',
1421 silly reify   '/Users/mushfiq/Desktop/football-auction2/football-auction-backend/node_modules/xtend': '/Users/mushfiq/Desktop/football-auction2/football-auction-backend/node_modules/.xtend-rwSS5IV6',
1421 silly reify   '/Users/mushfiq/Desktop/football-auction2/football-auction-backend/node_modules/zeptomatch': '/Users/mushfiq/Desktop/football-auction2/football-auction-backend/node_modules/.zeptomatch-2I7mX7zJ',
1421 silly reify   '/Users/mushfiq/Desktop/football-auction2/football-auction-backend/node_modules/yn': '/Users/mushfiq/Desktop/football-auction2/football-auction-backend/node_modules/.yn-FGXjs3sE',
1421 silly reify   '/Users/mushfiq/Desktop/football-auction2/football-auction-backend/node_modules/@electric-sql/pglite-socket': '/Users/mushfiq/Desktop/football-auction2/football-auction-backend/node_modules/@electric-sql/.pglite-socket-NvI1fPvd',
1421 silly reify   '/Users/mushfiq/Desktop/football-auction2/football-auction-backend/node_modules/.bin/pglite-server': '/Users/mushfiq/Desktop/football-auction2/football-auction-backend/node_modules/.bin/.pglite-server-QN6wpa7B',
1421 silly reify   '/Users/mushfiq/Desktop/football-auction2/football-auction-backend/node_modules/@jridgewell/sourcemap-codec': '/Users/mushfiq/Desktop/football-auction2/football-auction-backend/node_modules/@jridgewell/.sourcemap-codec-SVKehFWi',
1421 silly reify   '/Users/mushfiq/Desktop/football-auction2/football-auction-backend/node_modules/@electric-sql/pglite-tools': '/Users/mushfiq/Desktop/football-auction2/football-auction-backend/node_modules/@electric-sql/.pglite-tools-noaeB5IR',
1421 silly reify   '/Users/mushfiq/Desktop/football-auction2/football-auction-backend/node_modules/@prisma/config': '/Users/mushfiq/Desktop/football-auction2/football-auction-backend/node_modules/@prisma/.config-U7YvFCZL',
1421 silly reify   '/Users/mushfiq/Desktop/football-auction2/football-auction-backend/node_modules/@jridgewell/trace-mapping': '/Users/mushfiq/Desktop/football-auction2/football-auction-backend/node_modules/@jridgewell/.trace-mapping-L7lANfvc',
1421 silly reify   '/Users/mushfiq/Desktop/football-auction2/football-auction-backend/node_modules/@prisma/debug': '/Users/mushfiq/Desktop/football-auction2/football-auction-backend/node_modules/@prisma/.debug-WSfQJ4he',
1421 silly reify   '/Users/mushfiq/Desktop/football-auction2/football-auction-backend/node_modules/@cspotcode/source-map-support': '/Users/mushfiq/Desktop/football-auction2/football-auction-backend/node_modules/@cspotcode/.source-map-support-CS4aAvFb',
1421 silly reify   '/Users/mushfiq/Desktop/football-auction2/football-auction-backend/node_modules/@jridgewell/resolve-uri': '/Users/mushfiq/Desktop/football-auction2/football-auction-backend/node_modules/@jridgewell/.resolve-uri-zTrT7cjQ',
1421 silly reify   '/Users/mushfiq/Desktop/football-auction2/football-auction-backend/node_modules/@prisma/fetch-engine': '/Users/mushfiq/Desktop/football-auction2/football-auction-backend/node_modules/@prisma/.fetch-engine-ipegoRvH',
1421 silly reify   '/Users/mushfiq/Desktop/football-auction2/football-auction-backend/node_modules/@prisma/engines-version': '/Users/mushfiq/Desktop/football-auction2/football-auction-backend/node_modules/@prisma/.engines-version-ShnYhg2V',
1421 silly reify   '/Users/mushfiq/Desktop/football-auction2/football-auction-backend/node_modules/@prisma/streams-local': '/Users/mushfiq/Desktop/football-auction2/football-auction-backend/node_modules/@prisma/.streams-local-gmQ3Cl1W',
1421 silly reify   '/Users/mushfiq/Desktop/football-auction2/football-auction-backend/node_modules/@radix-ui/primitive': '/Users/mushfiq/Desktop/football-auction2/football-auction-backend/node_modules/@radix-ui/.primitive-L3la4xOm',
1421 silly reify   '/Users/mushfiq/Desktop/football-auction2/football-auction-backend/node_modules/@prisma/engines': '/Users/mushfiq/Desktop/football-auction2/football-auction-backend/node_modules/@prisma/.engines-xG0DjyYk',
1421 silly reify   '/Users/mushfiq/Desktop/football-auction2/football-auction-backend/node_modules/@radix-ui/react-compose-refs': '/Users/mushfiq/Desktop/football-auction2/football-auction-backend/node_modules/@radix-ui/.react-compose-refs-9MbiUQoE',
1421 silly reify   '/Users/mushfiq/Desktop/football-auction2/football-auction-backend/node_modules/@radix-ui/react-slot': '/Users/mushfiq/Desktop/football-auction2/football-auction-backend/node_modules/@radix-ui/.react-slot-uVwnv5SS',
1421 silly reify   '/Users/mushfiq/Desktop/football-auction2/football-auction-backend/node_modules/@prisma/get-platform': '/Users/mushfiq/Desktop/football-auction2/football-auction-backend/node_modules/@prisma/.get-platform-WxLmlWxR',
1421 silly reify   '/Users/mushfiq/Desktop/football-auction2/football-auction-backend/node_modules/@radix-ui/react-primitive': '/Users/mushfiq/Desktop/football-auction2/football-auction-backend/node_modules/@radix-ui/.react-primitive-fLVrIncP',
1421 silly reify   '/Users/mushfiq/Desktop/football-auction2/football-auction-backend/node_modules/@radix-ui/react-toggle': '/Users/mushfiq/Desktop/football-auction2/football-auction-backend/node_modules/@radix-ui/.react-toggle-no11wVEB',
1421 silly reify   '/Users/mushfiq/Desktop/football-auction2/football-auction-backend/node_modules/@radix-ui/react-use-layout-effect': '/Users/mushfiq/Desktop/football-auction2/football-auction-backend/node_modules/@radix-ui/.react-use-layout-effect-b09DDEhj',
1421 silly reify   '/Users/mushfiq/Desktop/football-auction2/football-auction-backend/node_modules/@radix-ui/react-use-controllable-state': '/Users/mushfiq/Desktop/football-auction2/football-auction-backend/node_modules/@radix-ui/.react-use-controllable-state-eCh9fNV0',
1421 silly reify   '/Users/mushfiq/Desktop/football-auction2/football-auction-backend/node_modules/@tsconfig/node12': '/Users/mushfiq/Desktop/football-auction2/football-auction-backend/node_modules/@tsconfig/.node12-CYO1tbzK',
1421 silly reify   '/Users/mushfiq/Desktop/football-auction2/football-auction-backend/node_modules/@radix-ui/react-use-effect-event': '/Users/mushfiq/Desktop/football-auction2/football-auction-backend/node_modules/@radix-ui/.react-use-effect-event-RyRdhbkl',
1421 silly reify   '/Users/mushfiq/Desktop/football-auction2/football-auction-backend/node_modules/@types/d3-array': '/Users/mushfiq/Desktop/football-auction2/football-auction-backend/node_modules/@types/.d3-array-Cvp4jq8w',
1421 silly reify   '/Users/mushfiq/Desktop/football-auction2/football-auction-backend/node_modules/@tsconfig/node16': '/Users/mushfiq/Desktop/football-auction2/football-auction-backend/node_modules/@tsconfig/.node16-yzz7Snxa',
1421 silly reify   '/Users/mushfiq/Desktop/football-auction2/football-auction-backend/node_modules/@types/connect': '/Users/mushfiq/Desktop/football-auction2/football-auction-backend/node_modules/@types/.connect-XsdeLzTa',
1421 silly reify   '/Users/mushfiq/Desktop/football-auction2/football-auction-backend/node_modules/@types/d3-color': '/Users/mushfiq/Desktop/football-auction2/football-auction-backend/node_modules/@types/.d3-color-gq6LBqbD',
1421 silly reify   '/Users/mushfiq/Desktop/football-auction2/football-auction-backend/node_modules/@types/d3-delaunay': '/Users/mushfiq/Desktop/football-auction2/football-auction-backend/node_modules/@types/.d3-delaunay-fxjHjLM4',
1421 silly reify   '/Users/mushfiq/Desktop/football-auction2/football-auction-backend/node_modules/@types/d3-format': '/Users/mushfiq/Desktop/football-auction2/football-auction-backend/node_modules/@types/.d3-format-8FcQ5gNb',
1421 silly reify   '/Users/mushfiq/Desktop/football-auction2/football-auction-backend/node_modules/@standard-schema/spec': '/Users/mushfiq/Desktop/football-auction2/football-auction-backend/node_modules/@standard-schema/.spec-bYEeAyqJ',
1421 silly reify   '/Users/mushfiq/Desktop/football-auction2/football-auction-backend/node_modules/@types/d3-interpolate': '/Users/mushfiq/Desktop/football-auction2/football-auction-backend/node_modules/@types/.d3-interpolate-t2qx41tY',
1421 silly reify   '/Users/mushfiq/Desktop/football-auction2/football-auction-backend/node_modules/@tsconfig/node10': '/Users/mushfiq/Desktop/football-auction2/football-auction-backend/node_modules/@tsconfig/.node10-fLxqDpnR',
1421 silly reify   '/Users/mushfiq/Desktop/football-auction2/football-auction-backend/node_modules/@types/d3-path': '/Users/mushfiq/Desktop/football-auction2/football-auction-backend/node_modules/@types/.d3-path-FI3R9zQ0',
1421 silly reify   '/Users/mushfiq/Desktop/football-auction2/football-auction-backend/node_modules/@types/d3-scale': '/Users/mushfiq/Desktop/football-auction2/football-auction-backend/node_modules/@types/.d3-scale-FSLYsD6s',
1421 silly reify   '/Users/mushfiq/Desktop/football-auction2/football-auction-backend/node_modules/@types/d3-shape': '/Users/mushfiq/Desktop/football-auction2/football-auction-backend/node_modules/@types/.d3-shape-bwy8JXZt',
1421 silly reify   '/Users/mushfiq/Desktop/football-auction2/football-auction-backend/node_modules/@types/d3-time': '/Users/mushfiq/Desktop/football-auction2/football-auction-backend/node_modules/@types/.d3-time-NU1xp5EN',
1421 silly reify   '/Users/mushfiq/Desktop/football-auction2/football-auction-backend/node_modules/@types/express-serve-static-core': '/Users/mushfiq/Desktop/football-auction2/football-auction-backend/node_modules/@types/.express-serve-static-core-EfmFXhZt',
1421 silly reify   '/Users/mushfiq/Desktop/football-auction2/football-auction-backend/node_modules/@types/http-errors': '/Users/mushfiq/Desktop/football-auction2/football-auction-backend/node_modules/@types/.http-errors-V4ppcNEQ',
1421 silly reify   '/Users/mushfiq/Desktop/football-auction2/football-auction-backend/node_modules/@types/geojson': '/Users/mushfiq/Desktop/football-auction2/football-auction-backend/node_modules/@types/.geojson-SIwuFZe0',
1421 silly reify   '/Users/mushfiq/Desktop/football-auction2/football-auction-backend/node_modules/@types/d3-time-format': '/Users/mushfiq/Desktop/football-auction2/football-auction-backend/node_modules/@types/.d3-time-format-NAYLeJVq',
1421 silly reify   '/Users/mushfiq/Desktop/football-auction2/football-auction-backend/node_modules/@types/ms': '/Users/mushfiq/Desktop/football-auction2/football-auction-backend/node_modules/@types/.ms-9Zmx8mck',
1421 silly reify   '/Users/mushfiq/Desktop/football-auction2/football-auction-backend/node_modules/@types/lodash': '/Users/mushfiq/Desktop/football-auction2/football-auction-backend/node_modules/@types/.lodash-vueZbFP6',
1421 silly reify   '/Users/mushfiq/Desktop/football-auction2/football-auction-backend/node_modules/@types/range-parser': '/Users/mushfiq/Desktop/football-auction2/football-auction-backend/node_modules/@types/.range-parser-JaGn9gM0',
1421 silly reify   '/Users/mushfiq/Desktop/football-auction2/football-auction-backend/node_modules/@types/react': '/Users/mushfiq/Desktop/football-auction2/football-auction-backend/node_modules/@types/.react-0nPzc8PR',
1421 silly reify   '/Users/mushfiq/Desktop/football-auction2/football-auction-backend/node_modules/@types/send': '/Users/mushfiq/Desktop/football-auction2/football-auction-backend/node_modules/@types/.send-4plvym1V',
1421 silly reify   '/Users/mushfiq/Desktop/football-auction2/football-auction-backend/node_modules/@types/serve-static': '/Users/mushfiq/Desktop/football-auction2/football-auction-backend/node_modules/@types/.serve-static-pojGdBRw',
1421 silly reify   '/Users/mushfiq/Desktop/football-auction2/football-auction-backend/node_modules/@types/strip-json-comments': '/Users/mushfiq/Desktop/football-auction2/football-auction-backend/node_modules/@types/.strip-json-comments-sMxV1DwL',
1421 silly reify   '/Users/mushfiq/Desktop/football-auction2/football-auction-backend/node_modules/@tsconfig/node14': '/Users/mushfiq/Desktop/football-auction2/football-auction-backend/node_modules/@tsconfig/.node14-zwW33Su2',
1421 silly reify   '/Users/mushfiq/Desktop/football-auction2/football-auction-backend/node_modules/@types/d3-geo': '/Users/mushfiq/Desktop/football-auction2/football-auction-backend/node_modules/@types/.d3-geo-vHUt1r7U',
1421 silly reify   '/Users/mushfiq/Desktop/football-auction2/football-auction-backend/node_modules/@visx/event': '/Users/mushfiq/Desktop/football-auction2/football-auction-backend/node_modules/@visx/.event-AoidTmcP',
1421 silly reify   '/Users/mushfiq/Desktop/football-auction2/football-auction-backend/node_modules/@visx/group': '/Users/mushfiq/Desktop/football-auction2/football-auction-backend/node_modules/@visx/.group-1U7XD87t',
1421 silly reify   '/Users/mushfiq/Desktop/football-auction2/football-auction-backend/node_modules/@types/strip-bom': '/Users/mushfiq/Desktop/football-auction2/football-auction-backend/node_modules/@types/.strip-bom-PznMvLiu',
1421 silly reify   '/Users/mushfiq/Desktop/football-auction2/football-auction-backend/node_modules/@visx/curve': '/Users/mushfiq/Desktop/football-auction2/football-auction-backend/node_modules/@visx/.curve-nVsCm2gT',
1421 silly reify   '/Users/mushfiq/Desktop/football-auction2/football-auction-backend/node_modules/@visx/grid': '/Users/mushfiq/Desktop/football-auction2/football-auction-backend/node_modules/@visx/.grid-LwlsnHpW',
1421 silly reify   '/Users/mushfiq/Desktop/football-auction2/football-auction-backend/node_modules/@visx/responsive': '/Users/mushfiq/Desktop/football-auction2/football-auction-backend/node_modules/@visx/.responsive-GOd8YnHk',
1421 silly reify   '/Users/mushfiq/Desktop/football-auction2/football-auction-backend/node_modules/@visx/shape': '/Users/mushfiq/Desktop/football-auction2/football-auction-backend/node_modules/@visx/.shape-OZcS7bFZ',
1421 silly reify   '/Users/mushfiq/Desktop/football-auction2/football-auction-backend/node_modules/@visx/point': '/Users/mushfiq/Desktop/football-auction2/football-auction-backend/node_modules/@visx/.point-VZ4621af',
1421 silly reify   '/Users/mushfiq/Desktop/football-auction2/football-auction-backend/node_modules/@visx/vendor': '/Users/mushfiq/Desktop/football-auction2/football-auction-backend/node_modules/@visx/.vendor-gKOrUiaP',
1421 silly reify   '/Users/mushfiq/Desktop/football-auction2/football-auction-backend/node_modules/@visx/scale': '/Users/mushfiq/Desktop/football-auction2/football-auction-backend/node_modules/@visx/.scale-Dd5D5Kzk'
1421 silly reify }
1422 silly audit bulk request {
1422 silly audit   '@prisma/client': [ '7.9.1' ],
1422 silly audit   '@prisma/client-runtime-utils': [ '7.9.1' ],
1422 silly audit   '@socket.io/component-emitter': [ '3.1.2' ],
1422 silly audit   '@stablelib/base64': [ '1.0.1' ],
1422 silly audit   '@types/cors': [ '2.8.19' ],
1422 silly audit   '@types/ws': [ '8.18.1' ],
1422 silly audit   accepts: [ '2.0.0', '1.3.8' ],
1422 silly audit   'append-field': [ '1.0.0' ],
1422 silly audit   base64id: [ '2.0.0' ],
1422 silly audit   bcryptjs: [ '3.0.3' ],
1422 silly audit   'body-parser': [ '2.3.0' ],
1422 silly audit   'content-type': [ '2.0.0', '1.0.5' ],
1422 silly audit   'buffer-equal-constant-time': [ '1.0.1' ],
1422 silly audit   'buffer-from': [ '1.1.2' ],
1422 silly audit   busboy: [ '1.6.0' ],
1422 silly audit   bytes: [ '3.1.2' ],
1422 silly audit   'call-bind-apply-helpers': [ '1.0.2' ],
1422 silly audit   'call-bound': [ '1.0.4' ],
1422 silly audit   cloudinary: [ '2.10.0' ],
1422 silly audit   'concat-stream': [ '2.0.0' ],
1422 silly audit   'content-disposition': [ '1.1.0' ],
1422 silly audit   cookie: [ '0.7.2' ],
1422 silly audit   'cookie-signature': [ '1.2.2' ],
1422 silly audit   cors: [ '2.8.6' ],
1422 silly audit   debug: [ '4.4.3' ],
1422 silly audit   depd: [ '2.0.0' ],
1422 silly audit   dotenv: [ '17.4.2' ],
1422 silly audit   'dunder-proto': [ '1.0.1' ],
1422 silly audit   'ecdsa-sig-formatter': [ '1.0.11' ],
1422 silly audit   'ee-first': [ '1.1.1' ],
1422 silly audit   encodeurl: [ '2.0.0' ],
1422 silly audit   'engine.io': [ '6.6.9' ],
1422 silly audit   'engine.io-parser': [ '5.2.3' ],
1422 silly audit   'mime-db': [ '1.52.0', '1.54.0' ],
1422 silly audit   'mime-types': [ '2.1.35', '3.0.2' ],
1422 silly audit   negotiator: [ '0.6.3', '1.0.0' ],
1422 silly audit   'es-define-property': [ '1.0.1' ],
1422 silly audit   'es-errors': [ '1.3.0' ],
1422 silly audit   'es-object-atoms': [ '1.1.2' ],
1422 silly audit   'escape-html': [ '1.0.3' ],
1422 silly audit   etag: [ '1.8.1' ],
1422 silly audit   express: [ '5.2.1' ],
1422 silly audit   'fast-sha256': [ '1.3.0' ],
1422 silly audit   finalhandler: [ '2.1.1' ],
1422 silly audit   forwarded: [ '0.2.0' ],
1422 silly audit   fresh: [ '2.0.0' ],
1422 silly audit   'function-bind': [ '1.1.2' ],
1422 silly audit   'get-intrinsic': [ '1.3.0' ],
1422 silly audit   'get-proto': [ '1.0.1' ],
1422 silly audit   gopd: [ '1.2.0' ],
1422 silly audit   'has-symbols': [ '1.1.0' ],
1422 silly audit   hasown: [ '2.0.4' ],
1422 silly audit   'http-errors': [ '2.0.1' ],
1422 silly audit   'iconv-lite': [ '0.7.3' ],
1422 silly audit   inherits: [ '2.0.4' ],
1422 silly audit   'ipaddr.js': [ '1.9.1' ],
1422 silly audit   'is-promise': [ '4.0.0' ],
1422 silly audit   jsonwebtoken: [ '9.0.3' ],
1422 silly audit   jwa: [ '2.0.1' ],
1422 silly audit   jws: [ '4.0.1' ],
1422 silly audit   lodash: [ '4.18.1' ],
1422 silly audit   'lodash.includes': [ '4.3.0' ],
1422 silly audit   'lodash.isboolean': [ '3.0.3' ],
1422 silly audit   'lodash.isinteger': [ '4.0.4' ],
1422 silly audit   'lodash.isnumber': [ '3.0.3' ],
1422 silly audit   'lodash.isplainobject': [ '4.0.6' ],
1422 silly audit   'lodash.isstring': [ '4.0.1' ],
1422 silly audit   'lodash.once': [ '4.1.1' ],
1422 silly audit   'math-intrinsics': [ '1.1.0' ],
1422 silly audit   'media-typer': [ '1.1.1', '0.3.0' ],
1422 silly audit   'merge-descriptors': [ '2.0.0' ],
1422 silly audit   ms: [ '2.1.3' ],
1422 silly audit   multer: [ '2.2.0' ],
1422 silly audit   'type-is': [ '1.6.18', '2.1.0' ],
1422 silly audit   'object-assign': [ '4.1.1' ],
1422 silly audit   'object-inspect': [ '1.13.4' ],
1422 silly audit   'on-finished': [ '2.4.1' ],
1422 silly audit   once: [ '1.4.0' ],
1422 silly audit   parseurl: [ '1.3.3' ],
1422 silly audit   'path-to-regexp': [ '8.4.2' ],
1422 silly audit   'postal-mime': [ '2.7.5' ],
1422 silly audit   'proxy-addr': [ '2.0.7' ],
1422 silly audit   qs: [ '6.15.3' ],
1422 silly audit   'range-parser': [ '1.3.0' ],
1422 silly audit   'raw-body': [ '3.0.2' ],
1422 silly audit   'readable-stream': [ '3.6.2' ],
1422 silly audit   resend: [ '6.18.1' ],
1422 silly audit   router: [ '2.2.0' ],
1422 silly audit   'safe-buffer': [ '5.2.1' ],
1422 silly audit   'safer-buffer': [ '2.1.2' ],
1422 silly audit   semver: [ '7.8.5' ],
1422 silly audit   send: [ '1.2.1' ],
1422 silly audit   'serve-static': [ '2.2.1' ],
1422 silly audit   setprototypeof: [ '1.2.0' ],
1422 silly audit   'side-channel': [ '1.1.1' ],
1422 silly audit   'side-channel-list': [ '1.0.1' ],
1422 silly audit   'side-channel-map': [ '1.0.1' ],
1422 silly audit   'side-channel-weakmap': [ '1.0.2' ],
1422 silly audit   'socket.io': [ '4.8.3' ],
1422 silly audit   'socket.io-adapter': [ '2.5.8' ],
1422 silly audit   'socket.io-parser': [ '4.2.7' ],
1422 silly audit   standardwebhooks: [ '1.0.0' ],
1422 silly audit   statuses: [ '2.0.2' ],
1422 silly audit   streamsearch: [ '1.1.0' ],
1422 silly audit   string_decoder: [ '1.3.0' ],
1422 silly audit   toidentifier: [ '1.0.1' ],
1422 silly audit   typedarray: [ '0.0.6' ],
1422 silly audit   'undici-types': [ '8.3.0' ],
1422 silly audit   unpipe: [ '1.0.0' ],
1422 silly audit   'util-deprecate': [ '1.0.2' ],
1422 silly audit   vary: [ '1.1.2' ],
1422 silly audit   wrappy: [ '1.0.2' ],
1422 silly audit   ws: [ '8.21.2' ],
1422 silly audit   zod: [ '4.4.3' ],
1422 silly audit   '@types/express': [ '5.0.6' ],
1422 silly audit   '@types/node': [ '26.1.2' ],
1422 silly audit   prisma: [ '7.9.1' ],
1422 silly audit   'ts-node-dev': [ '2.0.0' ],
1422 silly audit   typescript: [ '7.0.2' ],
1422 silly audit   '@types/body-parser': [ '1.19.6' ],
1422 silly audit   '@types/express-serve-static-core': [ '5.1.3' ],
1422 silly audit   '@types/serve-static': [ '2.2.0' ],
1422 silly audit   '@types/connect': [ '3.4.38' ],
1422 silly audit   '@types/qs': [ '6.15.1' ],
1422 silly audit   '@types/range-parser': [ '1.2.7' ],
1422 silly audit   '@types/send': [ '1.2.1' ],
1422 silly audit   '@types/http-errors': [ '2.0.5' ],
1422 silly audit   '@prisma/config': [ '7.9.1' ],
1422 silly audit   '@prisma/dev': [ '0.24.17' ],
1422 silly audit   '@prisma/engines': [ '7.9.1' ],
1422 silly audit   '@prisma/studio-core': [ '0.33.0' ],
1422 silly audit   '@types/react': [ '19.2.18' ],
1422 silly audit   react: [ '19.2.8' ],
1422 silly audit   'react-dom': [ '19.2.8' ],
1422 silly audit   mysql2: [ '3.15.3' ],
1422 silly audit   postgres: [ '3.4.7' ],
1422 silly audit   c12: [ '3.3.4' ],
1422 silly audit   'deepmerge-ts': [ '7.1.5' ],
1422 silly audit   effect: [ '3.20.0' ],
1422 silly audit   empathic: [ '2.0.0' ],
1422 silly audit   '@electric-sql/pglite': [ '0.4.3' ],
1422 silly audit   '@electric-sql/pglite-socket': [ '0.1.3' ],
1422 silly audit   '@electric-sql/pglite-tools': [ '0.3.3' ],
1422 silly audit   '@prisma/get-platform': [ '7.2.0', '7.9.1' ],
1422 silly audit   '@prisma/query-plan-executor': [ '7.2.0' ],
1422 silly audit   '@prisma/streams-local': [ '0.1.11' ],
1422 silly audit   'find-my-way': [ '9.7.0' ],
1422 silly audit   'foreground-child': [ '3.3.1' ],
1422 silly audit   'get-port-please': [ '3.2.0' ],
1422 silly audit   pathe: [ '2.0.3' ],
1422 silly audit   'proper-lockfile': [ '4.1.2' ],
1422 silly audit   remeda: [ '2.33.4' ],
1422 silly audit   'std-env': [ '3.10.0' ],
1422 silly audit   valibot: [ '1.4.2' ],
1422 silly audit   zeptomatch: [ '2.1.0' ],
1422 silly audit   '@prisma/debug': [ '7.9.1', '7.2.0' ],
1422 silly audit   '@prisma/engines-version': [ '7.9.0-1.e922089b7d7502aff4249d5da3420f6fa55fc6ad' ],
1422 silly audit   '@prisma/fetch-engine': [ '7.9.1' ],
1422 silly audit   ajv: [ '8.20.0' ],
1422 silly audit   'better-result': [ '2.10.0' ],
1422 silly audit   'env-paths': [ '3.0.0' ],
1422 silly audit   '@radix-ui/react-toggle': [ '1.1.10' ],
1422 silly audit   '@visx/curve': [ '4.0.1-alpha.0' ],
1422 silly audit   '@visx/event': [ '4.0.1-alpha.0' ],
1422 silly audit   '@visx/grid': [ '4.0.1-alpha.0' ],
1422 silly audit   '@visx/group': [ '4.0.1-alpha.0' ],
1422 silly audit   '@visx/responsive': [ '4.0.1-alpha.0' ],
1422 silly audit   '@visx/scale': [ '4.0.1-alpha.0' ],
1422 silly audit   '@visx/shape': [ '4.0.1-alpha.0' ],
1422 silly audit   'd3-array': [ '3.2.4', '3.2.1' ],
1422 silly audit   'd3-shape': [ '3.2.0' ],
1422 silly audit   elkjs: [ '0.11.1' ],
1422 silly audit   '@radix-ui/primitive': [ '1.1.3' ],
1422 silly audit   '@radix-ui/react-primitive': [ '2.1.3' ],
1422 silly audit   '@radix-ui/react-use-controllable-state': [ '1.2.2' ],
1422 silly audit   '@radix-ui/react-slot': [ '1.2.3' ],
1422 silly audit   '@radix-ui/react-compose-refs': [ '1.1.2' ],
1422 silly audit   '@radix-ui/react-use-effect-event': [ '0.0.2' ],
1422 silly audit   '@radix-ui/react-use-layout-effect': [ '1.1.1' ],
1422 silly audit   csstype: [ '3.2.3' ],
1422 silly audit   '@visx/vendor': [ '4.0.0-alpha.0' ],
1422 silly audit   '@visx/point': [ '4.0.1-alpha.0' ],
1422 silly audit   classnames: [ '2.5.1' ],
1422 silly audit   '@types/lodash': [ '4.17.25' ],
1422 silly audit   '@types/d3-array': [ '3.0.3' ],
1422 silly audit   '@types/d3-color': [ '3.1.0' ],
1422 silly audit   '@types/d3-delaunay': [ '6.0.1' ],
1422 silly audit   '@types/d3-format': [ '3.0.1' ],
1422 silly audit   '@types/d3-geo': [ '3.1.0' ],
1422 silly audit   '@types/d3-interpolate': [ '3.0.1' ],
1422 silly audit   '@types/d3-path': [ '3.1.1' ],
1422 silly audit   '@types/d3-scale': [ '4.0.2' ],
1422 silly audit   '@types/d3-shape': [ '3.1.7' ],
1422 silly audit   '@types/d3-time': [ '3.0.0' ],
1422 silly audit   '@types/d3-time-format': [ '2.1.0' ],
1422 silly audit   'd3-color': [ '3.1.0' ],
1422 silly audit   'd3-delaunay': [ '6.0.2' ],
1422 silly audit   'd3-format': [ '3.1.0' ],
1422 silly audit   'd3-geo': [ '3.1.0' ],
1422 silly audit   'd3-interpolate': [ '3.0.1' ],
1422 silly audit   'd3-path': [ '3.1.0' ],
1422 silly audit   'd3-scale': [ '4.0.2' ],
1422 silly audit   'd3-time': [ '3.1.0' ],
1422 silly audit   'd3-time-format': [ '4.1.0' ],
1422 silly audit   internmap: [ '2.0.3' ],
1422 silly audit   '@types/geojson': [ '7946.0.16' ],
1422 silly audit   'fast-deep-equal': [ '3.1.3' ],
1422 silly audit   'fast-uri': [ '3.1.5' ],
1422 silly audit   'json-schema-traverse': [ '1.0.0' ],
1422 silly audit   'require-from-string': [ '2.0.2' ],
1422 silly audit   chokidar: [ '5.0.0', '3.6.0' ],
1422 silly audit   confbox: [ '0.2.4' ],
1422 silly audit   defu: [ '6.1.7' ],
1422 silly audit   exsolve: [ '1.1.1' ],
1422 silly audit   giget: [ '3.3.1' ],
1422 silly audit   jiti: [ '2.7.0' ],
1422 silly audit   ohash: [ '2.0.11' ],
1422 silly audit   'perfect-debounce': [ '2.1.0' ],
1422 silly audit   'pkg-types': [ '2.3.1' ],
1422 silly audit   rc9: [ '3.0.1' ],
1422 silly audit   readdirp: [ '5.0.0', '3.6.0' ],
1422 silly audit   delaunator: [ '5.1.0' ],
1422 silly audit   'robust-predicates': [ '3.0.3' ],
1422 silly audit   '@standard-schema/spec': [ '1.1.0' ],
1422 silly audit   'fast-check': [ '3.23.2' ],
1422 silly audit   'pure-rand': [ '6.1.0' ],
1422 silly audit   'fast-querystring': [ '1.1.2' ],
1422 silly audit   'safe-regex2': [ '5.1.1' ],
1422 silly audit   'fast-decode-uri-component': [ '1.0.1' ],
1422 silly audit   'cross-spawn': [ '7.0.6' ],
1422 silly audit   'signal-exit': [ '4.1.0', '3.0.7' ],
1422 silly audit   'path-key': [ '3.1.1' ],
1422 silly audit   'shebang-command': [ '2.0.0' ],
1422 silly audit   which: [ '2.0.2' ],
1422 silly audit   'aws-ssl-profiles': [ '1.1.2' ],
1422 silly audit   denque: [ '2.1.0' ],
1422 silly audit   'generate-function': [ '2.3.1' ],
1422 silly audit   long: [ '5.3.2' ],
1422 silly audit   'lru.min': [ '1.1.4' ],
1422 silly audit   'named-placeholders': [ '1.1.6' ],
1422 silly audit   'seq-queue': [ '0.0.5' ],
1422 silly audit   sqlstring: [ '2.3.3' ],
1422 silly audit   'is-property': [ '1.0.2' ],
1422 silly audit   'graceful-fs': [ '4.2.11' ],
1422 silly audit   retry: [ '0.12.0' ],
1422 silly audit   destr: [ '2.0.5' ],
1422 silly audit   scheduler: [ '0.27.0' ],
1422 silly audit   ret: [ '0.5.0' ],
1422 silly audit   'shebang-regex': [ '3.0.0' ],
1422 silly audit   'dynamic-dedupe': [ '0.3.0' ],
1422 silly audit   minimist: [ '1.2.8' ],
1422 silly audit   mkdirp: [ '1.0.4' ],
1422 silly audit   resolve: [ '1.22.12' ],
1422 silly audit   rimraf: [ '2.7.1' ],
1422 silly audit   'source-map-support': [ '0.5.21' ],
1422 silly audit   'tree-kill': [ '1.2.2' ],
1422 silly audit   'ts-node': [ '10.9.2' ],
1422 silly audit   tsconfig: [ '7.0.0' ],
1422 silly audit   xtend: [ '4.0.2' ],
1422 silly audit   'is-core-module': [ '2.16.2' ],
1422 silly audit   'path-parse': [ '1.0.7' ],
1422 silly audit   'supports-preserve-symlinks-flag': [ '1.0.0' ],
1422 silly audit   glob: [ '7.2.3' ],
1422 silly audit   'fs.realpath': [ '1.0.0' ],
1422 silly audit   inflight: [ '1.0.6' ],
1422 silly audit   minimatch: [ '3.1.5' ],
1422 silly audit   'path-is-absolute': [ '1.0.1' ],
1422 silly audit   'brace-expansion': [ '1.1.18' ],
1422 silly audit   'balanced-match': [ '1.0.2' ],
1422 silly audit   'concat-map': [ '0.0.1' ],
1422 silly audit   'source-map': [ '0.6.1' ],
1422 silly audit   '@cspotcode/source-map-support': [ '0.8.1' ],
1422 silly audit   '@tsconfig/node10': [ '1.0.12' ],
1422 silly audit   '@tsconfig/node12': [ '1.0.11' ],
1422 silly audit   '@tsconfig/node14': [ '1.0.3' ],
1422 silly audit   '@tsconfig/node16': [ '1.0.4' ],
1422 silly audit   acorn: [ '8.18.0' ],
1422 silly audit   'acorn-walk': [ '8.3.5' ],
1422 silly audit   arg: [ '4.1.3' ],
1422 silly audit   'create-require': [ '1.1.1' ],
1422 silly audit   diff: [ '4.0.4' ],
1422 silly audit   'make-error': [ '1.3.6' ],
1422 silly audit   'v8-compile-cache-lib': [ '3.0.1' ],
1422 silly audit   yn: [ '3.1.1' ],
1422 silly audit   '@jridgewell/trace-mapping': [ '0.3.9' ],
1422 silly audit   '@jridgewell/resolve-uri': [ '3.1.2' ],
1422 silly audit   '@jridgewell/sourcemap-codec': [ '1.5.5' ],
1422 silly audit   '@types/strip-bom': [ '3.0.0' ],
1422 silly audit   '@types/strip-json-comments': [ '0.0.30' ],
1422 silly audit   'strip-bom': [ '3.0.0' ],
1422 silly audit   'strip-json-comments': [ '2.0.1' ],
1422 silly audit   '@typescript/typescript-aix-ppc64': [ '7.0.2' ],
1422 silly audit   '@typescript/typescript-darwin-arm64': [ '7.0.2' ],
1422 silly audit   '@typescript/typescript-darwin-x64': [ '7.0.2' ],
1422 silly audit   '@typescript/typescript-freebsd-arm64': [ '7.0.2' ],
1422 silly audit   '@typescript/typescript-freebsd-x64': [ '7.0.2' ],
1422 silly audit   '@typescript/typescript-linux-arm': [ '7.0.2' ],
1422 silly audit   '@typescript/typescript-linux-arm64': [ '7.0.2' ],
1422 silly audit   '@typescript/typescript-linux-loong64': [ '7.0.2' ],
1422 silly audit   '@typescript/typescript-linux-mips64el': [ '7.0.2' ],
1422 silly audit   '@typescript/typescript-linux-ppc64': [ '7.0.2' ],
1422 silly audit   '@typescript/typescript-linux-riscv64': [ '7.0.2' ],
1422 silly audit   '@typescript/typescript-linux-s390x': [ '7.0.2' ],
1422 silly audit   '@typescript/typescript-linux-x64': [ '7.0.2' ],
1422 silly audit   '@typescript/typescript-netbsd-arm64': [ '7.0.2' ],
1422 silly audit   '@typescript/typescript-netbsd-x64': [ '7.0.2' ],
1422 silly audit   '@typescript/typescript-openbsd-arm64': [ '7.0.2' ],
1422 silly audit   '@typescript/typescript-openbsd-x64': [ '7.0.2' ],
1422 silly audit   '@typescript/typescript-sunos-x64': [ '7.0.2' ],
1422 silly audit   '@typescript/typescript-win32-arm64': [ '7.0.2' ],
1422 silly audit   '@typescript/typescript-win32-x64': [ '7.0.2' ],
1422 silly audit   isexe: [ '2.0.0' ],
1422 silly audit   grammex: [ '3.1.13' ],
1422 silly audit   graphmatch: [ '1.1.1' ],
1422 silly audit   anymatch: [ '3.1.3' ],
1422 silly audit   braces: [ '3.0.3' ],
1422 silly audit   fsevents: [ '2.3.3' ],
1422 silly audit   'glob-parent': [ '5.1.2' ],
1422 silly audit   'is-binary-path': [ '2.1.0' ],
1422 silly audit   'is-glob': [ '4.0.3' ],
1422 silly audit   'normalize-path': [ '3.0.0' ],
1422 silly audit   picomatch: [ '2.3.2' ],
1422 silly audit   'fill-range': [ '7.1.1' ],
1422 silly audit   'to-regex-range': [ '5.0.1' ],
1422 silly audit   'binary-extensions': [ '2.3.0' ],
1422 silly audit   'is-extglob': [ '2.1.1' ],
1422 silly audit   'is-number': [ '7.0.0' ]
1422 silly audit }
1423 http cache @visx/scale@https://registry.npmjs.org/@visx/scale/-/scale-4.0.1-alpha.0.tgz 0ms (cache hit)
1424 http cache @visx/point@https://registry.npmjs.org/@visx/point/-/point-4.0.1-alpha.0.tgz 0ms (cache hit)
1425 http cache @visx/shape@https://registry.npmjs.org/@visx/shape/-/shape-4.0.1-alpha.0.tgz 0ms (cache hit)
1426 http cache @visx/responsive@https://registry.npmjs.org/@visx/responsive/-/responsive-4.0.1-alpha.0.tgz 0ms (cache hit)
1427 http cache @visx/curve@https://registry.npmjs.org/@visx/curve/-/curve-4.0.1-alpha.0.tgz 0ms (cache hit)
1428 http cache @types/strip-bom@https://registry.npmjs.org/@types/strip-bom/-/strip-bom-3.0.0.tgz 0ms (cache hit)
1429 http cache @visx/grid@https://registry.npmjs.org/@visx/grid/-/grid-4.0.1-alpha.0.tgz 0ms (cache hit)
1430 http cache @visx/group@https://registry.npmjs.org/@visx/group/-/group-4.0.1-alpha.0.tgz 0ms (cache hit)
1431 http cache @visx/event@https://registry.npmjs.org/@visx/event/-/event-4.0.1-alpha.0.tgz 0ms (cache hit)
1432 http cache @types/d3-geo@https://registry.npmjs.org/@types/d3-geo/-/d3-geo-3.1.0.tgz 0ms (cache hit)
1433 http cache @tsconfig/node14@https://registry.npmjs.org/@tsconfig/node14/-/node14-1.0.3.tgz 0ms (cache hit)
1434 http cache @types/strip-json-comments@https://registry.npmjs.org/@types/strip-json-comments/-/strip-json-comments-0.0.30.tgz 0ms (cache hit)
1435 http cache @types/serve-static@https://registry.npmjs.org/@types/serve-static/-/serve-static-2.2.0.tgz 0ms (cache hit)
1436 http cache @types/send@https://registry.npmjs.org/@types/send/-/send-1.2.1.tgz 0ms (cache hit)
1437 http cache @types/range-parser@https://registry.npmjs.org/@types/range-parser/-/range-parser-1.2.7.tgz 0ms (cache hit)
1438 http cache @types/lodash@https://registry.npmjs.org/@types/lodash/-/lodash-4.17.25.tgz 0ms (cache hit)
1439 http cache @visx/vendor@https://registry.npmjs.org/@visx/vendor/-/vendor-4.0.0-alpha.0.tgz 0ms (cache hit)
1440 http cache @types/geojson@https://registry.npmjs.org/@types/geojson/-/geojson-7946.0.16.tgz 0ms (cache hit)
1441 http cache @types/d3-time-format@https://registry.npmjs.org/@types/d3-time-format/-/d3-time-format-2.1.0.tgz 0ms (cache hit)
1442 http cache @types/http-errors@https://registry.npmjs.org/@types/http-errors/-/http-errors-2.0.5.tgz 0ms (cache hit)
1443 http cache @types/express-serve-static-core@https://registry.npmjs.org/@types/express-serve-static-core/-/express-serve-static-core-5.1.3.tgz 0ms (cache hit)
1444 http cache @types/d3-shape@https://registry.npmjs.org/@types/d3-shape/-/d3-shape-3.1.7.tgz 0ms (cache hit)
1445 http cache @types/d3-time@https://registry.npmjs.org/@types/d3-time/-/d3-time-3.0.0.tgz 0ms (cache hit)
1446 http cache @types/d3-scale@https://registry.npmjs.org/@types/d3-scale/-/d3-scale-4.0.2.tgz 0ms (cache hit)
1447 http cache @types/d3-path@https://registry.npmjs.org/@types/d3-path/-/d3-path-3.1.1.tgz 0ms (cache hit)
1448 http cache @types/d3-interpolate@https://registry.npmjs.org/@types/d3-interpolate/-/d3-interpolate-3.0.1.tgz 0ms (cache hit)
1449 http cache @tsconfig/node10@https://registry.npmjs.org/@tsconfig/node10/-/node10-1.0.12.tgz 0ms (cache hit)
1450 http cache @standard-schema/spec@https://registry.npmjs.org/@standard-schema/spec/-/spec-1.1.0.tgz 0ms (cache hit)
1451 http cache @types/d3-format@https://registry.npmjs.org/@types/d3-format/-/d3-format-3.0.1.tgz 0ms (cache hit)
1452 http cache @types/connect@https://registry.npmjs.org/@types/connect/-/connect-3.4.38.tgz 0ms (cache hit)
1453 http cache @types/d3-delaunay@https://registry.npmjs.org/@types/d3-delaunay/-/d3-delaunay-6.0.1.tgz 0ms (cache hit)
1454 http cache @types/d3-color@https://registry.npmjs.org/@types/d3-color/-/d3-color-3.1.0.tgz 0ms (cache hit)
1455 http cache @types/d3-array@https://registry.npmjs.org/@types/d3-array/-/d3-array-3.0.3.tgz 0ms (cache hit)
1456 http cache @radix-ui/react-use-effect-event@https://registry.npmjs.org/@radix-ui/react-use-effect-event/-/react-use-effect-event-0.0.2.tgz 0ms (cache hit)
1457 http cache @tsconfig/node16@https://registry.npmjs.org/@tsconfig/node16/-/node16-1.0.4.tgz 0ms (cache hit)
1458 http cache @tsconfig/node12@https://registry.npmjs.org/@tsconfig/node12/-/node12-1.0.11.tgz 0ms (cache hit)
1459 http cache @radix-ui/react-use-layout-effect@https://registry.npmjs.org/@radix-ui/react-use-layout-effect/-/react-use-layout-effect-1.1.1.tgz 0ms (cache hit)
1460 http cache @radix-ui/react-toggle@https://registry.npmjs.org/@radix-ui/react-toggle/-/react-toggle-1.1.10.tgz 0ms (cache hit)
1461 http cache @radix-ui/react-use-controllable-state@https://registry.npmjs.org/@radix-ui/react-use-controllable-state/-/react-use-controllable-state-1.2.2.tgz 0ms (cache hit)
1462 http cache @types/react@https://registry.npmjs.org/@types/react/-/react-19.2.18.tgz 0ms (cache hit)
1463 http cache @radix-ui/react-primitive@https://registry.npmjs.org/@radix-ui/react-primitive/-/react-primitive-2.1.3.tgz 0ms (cache hit)
1464 http cache @radix-ui/react-slot@https://registry.npmjs.org/@radix-ui/react-slot/-/react-slot-1.2.3.tgz 0ms (cache hit)
1465 http cache @radix-ui/react-compose-refs@https://registry.npmjs.org/@radix-ui/react-compose-refs/-/react-compose-refs-1.1.2.tgz 0ms (cache hit)
1466 http cache @prisma/get-platform@https://registry.npmjs.org/@prisma/get-platform/-/get-platform-7.2.0.tgz 0ms (cache hit)
1467 http cache @prisma/engines@https://registry.npmjs.org/@prisma/engines/-/engines-7.9.1.tgz 0ms (cache hit)
1468 http cache @prisma/streams-local@https://registry.npmjs.org/@prisma/streams-local/-/streams-local-0.1.11.tgz 0ms (cache hit)
1469 http cache @prisma/engines-version@https://registry.npmjs.org/@prisma/engines-version/-/engines-version-7.9.0-1.e922089b7d7502aff4249d5da3420f6fa55fc6ad.tgz 0ms (cache hit)
1470 http cache @prisma/fetch-engine@https://registry.npmjs.org/@prisma/fetch-engine/-/fetch-engine-7.9.1.tgz 0ms (cache hit)
1471 http cache @radix-ui/primitive@https://registry.npmjs.org/@radix-ui/primitive/-/primitive-1.1.3.tgz 0ms (cache hit)
1472 http cache @jridgewell/resolve-uri@https://registry.npmjs.org/@jridgewell/resolve-uri/-/resolve-uri-3.1.2.tgz 0ms (cache hit)
1473 http cache @cspotcode/source-map-support@https://registry.npmjs.org/@cspotcode/source-map-support/-/source-map-support-0.8.1.tgz 0ms (cache hit)
1474 http cache @prisma/debug@https://registry.npmjs.org/@prisma/debug/-/debug-7.9.1.tgz 0ms (cache hit)
1475 http cache @prisma/config@https://registry.npmjs.org/@prisma/config/-/config-7.9.1.tgz 0ms (cache hit)
1476 http cache @electric-sql/pglite-tools@https://registry.npmjs.org/@electric-sql/pglite-tools/-/pglite-tools-0.3.3.tgz 0ms (cache hit)
1477 http cache @jridgewell/sourcemap-codec@https://registry.npmjs.org/@jridgewell/sourcemap-codec/-/sourcemap-codec-1.5.5.tgz 0ms (cache hit)
1478 http cache @electric-sql/pglite-socket@https://registry.npmjs.org/@electric-sql/pglite-socket/-/pglite-socket-0.1.3.tgz 0ms (cache hit)
1479 http cache yn@https://registry.npmjs.org/yn/-/yn-3.1.1.tgz 0ms (cache hit)
1480 http cache zeptomatch@https://registry.npmjs.org/zeptomatch/-/zeptomatch-2.1.0.tgz 0ms (cache hit)
1481 http cache xtend@https://registry.npmjs.org/xtend/-/xtend-4.0.2.tgz 0ms (cache hit)
1482 http cache valibot@https://registry.npmjs.org/valibot/-/valibot-1.4.2.tgz 0ms (cache hit)
1483 http cache which@https://registry.npmjs.org/which/-/which-2.0.2.tgz 0ms (cache hit)
1484 http cache v8-compile-cache-lib@https://registry.npmjs.org/v8-compile-cache-lib/-/v8-compile-cache-lib-3.0.1.tgz 0ms (cache hit)
1485 http cache to-regex-range@https://registry.npmjs.org/to-regex-range/-/to-regex-range-5.0.1.tgz 0ms (cache hit)
1486 http cache ts-node@https://registry.npmjs.org/ts-node/-/ts-node-10.9.2.tgz 0ms (cache hit)
1487 http cache tsconfig@https://registry.npmjs.org/tsconfig/-/tsconfig-7.0.0.tgz 0ms (cache hit)
1488 http cache tree-kill@https://registry.npmjs.org/tree-kill/-/tree-kill-1.2.2.tgz 0ms (cache hit)
1489 http cache sqlstring@https://registry.npmjs.org/sqlstring/-/sqlstring-2.3.3.tgz 0ms (cache hit)
1490 http cache strip-json-comments@https://registry.npmjs.org/strip-json-comments/-/strip-json-comments-2.0.1.tgz 0ms (cache hit)
1491 http cache supports-preserve-symlinks-flag@https://registry.npmjs.org/supports-preserve-symlinks-flag/-/supports-preserve-symlinks-flag-1.0.0.tgz 0ms (cache hit)
1492 http cache strip-bom@https://registry.npmjs.org/strip-bom/-/strip-bom-3.0.0.tgz 0ms (cache hit)
1493 http cache source-map@https://registry.npmjs.org/source-map/-/source-map-0.6.1.tgz 0ms (cache hit)
1494 http cache source-map-support@https://registry.npmjs.org/source-map-support/-/source-map-support-0.5.21.tgz 0ms (cache hit)
1495 http cache seq-queue@https://registry.npmjs.org/seq-queue/-/seq-queue-0.0.5.tgz 0ms (cache hit)
1496 http cache signal-exit@https://registry.npmjs.org/signal-exit/-/signal-exit-4.1.0.tgz 0ms (cache hit)
1497 http cache remeda@https://registry.npmjs.org/remeda/-/remeda-2.33.4.tgz 0ms (cache hit)
1498 http cache shebang-regex@https://registry.npmjs.org/shebang-regex/-/shebang-regex-3.0.0.tgz 0ms (cache hit)
1499 http cache shebang-command@https://registry.npmjs.org/shebang-command/-/shebang-command-2.0.0.tgz 0ms (cache hit)
1500 http cache scheduler@https://registry.npmjs.org/scheduler/-/scheduler-0.27.0.tgz 0ms (cache hit)
1501 http cache safe-regex2@https://registry.npmjs.org/safe-regex2/-/safe-regex2-5.1.1.tgz 0ms (cache hit)
1502 http cache robust-predicates@https://registry.npmjs.org/robust-predicates/-/robust-predicates-3.0.3.tgz 0ms (cache hit)
1503 http cache rimraf@https://registry.npmjs.org/rimraf/-/rimraf-2.7.1.tgz 0ms (cache hit)
1504 http cache retry@https://registry.npmjs.org/retry/-/retry-0.12.0.tgz 0ms (cache hit)
1505 http cache require-from-string@https://registry.npmjs.org/require-from-string/-/require-from-string-2.0.2.tgz 0ms (cache hit)
1506 http cache resolve@https://registry.npmjs.org/resolve/-/resolve-1.22.12.tgz 0ms (cache hit)
1507 http cache ret@https://registry.npmjs.org/ret/-/ret-0.5.0.tgz 0ms (cache hit)
1508 http cache readdirp@https://registry.npmjs.org/readdirp/-/readdirp-5.0.0.tgz 0ms (cache hit)
1509 http cache react@https://registry.npmjs.org/react/-/react-19.2.8.tgz 0ms (cache hit)
1510 http cache pure-rand@https://registry.npmjs.org/pure-rand/-/pure-rand-6.1.0.tgz 0ms (cache hit)
1511 http cache rc9@https://registry.npmjs.org/rc9/-/rc9-3.0.1.tgz 0ms (cache hit)
1512 http cache path-parse@https://registry.npmjs.org/path-parse/-/path-parse-1.0.7.tgz 0ms (cache hit)
1513 http cache pkg-types@https://registry.npmjs.org/pkg-types/-/pkg-types-2.3.1.tgz 0ms (cache hit)
1514 http cache postgres@https://registry.npmjs.org/postgres/-/postgres-3.4.7.tgz 0ms (cache hit)
1515 http cache proper-lockfile@https://registry.npmjs.org/proper-lockfile/-/proper-lockfile-4.1.2.tgz 0ms (cache hit)
1516 http cache perfect-debounce@https://registry.npmjs.org/perfect-debounce/-/perfect-debounce-2.1.0.tgz 0ms (cache hit)
1517 http cache picomatch@https://registry.npmjs.org/picomatch/-/picomatch-2.3.2.tgz 0ms (cache hit)
1518 http cache normalize-path@https://registry.npmjs.org/normalize-path/-/normalize-path-3.0.0.tgz 0ms (cache hit)
1519 http cache pathe@https://registry.npmjs.org/pathe/-/pathe-2.0.3.tgz 0ms (cache hit)
1520 http cache path-key@https://registry.npmjs.org/path-key/-/path-key-3.1.1.tgz 0ms (cache hit)
1521 http cache path-is-absolute@https://registry.npmjs.org/path-is-absolute/-/path-is-absolute-1.0.1.tgz 0ms (cache hit)
1522 http cache named-placeholders@https://registry.npmjs.org/named-placeholders/-/named-placeholders-1.1.6.tgz 0ms (cache hit)
1523 http cache mysql2@https://registry.npmjs.org/mysql2/-/mysql2-3.15.3.tgz 0ms (cache hit)
1524 http cache ohash@https://registry.npmjs.org/ohash/-/ohash-2.0.11.tgz 0ms (cache hit)
1525 http cache minimist@https://registry.npmjs.org/minimist/-/minimist-1.2.8.tgz 0ms (cache hit)
1526 http cache make-error@https://registry.npmjs.org/make-error/-/make-error-1.3.6.tgz 0ms (cache hit)
1527 http cache mkdirp@https://registry.npmjs.org/mkdirp/-/mkdirp-1.0.4.tgz 0ms (cache hit)
1528 http cache minimatch@https://registry.npmjs.org/minimatch/-/minimatch-3.1.5.tgz 0ms (cache hit)
1529 http cache lru.min@https://registry.npmjs.org/lru.min/-/lru.min-1.1.4.tgz 0ms (cache hit)
1530 http cache long@https://registry.npmjs.org/long/-/long-5.3.2.tgz 0ms (cache hit)
1531 http cache is-number@https://registry.npmjs.org/is-number/-/is-number-7.0.0.tgz 0ms (cache hit)
1532 http cache json-schema-traverse@https://registry.npmjs.org/json-schema-traverse/-/json-schema-traverse-1.0.0.tgz 0ms (cache hit)
1533 http cache jiti@https://registry.npmjs.org/jiti/-/jiti-2.7.0.tgz 0ms (cache hit)
1534 http cache isexe@https://registry.npmjs.org/isexe/-/isexe-2.0.0.tgz 0ms (cache hit)
1535 http cache is-core-module@https://registry.npmjs.org/is-core-module/-/is-core-module-2.16.2.tgz 0ms (cache hit)
1536 http cache is-property@https://registry.npmjs.org/is-property/-/is-property-1.0.2.tgz 0ms (cache hit)
1537 http cache is-binary-path@https://registry.npmjs.org/is-binary-path/-/is-binary-path-2.1.0.tgz 0ms (cache hit)
1538 http cache is-glob@https://registry.npmjs.org/is-glob/-/is-glob-4.0.3.tgz 0ms (cache hit)
1539 http cache is-extglob@https://registry.npmjs.org/is-extglob/-/is-extglob-2.1.1.tgz 0ms (cache hit)
1540 http cache inflight@https://registry.npmjs.org/inflight/-/inflight-1.0.6.tgz 0ms (cache hit)
1541 http cache internmap@https://registry.npmjs.org/internmap/-/internmap-2.0.3.tgz 0ms (cache hit)
1542 http cache graphmatch@https://registry.npmjs.org/graphmatch/-/graphmatch-1.1.1.tgz 0ms (cache hit)
1543 http cache grammex@https://registry.npmjs.org/grammex/-/grammex-3.1.13.tgz 0ms (cache hit)
1544 http cache graceful-fs@https://registry.npmjs.org/graceful-fs/-/graceful-fs-4.2.11.tgz 0ms (cache hit)
1545 http cache glob-parent@https://registry.npmjs.org/glob-parent/-/glob-parent-5.1.2.tgz 0ms (cache hit)
1546 http cache glob@https://registry.npmjs.org/glob/-/glob-7.2.3.tgz 0ms (cache hit)
1547 http cache get-port-please@https://registry.npmjs.org/get-port-please/-/get-port-please-3.2.0.tgz 0ms (cache hit)
1548 http cache giget@https://registry.npmjs.org/giget/-/giget-3.3.1.tgz 0ms (cache hit)
1549 http cache generate-function@https://registry.npmjs.org/generate-function/-/generate-function-2.3.1.tgz 0ms (cache hit)
1550 http cache fsevents@https://registry.npmjs.org/fsevents/-/fsevents-2.3.3.tgz 0ms (cache hit)
1551 http cache fs.realpath@https://registry.npmjs.org/fs.realpath/-/fs.realpath-1.0.0.tgz 0ms (cache hit)
1552 http cache find-my-way@https://registry.npmjs.org/find-my-way/-/find-my-way-9.7.0.tgz 0ms (cache hit)
1553 http cache foreground-child@https://registry.npmjs.org/foreground-child/-/foreground-child-3.3.1.tgz 0ms (cache hit)
1554 http cache fill-range@https://registry.npmjs.org/fill-range/-/fill-range-7.1.1.tgz 0ms (cache hit)
1555 http cache @jridgewell/trace-mapping@https://registry.npmjs.org/@jridgewell/trace-mapping/-/trace-mapping-0.3.9.tgz 0ms (cache hit)
1556 http cache fast-uri@https://registry.npmjs.org/fast-uri/-/fast-uri-3.1.5.tgz 0ms (cache hit)
1557 http cache fast-decode-uri-component@https://registry.npmjs.org/fast-decode-uri-component/-/fast-decode-uri-component-1.0.1.tgz 0ms (cache hit)
1558 http cache fast-deep-equal@https://registry.npmjs.org/fast-deep-equal/-/fast-deep-equal-3.1.3.tgz 0ms (cache hit)
1559 http cache exsolve@https://registry.npmjs.org/exsolve/-/exsolve-1.1.1.tgz 0ms (cache hit)
1560 http cache env-paths@https://registry.npmjs.org/env-paths/-/env-paths-3.0.0.tgz 0ms (cache hit)
1561 http cache fast-check@https://registry.npmjs.org/fast-check/-/fast-check-3.23.2.tgz 0ms (cache hit)
1562 http cache dynamic-dedupe@https://registry.npmjs.org/dynamic-dedupe/-/dynamic-dedupe-0.3.0.tgz 0ms (cache hit)
1563 http cache empathic@https://registry.npmjs.org/empathic/-/empathic-2.0.0.tgz 0ms (cache hit)
1564 http cache diff@https://registry.npmjs.org/diff/-/diff-4.0.4.tgz 0ms (cache hit)
1565 http cache defu@https://registry.npmjs.org/defu/-/defu-6.1.7.tgz 0ms (cache hit)
1566 http cache delaunator@https://registry.npmjs.org/delaunator/-/delaunator-5.1.0.tgz 0ms (cache hit)
1567 http cache destr@https://registry.npmjs.org/destr/-/destr-2.0.5.tgz 0ms (cache hit)
1568 http cache denque@https://registry.npmjs.org/denque/-/denque-2.1.0.tgz 0ms (cache hit)
1569 http cache deepmerge-ts@https://registry.npmjs.org/deepmerge-ts/-/deepmerge-ts-7.1.5.tgz 0ms (cache hit)
1570 http cache d3-shape@https://registry.npmjs.org/d3-shape/-/d3-shape-3.2.0.tgz 0ms (cache hit)
1571 http cache d3-array@https://registry.npmjs.org/d3-array/-/d3-array-3.2.4.tgz 0ms (cache hit)
1572 http cache d3-delaunay@https://registry.npmjs.org/d3-delaunay/-/d3-delaunay-6.0.2.tgz 0ms (cache hit)
1573 http cache d3-time@https://registry.npmjs.org/d3-time/-/d3-time-3.1.0.tgz 0ms (cache hit)
1574 http cache d3-format@https://registry.npmjs.org/d3-format/-/d3-format-3.1.0.tgz 0ms (cache hit)
1575 http cache d3-time-format@https://registry.npmjs.org/d3-time-format/-/d3-time-format-4.1.0.tgz 0ms (cache hit)
1576 http cache d3-scale@https://registry.npmjs.org/d3-scale/-/d3-scale-4.0.2.tgz 0ms (cache hit)
1577 http cache d3-path@https://registry.npmjs.org/d3-path/-/d3-path-3.1.0.tgz 0ms (cache hit)
1578 http cache d3-interpolate@https://registry.npmjs.org/d3-interpolate/-/d3-interpolate-3.0.1.tgz 0ms (cache hit)
1579 http cache d3-geo@https://registry.npmjs.org/d3-geo/-/d3-geo-3.1.0.tgz 0ms (cache hit)
1580 http cache csstype@https://registry.npmjs.org/csstype/-/csstype-3.2.3.tgz 0ms (cache hit)
1581 http cache d3-color@https://registry.npmjs.org/d3-color/-/d3-color-3.1.0.tgz 0ms (cache hit)
1582 http cache create-require@https://registry.npmjs.org/create-require/-/create-require-1.1.1.tgz 0ms (cache hit)
1583 http cache confbox@https://registry.npmjs.org/confbox/-/confbox-0.2.4.tgz 0ms (cache hit)
1584 http cache cross-spawn@https://registry.npmjs.org/cross-spawn/-/cross-spawn-7.0.6.tgz 0ms (cache hit)
1585 http cache concat-map@https://registry.npmjs.org/concat-map/-/concat-map-0.0.1.tgz 0ms (cache hit)
1586 http cache classnames@https://registry.npmjs.org/classnames/-/classnames-2.5.1.tgz 0ms (cache hit)
1587 http cache c12@https://registry.npmjs.org/c12/-/c12-3.3.4.tgz 0ms (cache hit)
1588 http cache chokidar@https://registry.npmjs.org/chokidar/-/chokidar-5.0.0.tgz 0ms (cache hit)
1589 http cache braces@https://registry.npmjs.org/braces/-/braces-3.0.3.tgz 0ms (cache hit)
1590 http cache brace-expansion@https://registry.npmjs.org/brace-expansion/-/brace-expansion-1.1.18.tgz 0ms (cache hit)
1591 http cache anymatch@https://registry.npmjs.org/anymatch/-/anymatch-3.1.3.tgz 0ms (cache hit)
1592 http cache binary-extensions@https://registry.npmjs.org/binary-extensions/-/binary-extensions-2.3.0.tgz 0ms (cache hit)
1593 http cache better-result@https://registry.npmjs.org/better-result/-/better-result-2.10.0.tgz 0ms (cache hit)
1594 http cache balanced-match@https://registry.npmjs.org/balanced-match/-/balanced-match-1.0.2.tgz 0ms (cache hit)
1595 http cache aws-ssl-profiles@https://registry.npmjs.org/aws-ssl-profiles/-/aws-ssl-profiles-1.1.2.tgz 0ms (cache hit)
1596 http cache ajv@https://registry.npmjs.org/ajv/-/ajv-8.20.0.tgz 0ms (cache hit)
1597 http cache acorn-walk@https://registry.npmjs.org/acorn-walk/-/acorn-walk-8.3.5.tgz 0ms (cache hit)
1598 http cache arg@https://registry.npmjs.org/arg/-/arg-4.1.3.tgz 0ms (cache hit)
1599 http cache acorn@https://registry.npmjs.org/acorn/-/acorn-8.18.0.tgz 0ms (cache hit)
1600 http cache @typescript/typescript-darwin-arm64@https://registry.npmjs.org/@typescript/typescript-darwin-arm64/-/typescript-darwin-arm64-7.0.2.tgz 0ms (cache hit)
1601 http cache @types/qs@https://registry.npmjs.org/@types/qs/-/qs-6.15.1.tgz 0ms (cache hit)
1602 http cache @types/body-parser@https://registry.npmjs.org/@types/body-parser/-/body-parser-1.19.6.tgz 0ms (cache hit)
1603 http cache @types/express@https://registry.npmjs.org/@types/express/-/express-5.0.6.tgz 0ms (cache hit)
1604 http cache @prisma/query-plan-executor@https://registry.npmjs.org/@prisma/query-plan-executor/-/query-plan-executor-7.2.0.tgz 0ms (cache hit)
1605 http cache @prisma/studio-core@https://registry.npmjs.org/@prisma/studio-core/-/studio-core-0.33.0.tgz 0ms (cache hit)
1606 http cache @prisma/dev@https://registry.npmjs.org/@prisma/dev/-/dev-0.24.17.tgz 0ms (cache hit)
1607 http cache @electric-sql/pglite@https://registry.npmjs.org/@electric-sql/pglite/-/pglite-0.4.3.tgz 0ms (cache hit)
1608 http cache ts-node-dev@https://registry.npmjs.org/ts-node-dev/-/ts-node-dev-2.0.0.tgz 0ms (cache hit)
1609 http cache typescript@https://registry.npmjs.org/typescript/-/typescript-7.0.2.tgz 0ms (cache hit)
1610 http cache react-dom@https://registry.npmjs.org/react-dom/-/react-dom-19.2.8.tgz 0ms (cache hit)
1611 http cache std-env@https://registry.npmjs.org/std-env/-/std-env-3.10.0.tgz 0ms (cache hit)
1612 http cache prisma@https://registry.npmjs.org/prisma/-/prisma-7.9.1.tgz 0ms (cache hit)
1613 http cache elkjs@https://registry.npmjs.org/elkjs/-/elkjs-0.11.1.tgz 0ms (cache hit)
1614 http cache d3-array@https://registry.npmjs.org/d3-array/-/d3-array-3.2.1.tgz 0ms (cache hit)
1615 http cache @prisma/debug@https://registry.npmjs.org/@prisma/debug/-/debug-7.2.0.tgz 0ms (cache hit)
1616 http cache @prisma/get-platform@https://registry.npmjs.org/@prisma/get-platform/-/get-platform-7.9.1.tgz 0ms (cache hit)
1617 http cache @prisma/get-platform@https://registry.npmjs.org/@prisma/get-platform/-/get-platform-7.9.1.tgz 0ms (cache hit)
1618 http cache signal-exit@https://registry.npmjs.org/signal-exit/-/signal-exit-3.0.7.tgz 0ms (cache hit)
1619 http cache readdirp@https://registry.npmjs.org/readdirp/-/readdirp-3.6.0.tgz 0ms (cache hit)
1620 http cache chokidar@https://registry.npmjs.org/chokidar/-/chokidar-3.6.0.tgz 0ms (cache hit)
1621 http cache fast-querystring@https://registry.npmjs.org/fast-querystring/-/fast-querystring-1.1.2.tgz 0ms (cache hit)
1622 silly tarball no local data for @typescript/typescript-darwin-arm64@https://registry.npmjs.org/@typescript/typescript-darwin-arm64/-/typescript-darwin-arm64-7.0.2.tgz. Extracting by manifest.
1623 silly tarball no local data for @prisma/studio-core@https://registry.npmjs.org/@prisma/studio-core/-/studio-core-0.33.0.tgz. Extracting by manifest.
1624 silly tarball no local data for @prisma/dev@https://registry.npmjs.org/@prisma/dev/-/dev-0.24.17.tgz. Extracting by manifest.
1625 silly tarball no local data for @electric-sql/pglite@https://registry.npmjs.org/@electric-sql/pglite/-/pglite-0.4.3.tgz. Extracting by manifest.
1626 silly tarball no local data for prisma@https://registry.npmjs.org/prisma/-/prisma-7.9.1.tgz. Extracting by manifest.
1627 silly tarball no local data for elkjs@https://registry.npmjs.org/elkjs/-/elkjs-0.11.1.tgz. Extracting by manifest.
1628 warn deprecated inflight@1.0.6: This module is not supported, and leaks memory. Do not use it. Check out lru-cache if you want a good and tested way to coalesce async requests by a key value, which is much more comprehensive and powerful.
1629 warn deprecated rimraf@2.7.1: Rimraf versions prior to v4 are no longer supported
1630 warn deprecated glob@7.2.3: Old versions of glob are not supported, and contain widely publicized security vulnerabilities, which have been fixed in the current version. Please update. Support for old versions may be purchased (at exorbitant rates) by contacting i@izs.me
1631 http fetch POST 200 https://registry.npmjs.org/-/npm/v1/security/advisories/bulk 786ms
1632 silly audit report {}
1633 http fetch GET 200 https://registry.npmjs.org/elkjs/-/elkjs-0.11.1.tgz 12648ms (cache miss)
1634 http fetch GET 200 https://registry.npmjs.org/@electric-sql/pglite/-/pglite-0.4.3.tgz 26473ms (cache miss)
1635 http fetch GET 200 https://registry.npmjs.org/@prisma/dev/-/dev-0.24.17.tgz 27354ms (cache miss)
1636 http fetch GET 200 https://registry.npmjs.org/@typescript/typescript-darwin-arm64/-/typescript-darwin-arm64-7.0.2.tgz 27429ms (cache miss)
1637 http fetch GET 200 https://registry.npmjs.org/@prisma/studio-core/-/studio-core-0.33.0.tgz 27799ms (cache miss)
1638 http fetch GET 200 https://registry.npmjs.org/prisma/-/prisma-7.9.1.tgz 29624ms (cache miss)
1639 verbose stack Error: ENOTEMPTY: directory not empty, rmdir '/Users/mushfiq/Desktop/football-auction2/football-auction-backend/node_modules/effect/dist/cjs/internal'
1640 error code ENOTEMPTY
1641 error syscall rmdir
1642 error path /Users/mushfiq/Desktop/football-auction2/football-auction-backend/node_modules/effect/dist/cjs/internal
1643 error errno -66
1644 error ENOTEMPTY: directory not empty, rmdir '/Users/mushfiq/Desktop/football-auction2/football-auction-backend/node_modules/effect/dist/cjs/internal'
1645 silly unfinished npm timer reify 1785863003561
1646 silly unfinished npm timer reify:unpack 1785863006102
1647 silly unfinished npm timer reifyNode:node_modules/effect 1785863006102
1648 verbose cwd /Users/mushfiq/Desktop/football-auction2/football-auction-backend
1649 verbose os Darwin 24.1.0
1650 verbose node v24.18.0
1651 verbose npm  v11.16.0
1652 verbose exit -66
1653 verbose code -66
1654 error A complete log of this run can be found in: /Users/mushfiq/Desktop/football-auction2/.npm-cache/_logs/2026-08-04T17_03_23_178Z-debug-0.log
